{
  "image": {
    "path": "N63E016_1335.png",
    "size": {
      "height": 512,
      "width": 512
    }
  },
  "labels": [
    {
      "elevation": 200,
      "elevation_bbox_pixels": [
        283.57428324368306,
        404.3679445314827,
        31.07532664329767,
        19.079951049079995
      ],
      "contour_line_pixels": [
        [
          0,
          419
        ],
        [
          28,
          408
        ],
        [
          82,
          408
        ],
        [
          136,
          412
        ],
        [
          189,
          412
        ],
        [
          243,
          408
        ],
        [
          297,
          405
        ],
        [
          351,
          406
        ],
        [
          405,
          412
        ],
        [
          459,
          428
        ],
        [
          512,
          428
        ]
      ]
    },
    {
      "elevation": 225,
      "elevation_bbox_pixels": [
        220.8093421817317,
        456.2368466675619,
        24.126275018294848,
        15.355884528092588
      ],
      "contour_line_pixels": [
        [
          0,
          457
        ],
        [
          28,
          456
        ],
        [
          82,
          459
        ],
        [
          136,
          461
        ],
        [
          153,
          463
        ],
        [
          189,
          465
        ],
        [
          243,
          471
        ],
        [
          297,
          482
        ],
        [
          331,
          496
        ],
        [
          351,
          501
        ],
        [
          382,
          512
        ]
      ]
    }
  ]
}