{
  "image": {
    "path": "N63E016_1482.png",
    "size": {
      "height": 512,
      "width": 512
    }
  },
  "labels": [
    {
      "elevation": 275,
      "elevation_bbox_pixels": [
        267.06488981887145,
        -7.246741311448318,
        38.1183886625123,
        22.145881029424515
      ],
      "contour_line_pixels": [
        [
          512,
          5
        ],
        [
          457,
          2
        ],
        [
          394,
          0
        ]
      ]
    },
    {
      "elevation": 300,
      "elevation_bbox_pixels": [
        216.4216038168131,
        434.85334821456735,
        31.654536217879013,
        17.99011498053244
      ],
      "contour_line_pixels": []
    },
    {
      "elevation": 275,
      "elevation_bbox_pixels": [
        237.5224992169322,
        325.04587462806103,
        38.47715613942853,
        21.165224043075852
      ],
      "contour_line_pixels": []
    },
    {
      "elevation": 250,
      "elevation_bbox_pixels": [
        243.79898200106427,
        167.26861132462454,
        34.66304796507407,
        24.149173460622478
      ],
      "contour_line_pixels": [
        [
          512,
          45
        ],
        [
          457,
          40
        ],
        [
          363,
          43
        ],
        [
          270,
          53
        ],
        [
          269,
          53
        ],
        [
          215,
          81
        ],
        [
          222,
          109
        ],
        [
          269,
          136
        ],
        [
          270,
          136
        ],
        [
          270,
          164
        ],
        [
          316,
          192
        ],
        [
          363,
          201
        ],
        [
          457,
          214
        ],
        [
          512,
          217
        ]
      ]
    }
  ]
}