{
  "image": {
    "path": "N63E016_0744.png",
    "size": {
      "height": 512,
      "width": 512
    }
  },
  "labels": [
    {
      "elevation": 275,
      "elevation_bbox_pixels": [
        400.7260099633221,
        19.928071589140757,
        59.2221496724344,
        31.96628594039646
      ],
      "contour_line_pixels": []
    },
    {
      "elevation": 250,
      "elevation_bbox_pixels": [
        466.58540466510084,
        1.243613764559484,
        37.52726322294495,
        22.793277023528503
      ],
      "contour_line_pixels": [
        [
          478,
          0
        ],
        [
          502,
          19
        ],
        [
          512,
          34
        ]
      ]
    }
  ]
}