{
  "image": {
    "path": "N63E016_0142.png",
    "size": {
      "height": 512,
      "width": 512
    }
  },
  "labels": [
    {
      "elevation": 275,
      "elevation_bbox_pixels": [
        210.93793967821043,
        362.58570858135465,
        25.053202375287867,
        15.06642094421909
      ],
      "contour_line_pixels": []
    },
    {
      "elevation": 300,
      "elevation_bbox_pixels": [
        243.2646486953153,
        382.7398050527442,
        45.52171643942913,
        29.385060638211726
      ],
      "contour_line_pixels": [
        [
          299,
          397
        ],
        [
          299,
          397
        ],
        [
          299,
          397
        ],
        [
          341,
          397
        ],
        [
          342,
          397
        ],
        [
          341,
          397
        ],
        [
          299,
          397
        ]
      ]
    },
    {
      "elevation": 225,
      "elevation_bbox_pixels": [
        232.6291700681883,
        119.41977716445706,
        58.60966686200547,
        32.94396350721331
      ],
      "contour_line_pixels": [
        [
          0,
          128
        ],
        [
          5,
          128
        ],
        [
          47,
          125
        ],
        [
          89,
          125
        ],
        [
          131,
          125
        ],
        [
          173,
          125
        ],
        [
          215,
          127
        ],
        [
          257,
          130
        ],
        [
          278,
          132
        ],
        [
          299,
          136
        ],
        [
          341,
          136
        ],
        [
          382,
          132
        ],
        [
          383,
          132
        ],
        [
          426,
          124
        ],
        [
          447,
          120
        ],
        [
          468,
          116
        ],
        [
          510,
          114
        ],
        [
          512,
          114
        ]
      ]
    },
    {
      "elevation": 250,
      "elevation_bbox_pixels": [
        241.75793602020696,
        281.6901729028016,
        49.23320357009686,
        25.663562888923025
      ],
      "contour_line_pixels": [
        [
          0,
          198
        ],
        [
          5,
          199
        ],
        [
          28,
          204
        ],
        [
          47,
          210
        ],
        [
          70,
          216
        ],
        [
          79,
          228
        ],
        [
          82,
          240
        ],
        [
          89,
          247
        ],
        [
          98,
          253
        ],
        [
          131,
          265
        ],
        [
          131,
          265
        ],
        [
          173,
          277
        ],
        [
          174,
          277
        ],
        [
          215,
          280
        ],
        [
          257,
          284
        ],
        [
          299,
          289
        ],
        [
          300,
          289
        ],
        [
          341,
          295
        ],
        [
          362,
          301
        ],
        [
          383,
          310
        ],
        [
          389,
          313
        ],
        [
          383,
          317
        ],
        [
          371,
          325
        ],
        [
          367,
          337
        ],
        [
          383,
          342
        ],
        [
          426,
          349
        ],
        [
          426,
          349
        ],
        [
          468,
          351
        ],
        [
          510,
          354
        ],
        [
          512,
          354
        ]
      ]
    },
    {
      "elevation": 300,
      "elevation_bbox_pixels": [
        201.98085296362405,
        489.8819968638355,
        45.499157236563065,
        26.1812534284088
      ],
      "contour_line_pixels": [
        [
          0,
          502
        ],
        [
          5,
          502
        ],
        [
          47,
          506
        ],
        [
          48,
          506
        ],
        [
          48,
          512
        ]
      ]
    }
  ]
}