{
  "image": {
    "path": "N63E016_1477.png",
    "size": {
      "height": 512,
      "width": 512
    }
  },
  "labels": [
    {
      "elevation": 275,
      "elevation_bbox_pixels": [
        244.98677468839992,
        119.53431929138702,
        41.6643499621664,
        26.047595223351777
      ],
      "contour_line_pixels": []
    },
    {
      "elevation": 300,
      "elevation_bbox_pixels": [
        179.7240150336723,
        369.3347049733483,
        63.33210462043769,
        38.28549487686735
      ],
      "contour_line_pixels": [
        [
          181,
          407
        ],
        [
          180,
          407
        ],
        [
          153,
          378
        ],
        [
          153,
          378
        ],
        [
          153,
          378
        ],
        [
          153,
          378
        ],
        [
          181,
          407
        ],
        [
          181,
          407
        ],
        [
          181,
          407
        ]
      ]
    },
    {
      "elevation": 275,
      "elevation_bbox_pixels": [
        319.8993237510757,
        330.6938457363211,
        30.630114142021057,
        17.17796287593984
      ],
      "contour_line_pixels": [
        [
          92,
          378
        ],
        [
          98,
          361
        ],
        [
          112,
          348
        ],
        [
          126,
          343
        ],
        [
          153,
          341
        ],
        [
          181,
          342
        ],
        [
          199,
          348
        ],
        [
          208,
          352
        ],
        [
          236,
          364
        ],
        [
          264,
          371
        ],
        [
          291,
          374
        ],
        [
          319,
          375
        ],
        [
          346,
          369
        ],
        [
          374,
          361
        ],
        [
          388,
          348
        ],
        [
          402,
          342
        ],
        [
          429,
          338
        ],
        [
          457,
          339
        ],
        [
          475,
          348
        ],
        [
          484,
          377
        ],
        [
          485,
          378
        ],
        [
          484,
          378
        ],
        [
          480,
          407
        ],
        [
          465,
          437
        ],
        [
          457,
          452
        ],
        [
          448,
          467
        ],
        [
          429,
          479
        ],
        [
          402,
          482
        ],
        [
          374,
          478
        ],
        [
          346,
          474
        ],
        [
          319,
          474
        ],
        [
          291,
          473
        ],
        [
          264,
          469
        ],
        [
          253,
          467
        ],
        [
          236,
          458
        ],
        [
          208,
          452
        ],
        [
          181,
          445
        ],
        [
          153,
          439
        ],
        [
          150,
          437
        ],
        [
          126,
          422
        ],
        [
          103,
          407
        ],
        [
          98,
          395
        ],
        [
          92,
          378
        ]
      ]
    },
    {
      "elevation": 250,
      "elevation_bbox_pixels": [
        132.48195646332522,
        342.1682395564238,
        44.444153442477045,
        20.433316359886078
      ],
      "contour_line_pixels": []
    },
    {
      "elevation": 225,
      "elevation_bbox_pixels": [
        121.3055047399708,
        245.49456765115463,
        49.347779405909804,
        27.138914176556938
      ],
      "contour_line_pixels": []
    }
  ]
}