{
  "image": {
    "path": "N63E016_0848.png",
    "size": {
      "height": 512,
      "width": 512
    }
  },
  "labels": [
    {
      "elevation": 300,
      "elevation_bbox_pixels": [
        262.0554087735022,
        214.74614758939845,
        41.158135732529445,
        24.271456382490896
      ],
      "contour_line_pixels": [
        [
          134,
          0
        ],
        [
          151,
          4
        ],
        [
          151,
          4
        ],
        [
          177,
          18
        ],
        [
          202,
          25
        ],
        [
          203,
          25
        ],
        [
          228,
          39
        ],
        [
          241,
          47
        ],
        [
          253,
          57
        ],
        [
          266,
          68
        ],
        [
          279,
          75
        ],
        [
          296,
          89
        ],
        [
          305,
          93
        ],
        [
          330,
          101
        ],
        [
          356,
          108
        ],
        [
          364,
          110
        ],
        [
          381,
          121
        ],
        [
          407,
          127
        ],
        [
          420,
          131
        ],
        [
          433,
          152
        ],
        [
          458,
          153
        ],
        [
          458,
          153
        ],
        [
          458,
          174
        ],
        [
          484,
          195
        ],
        [
          484,
          195
        ],
        [
          509,
          216
        ],
        [
          510,
          216
        ],
        [
          509,
          217
        ],
        [
          484,
          217
        ],
        [
          458,
          217
        ],
        [
          433,
          217
        ],
        [
          407,
          217
        ],
        [
          381,
          227
        ],
        [
          356,
          227
        ],
        [
          330,
          227
        ],
        [
          305,
          227
        ],
        [
          279,
          227
        ],
        [
          253,
          227
        ],
        [
          228,
          227
        ],
        [
          202,
          227
        ],
        [
          177,
          217
        ],
        [
          151,
          217
        ],
        [
          125,
          216
        ],
        [
          125,
          216
        ],
        [
          100,
          196
        ],
        [
          74,
          196
        ],
        [
          49,
          196
        ],
        [
          24,
          216
        ],
        [
          23,
          217
        ],
        [
          0,
          236
        ]
      ]
    },
    {
      "elevation": 325,
      "elevation_bbox_pixels": [
        166.52262986382578,
        382.90098077582746,
        47.1798117699592,
        28.648107608080082
      ],
      "contour_line_pixels": [
        [
          125,
          386
        ],
        [
          100,
          397
        ],
        [
          74,
          397
        ],
        [
          49,
          394
        ],
        [
          23,
          386
        ],
        [
          23,
          386
        ],
        [
          23,
          365
        ],
        [
          23,
          365
        ],
        [
          49,
          362
        ],
        [
          74,
          362
        ],
        [
          100,
          365
        ],
        [
          100,
          365
        ],
        [
          125,
          386
        ],
        [
          126,
          386
        ],
        [
          125,
          386
        ]
      ]
    },
    {
      "elevation": 325,
      "elevation_bbox_pixels": [
        306.28751219927835,
        459.9421441799697,
        42.94017535792591,
        20.68082327251939
      ],
      "contour_line_pixels": [
        [
          443,
          512
        ],
        [
          433,
          505
        ],
        [
          420,
          492
        ],
        [
          433,
          479
        ],
        [
          448,
          471
        ],
        [
          458,
          468
        ],
        [
          484,
          466
        ],
        [
          509,
          464
        ],
        [
          512,
          463
        ]
      ]
    },
    {
      "elevation": 300,
      "elevation_bbox_pixels": [
        221.62004151554396,
        352.6750109125981,
        30.224755836686313,
        14.488333193561061
      ],
      "contour_line_pixels": [
        [
          0,
          336
        ],
        [
          23,
          335
        ],
        [
          49,
          336
        ],
        [
          74,
          337
        ],
        [
          100,
          338
        ],
        [
          125,
          339
        ],
        [
          151,
          344
        ],
        [
          151,
          344
        ],
        [
          177,
          354
        ],
        [
          202,
          359
        ],
        [
          221,
          365
        ],
        [
          228,
          367
        ],
        [
          253,
          380
        ],
        [
          279,
          386
        ],
        [
          279,
          386
        ],
        [
          294,
          407
        ],
        [
          305,
          421
        ],
        [
          313,
          428
        ],
        [
          317,
          450
        ],
        [
          330,
          455
        ],
        [
          356,
          453
        ],
        [
          369,
          450
        ],
        [
          381,
          445
        ],
        [
          407,
          436
        ],
        [
          433,
          431
        ],
        [
          441,
          428
        ],
        [
          458,
          418
        ],
        [
          475,
          407
        ],
        [
          484,
          405
        ],
        [
          509,
          396
        ],
        [
          512,
          396
        ]
      ]
    }
  ]
}