{
  "image": {
    "path": "N63E016_0022.png",
    "size": {
      "height": 512,
      "width": 512
    }
  },
  "labels": [
    {
      "elevation": 350,
      "elevation_bbox_pixels": [
        71.90548804103348,
        500.78452821934206,
        31.60501634368771,
        17.892541296378056
      ],
      "contour_line_pixels": [
        [
          56,
          512
        ],
        [
          63,
          509
        ],
        [
          81,
          512
        ]
      ]
    },
    {
      "elevation": 325,
      "elevation_bbox_pixels": [
        120.69669768878293,
        465.701926776463,
        42.23082604886895,
        22.941831692543186
      ],
      "contour_line_pixels": [
        [
          0,
          471
        ],
        [
          28,
          466
        ],
        [
          63,
          463
        ],
        [
          99,
          468
        ],
        [
          135,
          480
        ],
        [
          171,
          498
        ],
        [
          207,
          509
        ],
        [
          211,
          512
        ]
      ]
    }
  ]
}