{
  "image": {
    "path": "N63E016_0337.png",
    "size": {
      "height": 512,
      "width": 512
    }
  },
  "labels": [
    {
      "elevation": 550,
      "elevation_bbox_pixels": [
        258.48008738347113,
        79.42338495507443,
        49.53643994438778,
        26.704359468928033
      ],
      "contour_line_pixels": []
    },
    {
      "elevation": 525,
      "elevation_bbox_pixels": [
        243.7208599871994,
        46.245933617601,
        49.44858927863936,
        26.616697584240114
      ],
      "contour_line_pixels": [
        [
          512,
          120
        ],
        [
          486,
          121
        ],
        [
          460,
          121
        ],
        [
          433,
          120
        ],
        [
          407,
          120
        ],
        [
          380,
          115
        ],
        [
          376,
          113
        ],
        [
          354,
          105
        ],
        [
          350,
          104
        ],
        [
          334,
          95
        ],
        [
          328,
          93
        ],
        [
          307,
          86
        ],
        [
          304,
          76
        ],
        [
          328,
          69
        ],
        [
          333,
          67
        ],
        [
          336,
          58
        ],
        [
          354,
          52
        ],
        [
          363,
          49
        ],
        [
          380,
          44
        ],
        [
          407,
          42
        ],
        [
          433,
          42
        ],
        [
          460,
          43
        ],
        [
          486,
          46
        ],
        [
          501,
          49
        ],
        [
          512,
          50
        ]
      ]
    },
    {
      "elevation": 450,
      "elevation_bbox_pixels": [
        211.40394459300308,
        196.3714374374735,
        42.91348259309575,
        22.019586161263874
      ],
      "contour_line_pixels": [
        [
          512,
          247
        ],
        [
          486,
          242
        ],
        [
          486,
          242
        ],
        [
          460,
          239
        ],
        [
          433,
          233
        ],
        [
          433,
          233
        ],
        [
          407,
          228
        ],
        [
          380,
          224
        ],
        [
          380,
          224
        ],
        [
          354,
          218
        ],
        [
          341,
          215
        ],
        [
          328,
          212
        ],
        [
          301,
          208
        ],
        [
          292,
          205
        ],
        [
          275,
          202
        ],
        [
          248,
          199
        ],
        [
          231,
          196
        ],
        [
          222,
          195
        ],
        [
          195,
          193
        ],
        [
          169,
          190
        ],
        [
          158,
          187
        ],
        [
          142,
          184
        ],
        [
          116,
          183
        ],
        [
          90,
          183
        ],
        [
          63,
          185
        ],
        [
          54,
          187
        ],
        [
          54,
          196
        ],
        [
          63,
          199
        ],
        [
          90,
          203
        ],
        [
          98,
          205
        ],
        [
          116,
          209
        ],
        [
          142,
          215
        ],
        [
          143,
          215
        ],
        [
          160,
          224
        ],
        [
          156,
          233
        ],
        [
          156,
          242
        ],
        [
          153,
          252
        ],
        [
          160,
          261
        ],
        [
          169,
          265
        ],
        [
          178,
          270
        ],
        [
          195,
          279
        ],
        [
          196,
          279
        ],
        [
          222,
          284
        ],
        [
          248,
          288
        ],
        [
          249,
          288
        ],
        [
          275,
          293
        ],
        [
          301,
          297
        ],
        [
          302,
          298
        ],
        [
          328,
          307
        ],
        [
          354,
          307
        ],
        [
          380,
          302
        ],
        [
          407,
          302
        ],
        [
          433,
          302
        ],
        [
          460,
          302
        ],
        [
          486,
          302
        ],
        [
          512,
          298
        ]
      ]
    },
    {
      "elevation": 475,
      "elevation_bbox_pixels": [
        261.94748545306896,
        347.2203849338049,
        58.68735742190995,
        35.9117205041818
      ],
      "contour_line_pixels": [
        [
          512,
          368
        ],
        [
          486,
          366
        ],
        [
          467,
          362
        ],
        [
          486,
          359
        ],
        [
          512,
          359
        ]
      ]
    },
    {
      "elevation": 475,
      "elevation_bbox_pixels": [
        266.9616094486574,
        422.14851993201654,
        44.75664028827657,
        23.817160278411933
      ],
      "contour_line_pixels": [
        [
          512,
          446
        ],
        [
          502,
          445
        ],
        [
          486,
          442
        ],
        [
          464,
          436
        ],
        [
          486,
          428
        ],
        [
          512,
          428
        ]
      ]
    },
    {
      "elevation": 475,
      "elevation_bbox_pixels": [
        225.46115409080568,
        126.08390840932117,
        37.81711793100601,
        23.5266058245237
      ],
      "contour_line_pixels": []
    },
    {
      "elevation": 475,
      "elevation_bbox_pixels": [
        220.89951721913553,
        476.0460179471874,
        40.15954994031881,
        20.82688345541291
      ],
      "contour_line_pixels": [
        [
          0,
          480
        ],
        [
          10,
          481
        ],
        [
          37,
          482
        ],
        [
          63,
          482
        ],
        [
          90,
          482
        ],
        [
          90,
          482
        ],
        [
          116,
          483
        ],
        [
          142,
          484
        ],
        [
          169,
          488
        ],
        [
          195,
          491
        ],
        [
          195,
          491
        ],
        [
          222,
          499
        ],
        [
          231,
          500
        ],
        [
          248,
          510
        ],
        [
          249,
          510
        ],
        [
          251,
          512
        ]
      ]
    }
  ]
}