{
  "image": {
    "path": "N63E016_0796.png",
    "size": {
      "height": 512,
      "width": 512
    }
  },
  "labels": [
    {
      "elevation": 300,
      "elevation_bbox_pixels": [
        336.71533214729095,
        169.65303591896912,
        30.43960646882556,
        19.134939115454586
      ],
      "contour_line_pixels": [
        [
          419,
          210
        ],
        [
          419,
          210
        ],
        [
          419,
          210
        ],
        [
          408,
          194
        ],
        [
          396,
          193
        ],
        [
          385,
          193
        ],
        [
          374,
          193
        ],
        [
          374,
          193
        ],
        [
          374,
          193
        ],
        [
          385,
          176
        ],
        [
          385,
          176
        ],
        [
          396,
          176
        ],
        [
          397,
          176
        ],
        [
          408,
          193
        ],
        [
          419,
          193
        ],
        [
          430,
          193
        ],
        [
          430,
          193
        ],
        [
          430,
          194
        ],
        [
          419,
          210
        ]
      ]
    },
    {
      "elevation": 300,
      "elevation_bbox_pixels": [
        147.22423497152727,
        127.0945458031564,
        54.915191766419866,
        33.04765057818463
      ],
      "contour_line_pixels": [
        [
          160,
          195
        ],
        [
          157,
          193
        ],
        [
          148,
          182
        ],
        [
          137,
          178
        ],
        [
          126,
          177
        ],
        [
          122,
          176
        ],
        [
          114,
          168
        ],
        [
          103,
          164
        ],
        [
          92,
          161
        ],
        [
          91,
          159
        ],
        [
          92,
          156
        ],
        [
          103,
          151
        ],
        [
          114,
          148
        ],
        [
          126,
          151
        ],
        [
          137,
          142
        ],
        [
          137,
          142
        ],
        [
          148,
          125
        ],
        [
          143,
          109
        ],
        [
          148,
          107
        ],
        [
          160,
          109
        ],
        [
          160,
          109
        ],
        [
          171,
          125
        ],
        [
          182,
          123
        ],
        [
          193,
          125
        ],
        [
          193,
          125
        ],
        [
          193,
          142
        ],
        [
          193,
          143
        ],
        [
          182,
          159
        ],
        [
          193,
          176
        ],
        [
          205,
          176
        ],
        [
          205,
          176
        ],
        [
          216,
          193
        ],
        [
          227,
          193
        ],
        [
          238,
          193
        ],
        [
          239,
          193
        ],
        [
          250,
          202
        ],
        [
          261,
          205
        ],
        [
          272,
          205
        ],
        [
          284,
          210
        ],
        [
          284,
          210
        ],
        [
          284,
          211
        ],
        [
          273,
          227
        ],
        [
          272,
          227
        ],
        [
          261,
          227
        ],
        [
          250,
          227
        ],
        [
          250,
          227
        ],
        [
          238,
          216
        ],
        [
          227,
          214
        ],
        [
          216,
          214
        ],
        [
          205,
          214
        ],
        [
          193,
          215
        ],
        [
          182,
          214
        ],
        [
          174,
          210
        ],
        [
          171,
          206
        ],
        [
          160,
          195
        ]
      ]
    },
    {
      "elevation": 275,
      "elevation_bbox_pixels": [
        206.62999448443665,
        246.70793008572292,
        33.3924630443492,
        17.34526480965576
      ],
      "contour_line_pixels": []
    },
    {
      "elevation": 250,
      "elevation_bbox_pixels": [
        61.83261810457827,
        253.46645641038452,
        45.65082602332291,
        21.216489902412945
      ],
      "contour_line_pixels": []
    },
    {
      "elevation": 150,
      "elevation_bbox_pixels": [
        396.9897254907894,
        9.63451061480447,
        42.94425494563393,
        26.085172956087604
      ],
      "contour_line_pixels": [
        [
          487,
          0
        ],
        [
          490,
          7
        ],
        [
          498,
          24
        ],
        [
          498,
          24
        ],
        [
          509,
          41
        ],
        [
          509,
          41
        ],
        [
          512,
          44
        ]
      ]
    },
    {
      "elevation": 175,
      "elevation_bbox_pixels": [
        372.4240470460794,
        72.20200320074952,
        39.36976268002695,
        23.311020439534218
      ],
      "contour_line_pixels": [
        [
          406,
          0
        ],
        [
          408,
          4
        ],
        [
          409,
          7
        ],
        [
          413,
          24
        ],
        [
          419,
          35
        ],
        [
          421,
          41
        ],
        [
          430,
          58
        ],
        [
          430,
          58
        ],
        [
          441,
          72
        ],
        [
          444,
          75
        ],
        [
          453,
          81
        ],
        [
          464,
          86
        ],
        [
          475,
          92
        ],
        [
          475,
          92
        ],
        [
          487,
          100
        ],
        [
          498,
          104
        ],
        [
          509,
          107
        ],
        [
          511,
          109
        ],
        [
          512,
          109
        ]
      ]
    },
    {
      "elevation": 225,
      "elevation_bbox_pixels": [
        227.79861308282466,
        344.4228618568043,
        53.97529202832857,
        29.278140873787834
      ],
      "contour_line_pixels": []
    }
  ]
}