{
  "image": {
    "path": "N63E016_0962.png",
    "size": {
      "height": 512,
      "width": 512
    }
  },
  "labels": [
    {
      "elevation": 375,
      "elevation_bbox_pixels": [
        243.98519057792532,
        15.199943816093082,
        37.328271057332586,
        23.709147878383646
      ],
      "contour_line_pixels": [
        [
          512,
          33
        ],
        [
          494,
          34
        ],
        [
          445,
          34
        ],
        [
          396,
          33
        ],
        [
          346,
          31
        ],
        [
          297,
          28
        ],
        [
          248,
          24
        ],
        [
          198,
          21
        ],
        [
          187,
          18
        ],
        [
          149,
          3
        ],
        [
          133,
          0
        ]
      ]
    },
    {
      "elevation": 325,
      "elevation_bbox_pixels": [
        231.5944195902876,
        131.53036028158152,
        27.436471449089254,
        15.034876081398693
      ],
      "contour_line_pixels": [
        [
          512,
          135
        ],
        [
          494,
          136
        ],
        [
          445,
          139
        ],
        [
          396,
          141
        ],
        [
          346,
          142
        ],
        [
          297,
          141
        ],
        [
          248,
          140
        ],
        [
          198,
          139
        ],
        [
          170,
          134
        ],
        [
          149,
          129
        ],
        [
          100,
          114
        ],
        [
          92,
          111
        ],
        [
          94,
          87
        ],
        [
          94,
          64
        ],
        [
          51,
          45
        ],
        [
          42,
          41
        ],
        [
          1,
          23
        ],
        [
          0,
          22
        ]
      ]
    },
    {
      "elevation": 300,
      "elevation_bbox_pixels": [
        178.21758873488136,
        98.27947823082866,
        55.66074471569459,
        26.88463934494507
      ],
      "contour_line_pixels": []
    },
    {
      "elevation": 400,
      "elevation_bbox_pixels": [
        176.9628464531476,
        335.98397424973496,
        51.40431695188698,
        27.365848613103026
      ],
      "contour_line_pixels": [
        [
          0,
          342
        ],
        [
          1,
          342
        ],
        [
          1,
          342
        ],
        [
          1,
          366
        ],
        [
          1,
          366
        ],
        [
          0,
          367
        ]
      ]
    },
    {
      "elevation": 375,
      "elevation_bbox_pixels": [
        206.71677005492023,
        310.1599368219643,
        34.68355443095345,
        16.318276442697766
      ],
      "contour_line_pixels": [
        [
          0,
          309
        ],
        [
          1,
          309
        ],
        [
          51,
          312
        ],
        [
          100,
          317
        ],
        [
          106,
          319
        ],
        [
          121,
          342
        ],
        [
          120,
          366
        ],
        [
          113,
          389
        ],
        [
          100,
          395
        ],
        [
          63,
          412
        ],
        [
          51,
          417
        ],
        [
          8,
          435
        ],
        [
          1,
          442
        ],
        [
          0,
          443
        ]
      ]
    },
    {
      "elevation": 350,
      "elevation_bbox_pixels": [
        202.28859030671126,
        427.84113529076575,
        52.99506947321703,
        32.46848462133186
      ],
      "contour_line_pixels": [
        [
          0,
          286
        ],
        [
          1,
          286
        ],
        [
          51,
          285
        ],
        [
          100,
          291
        ],
        [
          127,
          296
        ],
        [
          149,
          303
        ],
        [
          186,
          319
        ],
        [
          198,
          342
        ],
        [
          199,
          342
        ],
        [
          209,
          366
        ],
        [
          217,
          389
        ],
        [
          199,
          412
        ],
        [
          198,
          412
        ],
        [
          149,
          431
        ],
        [
          139,
          435
        ],
        [
          105,
          458
        ],
        [
          149,
          479
        ],
        [
          154,
          482
        ],
        [
          175,
          505
        ],
        [
          168,
          512
        ]
      ]
    },
    {
      "elevation": 300,
      "elevation_bbox_pixels": [
        270.8249991605308,
        312.90051166566036,
        46.30811385824006,
        30.03548602448882
      ],
      "contour_line_pixels": [
        [
          0,
          229
        ],
        [
          1,
          229
        ],
        [
          51,
          231
        ],
        [
          100,
          232
        ],
        [
          149,
          234
        ],
        [
          198,
          240
        ],
        [
          235,
          250
        ],
        [
          248,
          252
        ],
        [
          297,
          260
        ],
        [
          330,
          273
        ],
        [
          346,
          277
        ],
        [
          391,
          296
        ],
        [
          396,
          298
        ],
        [
          437,
          319
        ],
        [
          438,
          342
        ],
        [
          445,
          346
        ],
        [
          487,
          366
        ],
        [
          489,
          389
        ],
        [
          487,
          412
        ],
        [
          494,
          435
        ],
        [
          495,
          435
        ],
        [
          512,
          443
        ]
      ]
    }
  ]
}