{
  "image": {
    "path": "N63E016_1373.png",
    "size": {
      "height": 512,
      "width": 512
    }
  },
  "labels": [
    {
      "elevation": 300,
      "elevation_bbox_pixels": [
        96.25038598279914,
        19.177390365824408,
        44.37232340109807,
        25.61993092957823
      ],
      "contour_line_pixels": [
        [
          93,
          0
        ],
        [
          92,
          4
        ],
        [
          75,
          18
        ],
        [
          58,
          21
        ],
        [
          75,
          48
        ],
        [
          75,
          49
        ],
        [
          92,
          76
        ],
        [
          92,
          77
        ],
        [
          92,
          77
        ],
        [
          75,
          81
        ],
        [
          57,
          80
        ],
        [
          40,
          77
        ],
        [
          40,
          77
        ],
        [
          40,
          49
        ],
        [
          40,
          21
        ],
        [
          23,
          19
        ],
        [
          5,
          19
        ],
        [
          0,
          18
        ]
      ]
    },
    {
      "elevation": 275,
      "elevation_bbox_pixels": [
        51.05832887768862,
        405.67840941167475,
        56.104000392097504,
        31.78738788774163
      ],
      "contour_line_pixels": []
    },
    {
      "elevation": 250,
      "elevation_bbox_pixels": [
        95.81912070418184,
        192.3675846066787,
        38.48543053652975,
        24.289931505826303
      ],
      "contour_line_pixels": [
        [
          225,
          0
        ],
        [
          230,
          5
        ],
        [
          247,
          18
        ],
        [
          250,
          21
        ],
        [
          265,
          45
        ],
        [
          267,
          49
        ],
        [
          270,
          77
        ],
        [
          275,
          105
        ],
        [
          282,
          124
        ],
        [
          285,
          133
        ],
        [
          295,
          161
        ],
        [
          288,
          189
        ],
        [
          282,
          194
        ],
        [
          265,
          206
        ],
        [
          247,
          209
        ],
        [
          230,
          209
        ],
        [
          213,
          209
        ],
        [
          195,
          209
        ],
        [
          178,
          209
        ],
        [
          161,
          209
        ],
        [
          144,
          209
        ],
        [
          126,
          209
        ],
        [
          109,
          209
        ],
        [
          92,
          207
        ],
        [
          75,
          205
        ],
        [
          57,
          205
        ],
        [
          40,
          212
        ],
        [
          36,
          217
        ],
        [
          32,
          245
        ],
        [
          40,
          261
        ],
        [
          46,
          273
        ],
        [
          57,
          290
        ],
        [
          65,
          301
        ],
        [
          75,
          315
        ],
        [
          84,
          329
        ],
        [
          87,
          357
        ],
        [
          92,
          365
        ],
        [
          109,
          385
        ],
        [
          109,
          385
        ],
        [
          126,
          398
        ],
        [
          144,
          410
        ],
        [
          148,
          413
        ],
        [
          161,
          424
        ],
        [
          178,
          437
        ],
        [
          183,
          441
        ],
        [
          195,
          462
        ],
        [
          198,
          469
        ],
        [
          209,
          497
        ],
        [
          213,
          504
        ],
        [
          215,
          512
        ]
      ]
    },
    {
      "elevation": 225,
      "elevation_bbox_pixels": [
        345.3906523548164,
        243.52344172657183,
        33.06652394901414,
        20.6516822981705
      ],
      "contour_line_pixels": [
        [
          316,
          0
        ],
        [
          316,
          1
        ],
        [
          334,
          21
        ],
        [
          334,
          21
        ],
        [
          348,
          49
        ],
        [
          351,
          54
        ],
        [
          368,
          71
        ],
        [
          374,
          77
        ],
        [
          386,
          88
        ],
        [
          403,
          105
        ],
        [
          403,
          105
        ],
        [
          414,
          133
        ],
        [
          414,
          161
        ],
        [
          420,
          188
        ],
        [
          420,
          189
        ],
        [
          420,
          217
        ],
        [
          420,
          218
        ],
        [
          412,
          245
        ],
        [
          403,
          254
        ],
        [
          386,
          273
        ],
        [
          386,
          273
        ],
        [
          368,
          282
        ],
        [
          351,
          290
        ],
        [
          334,
          295
        ],
        [
          316,
          296
        ],
        [
          299,
          296
        ],
        [
          282,
          293
        ],
        [
          265,
          289
        ],
        [
          247,
          285
        ],
        [
          230,
          281
        ],
        [
          213,
          280
        ],
        [
          195,
          277
        ],
        [
          178,
          281
        ],
        [
          161,
          287
        ],
        [
          149,
          301
        ],
        [
          156,
          329
        ],
        [
          161,
          335
        ],
        [
          178,
          352
        ],
        [
          182,
          357
        ],
        [
          195,
          368
        ],
        [
          213,
          385
        ],
        [
          213,
          385
        ],
        [
          230,
          399
        ],
        [
          240,
          413
        ],
        [
          247,
          423
        ],
        [
          259,
          441
        ],
        [
          265,
          458
        ],
        [
          270,
          469
        ],
        [
          278,
          497
        ],
        [
          282,
          507
        ],
        [
          285,
          512
        ]
      ]
    }
  ]
}