{
  "image": {
    "path": "N63E016_0567.png",
    "size": {
      "height": 512,
      "width": 512
    }
  },
  "labels": [
    {
      "elevation": 325,
      "elevation_bbox_pixels": [
        210.35145211192676,
        319.6621067719619,
        42.18085023128168,
        24.83474070763384
      ],
      "contour_line_pixels": [
        [
          0,
          299
        ],
        [
          2,
          299
        ],
        [
          82,
          327
        ],
        [
          161,
          346
        ],
        [
          320,
          383
        ],
        [
          321,
          383
        ],
        [
          426,
          439
        ],
        [
          478,
          453
        ],
        [
          512,
          462
        ]
      ]
    }
  ]
}