{
  "image": {
    "path": "N63E016_0708.png",
    "size": {
      "height": 512,
      "width": 512
    }
  },
  "labels": [
    {
      "elevation": 325,
      "elevation_bbox_pixels": [
        210.37127961833343,
        117.97673065953569,
        59.222149672434426,
        31.96628594039646
      ],
      "contour_line_pixels": []
    },
    {
      "elevation": 300,
      "elevation_bbox_pixels": [
        183.7446163532143,
        310.07759444587646,
        37.404129587115165,
        22.771757085625666
      ],
      "contour_line_pixels": []
    },
    {
      "elevation": 275,
      "elevation_bbox_pixels": [
        281.97379713848244,
        443.65077075215453,
        58.907681639203645,
        34.08500263062447
      ],
      "contour_line_pixels": []
    },
    {
      "elevation": 250,
      "elevation_bbox_pixels": [
        304.46135312035676,
        -7.709254271126952,
        29.505190401820073,
        16.46223245097258
      ],
      "contour_line_pixels": [
        [
          510,
          0
        ],
        [
          512,
          1
        ]
      ]
    }
  ]
}