{
  "image": {
    "path": "N63E016_1284.png",
    "size": {
      "height": 512,
      "width": 512
    }
  },
  "labels": [
    {
      "elevation": 375,
      "elevation_bbox_pixels": [
        181.21055276004364,
        124.0073992694708,
        31.80703043813935,
        17.026620781565384
      ],
      "contour_line_pixels": [
        [
          255,
          186
        ],
        [
          251,
          187
        ],
        [
          236,
          190
        ],
        [
          222,
          190
        ],
        [
          208,
          190
        ],
        [
          193,
          189
        ],
        [
          179,
          187
        ],
        [
          173,
          186
        ],
        [
          165,
          181
        ],
        [
          151,
          176
        ],
        [
          136,
          174
        ],
        [
          136,
          174
        ],
        [
          122,
          168
        ],
        [
          108,
          165
        ],
        [
          98,
          162
        ],
        [
          93,
          159
        ],
        [
          87,
          150
        ],
        [
          87,
          138
        ],
        [
          93,
          134
        ],
        [
          108,
          127
        ],
        [
          113,
          126
        ],
        [
          122,
          125
        ],
        [
          136,
          123
        ],
        [
          151,
          121
        ],
        [
          165,
          117
        ],
        [
          172,
          114
        ],
        [
          179,
          111
        ],
        [
          193,
          108
        ],
        [
          208,
          103
        ],
        [
          222,
          103
        ],
        [
          236,
          104
        ],
        [
          251,
          109
        ],
        [
          265,
          114
        ],
        [
          265,
          114
        ],
        [
          279,
          125
        ],
        [
          281,
          126
        ],
        [
          293,
          136
        ],
        [
          295,
          138
        ],
        [
          308,
          144
        ],
        [
          322,
          148
        ],
        [
          326,
          150
        ],
        [
          336,
          162
        ],
        [
          336,
          162
        ],
        [
          336,
          162
        ],
        [
          322,
          167
        ],
        [
          308,
          168
        ],
        [
          293,
          171
        ],
        [
          284,
          174
        ],
        [
          279,
          175
        ],
        [
          265,
          180
        ],
        [
          255,
          186
        ]
      ]
    },
    {
      "elevation": 350,
      "elevation_bbox_pixels": [
        261.0605169377627,
        93.24997025770057,
        24.946529395944708,
        17.15280676433042
      ],
      "contour_line_pixels": [
        [
          308,
          195
        ],
        [
          299,
          198
        ],
        [
          293,
          200
        ],
        [
          279,
          205
        ],
        [
          265,
          208
        ],
        [
          251,
          209
        ],
        [
          251,
          210
        ],
        [
          236,
          210
        ],
        [
          222,
          210
        ],
        [
          222,
          209
        ],
        [
          208,
          209
        ],
        [
          193,
          206
        ],
        [
          179,
          203
        ],
        [
          167,
          198
        ],
        [
          165,
          197
        ],
        [
          151,
          192
        ],
        [
          136,
          190
        ],
        [
          127,
          186
        ],
        [
          122,
          183
        ],
        [
          108,
          181
        ],
        [
          93,
          177
        ],
        [
          83,
          174
        ],
        [
          79,
          171
        ],
        [
          66,
          162
        ],
        [
          65,
          161
        ],
        [
          51,
          150
        ],
        [
          51,
          150
        ],
        [
          51,
          149
        ],
        [
          52,
          138
        ],
        [
          65,
          129
        ],
        [
          71,
          126
        ],
        [
          79,
          122
        ],
        [
          93,
          118
        ],
        [
          105,
          114
        ],
        [
          108,
          113
        ],
        [
          122,
          112
        ],
        [
          136,
          108
        ],
        [
          149,
          102
        ],
        [
          151,
          101
        ],
        [
          165,
          94
        ],
        [
          177,
          90
        ],
        [
          179,
          89
        ],
        [
          193,
          85
        ],
        [
          208,
          83
        ],
        [
          222,
          83
        ],
        [
          236,
          81
        ],
        [
          251,
          82
        ],
        [
          265,
          83
        ],
        [
          279,
          88
        ],
        [
          281,
          90
        ],
        [
          293,
          96
        ],
        [
          304,
          102
        ],
        [
          308,
          106
        ],
        [
          315,
          114
        ],
        [
          322,
          120
        ],
        [
          328,
          126
        ],
        [
          336,
          131
        ],
        [
          351,
          138
        ],
        [
          351,
          138
        ],
        [
          365,
          147
        ],
        [
          370,
          150
        ],
        [
          379,
          154
        ],
        [
          393,
          159
        ],
        [
          399,
          162
        ],
        [
          408,
          170
        ],
        [
          412,
          174
        ],
        [
          410,
          186
        ],
        [
          408,
          187
        ],
        [
          393,
          191
        ],
        [
          379,
          191
        ],
        [
          365,
          190
        ],
        [
          351,
          189
        ],
        [
          336,
          189
        ],
        [
          322,
          191
        ],
        [
          308,
          195
        ]
      ]
    },
    {
      "elevation": 325,
      "elevation_bbox_pixels": [
        258.2533767915908,
        216.42831374934025,
        28.64902941710409,
        17.942763537241376
      ],