{
  "image": {
    "path": "N63E016_1584.png",
    "size": {
      "height": 512,
      "width": 512
    }
  },
  "labels": [
    {
      "elevation": 400,
      "elevation_bbox_pixels": [
        201.3527639234754,
        63.26982774466586,
        41.78705139805771,
        26.07145643937713
      ],
      "contour_line_pixels": [
        [
          17,
          77
        ],
        [
          17,
          77
        ],
        [
          17,
          44
        ],
        [
          17,
          43
        ],
        [
          18,
          44
        ],
        [
          62,
          60
        ],
        [
          107,
          72
        ],
        [
          153,
          76
        ],
        [
          153,
          77
        ],
        [
          153,
          77
        ],
        [
          107,
          81
        ],
        [
          62,
          79
        ],
        [
          17,
          77
        ]
      ]
    },
    {
      "elevation": 375,
      "elevation_bbox_pixels": [
        206.10457354702433,
        0.6081543527193958,
        63.209632992396934,
        38.260480874287964
      ],
      "contour_line_pixels": []
    },
    {
      "elevation": 350,
      "elevation_bbox_pixels": [
        288.2057057338579,
        161.7552822189259,
        30.505895558037196,
        17.164007826923807
      ],
      "contour_line_pixels": [
        [
          317,
          0
        ],
        [
          311,
          11
        ],
        [
          317,
          44
        ],
        [
          333,
          54
        ],
        [
          369,
          77
        ],
        [
          379,
          93
        ],
        [
          388,
          110
        ],
        [
          416,
          143
        ],
        [
          401,
          176
        ],
        [
          379,
          191
        ],
        [
          333,
          198
        ],
        [
          288,
          199
        ],
        [
          243,
          199
        ],
        [
          198,
          188
        ],
        [
          153,
          176
        ],
        [
          152,
          176
        ],
        [
          107,
          171
        ],
        [
          62,
          163
        ],
        [
          17,
          149
        ],
        [
          2,
          143
        ],
        [
          0,
          142
        ]
      ]
    },
    {
      "elevation": 325,
      "elevation_bbox_pixels": [
        194.86546863373715,
        195.40707119509062,
        44.569147422390586,
        20.434543138342974
      ],
      "contour_line_pixels": []
    },
    {
      "elevation": 300,
      "elevation_bbox_pixels": [
        310.31750544863695,
        20.40444640986823,
        49.34777940590982,
        27.13891417655691
      ],
      "contour_line_pixels": []
    },
    {
      "elevation": 275,
      "elevation_bbox_pixels": [
        186.80118868326008,
        270.75555919757335,
        55.40530208927703,
        33.52382155984202
      ],
      "contour_line_pixels": [
        [
          512,
          372
        ],
        [
          469,
          350
        ],
        [
          424,
          342
        ],
        [
          418,
          341
        ],
        [
          379,
          321
        ],
        [
          333,
          311
        ],
        [
          323,
          308
        ],
        [
          288,
          295
        ],
        [
          243,
          289
        ],
        [
          198,
          286
        ],
        [
          153,
          286
        ],
        [
          107,
          289
        ],
        [
          62,
          292
        ],
        [
          17,
          292
        ],
        [
          0,
          292
        ]
      ]
    },
    {
      "elevation": 250,
      "elevation_bbox_pixels": [
        273.7003666951109,
        338.24101181918667,
        24.92144070881932,
        17.09314163804231
      ],
      "contour_line_pixels": [
        [
          512,
          398
        ],
        [
          469,
          388
        ],
        [
          445,
          374
        ],
        [
          424,
          366
        ],
        [
          379,
          358
        ],
        [
          333,
          341
        ],
        [
          333,
          341
        ],
        [
          288,
          330
        ],
        [
          243,
          326
        ],
        [
          198,
          325
        ],
        [
          153,
          328
        ],
        [
          107,
          332
        ],
        [
          62,
          330
        ],
        [
          17,
          324
        ],
        [
          0,
          323
        ]
      ]
    },
    {
      "elevation": 225,
      "elevation_bbox_pixels": [
        210.4815387830845,
        382.85654412179247,
        31.261180837008396,
        18.887914776485488
      ],
      "contour_line_pixels": [
        [
          512,
          469
        ],
        [
          469,
          464
        ],
        [
          435,
          440
        ],
        [
          424,
          436
        ],
        [
          379,
          431
        ],
        [
          333,
          407
        ],
        [
          332,
          407
        ],
        [
          288,
          402
        ],
        [
          243,
          401
        ],
        [
          198,
          400
        ],
        [
          153,
          390
        ],
        [
          130,
          374
        ],
        [
          107,
          372
        ],
        [
          62,
          372
        ],
        [
          17,
          371
        ],
        [
          0,
          371
        ]
      ]
    }
  ]
}