{
  "image": {
    "path": "N63E016_1625.png",
    "size": {
      "height": 512,
      "width": 512
    }
  },
  "labels": [
    {
      "elevation": 450,
      "elevation_bbox_pixels": [
        136.84030753498217,
        14.3602436801512,
        42.170906694189966,
        26.008532894384075
      ],
      "contour_line_pixels": [
        [
          149,
          53
        ],
        [
          149,
          53
        ],
        [
          142,
          40
        ],
        [
          134,
          39
        ],
        [
          134,
          39
        ],
        [
          134,
          26
        ],
        [
          134,
          26
        ],
        [
          142,
          26
        ],
        [
          142,
          26
        ],
        [
          149,
          39
        ],
        [
          149,
          39
        ],
        [
          149,
          53
        ],
        [
          149,
          53
        ]
      ]
    },
    {
      "elevation": 450,
      "elevation_bbox_pixels": [
        401.6214337593757,
        46.604796947572765,
        23.280443269428133,
        13.054525317370121
      ],
      "contour_line_pixels": [
        [
          374,
          53
        ],
        [
          373,
          39
        ],
        [
          374,
          26
        ],
        [
          375,
          12
        ],
        [
          378,
          10
        ],
        [
          385,
          6
        ],
        [
          392,
          4
        ],
        [
          400,
          3
        ],
        [
          407,
          3
        ],
        [
          415,
          5
        ],
        [
          422,
          8
        ],
        [
          428,
          12
        ],
        [
          429,
          14
        ],
        [
          437,
          20
        ],
        [
          441,
          26
        ],
        [
          444,
          32
        ],
        [
          450,
          39
        ],
        [
          451,
          52
        ],
        [
          451,
          53
        ],
        [
          451,
          53
        ],
        [
          446,
          66
        ],
        [
          444,
          68
        ],
        [
          437,
          73
        ],
        [
          429,
          75
        ],
        [
          422,
          75
        ],
        [
          415,
          74
        ],
        [
          407,
          72
        ],
        [
          400,
          73
        ],
        [
          392,
          72
        ],
        [
          385,
          66
        ],
        [
          385,
          66
        ],
        [
          378,
          59
        ],
        [
          374,
          53
        ]
      ]
    },
    {
      "elevation": 425,
      "elevation_bbox_pixels": [
        93.83710249845412,
        26.7319442529909,
        33.22712110125096,
        17.534589193486113
      ],
      "contour_line_pixels": []
    },
    {
      "elevation": 425,
      "elevation_bbox_pixels": [
        255.77349159452564,
        42.62276708782167,
        55.63137768550962,
        33.115653036060166
      ],
      "contour_line_pixels": []
    },
    {
      "elevation": 425,
      "elevation_bbox_pixels": [
        148.54504829010767,
        135.80158505605198,
        61.800010434437695,
        33.18792239054778
      ],
      "contour_line_pixels": [
        [
          142,
          163
        ],
        [
          140,
          161
        ],
        [
          134,
          155
        ],
        [
          127,
          151
        ],
        [
          124,
          147
        ],
        [
          122,
          134
        ],
        [
          127,
          130
        ],
        [
          134,
          132
        ],
        [
          142,
          134
        ],
        [
          142,
          134
        ],
        [
          149,
          139
        ],
        [
          157,
          143
        ],
        [
          161,
          147
        ],
        [
          160,
          161
        ],
        [
          157,
          163
        ],
        [
          149,
          165
        ],
        [
          142,
          163
        ]
      ]
    },
    {
      "elevation": 400,
      "elevation_bbox_pixels": [
        212.5096033367596,
        180.65782470019047,
        38.5582061524899,
        21.47154428725173
      ],
      "contour_line_pixels": []
    },
    {
      "elevation": 400,
      "elevation_bbox_pixels": [
        43.957145022938604,
        283.0349858754291,
        49.88680204024982,
        24.02453575479342
      ],
      "contour_line_pixels": [
        [
          0,
          285
        ],
        [
          2,
          286
        ],
        [
          9,
          287
        ],
        [
          16,
          290
        ],
        [
          24,
          295
        ],
        [
          24,
          295
        ],
        [
          31,
          309
        ],
        [
          31,
          309
        ],
        [
          39,
          322
        ],
        [
          39,
          322
        ],
        [
          39,
          322
        ],
        [
          31,
          324
        ],
        [
          24,
          322
        ],
        [
          16,
          322
        ],
        [
          9,
          322
        ],
        [
          2,
          322
        ],
        [
          0,
          322
        ]
      ]
    },
    {
      "elevation": 375,
      "elevation_bbox_pixels": [
        84.13540464345313,
        176.4784756768246,
        27.505287214015738,
        17.32493652664448
      ],
      "contour_line_pixels": []
    },
    {
      "elevation": 350,
      "elevation_bbox_pixels": [
        286.2547114777749,
        338.4302933183076,
        50.04737216888043,
        27.120942929145713
      ],