{
  "image": {
    "path": "N63E016_0876.png",
    "size": {
      "height": 512,
      "width": 512
    }
  },
  "labels": [
    {
      "elevation": 325,
      "elevation_bbox_pixels": [
        272.0855173899782,
        -5.128590712932805,
        37.022417364812895,
        21.016879380967396
      ],
      "contour_line_pixels": [
        [
          512,
          18
        ],
        [
          499,
          15
        ],
        [
          480,
          12
        ],
        [
          474,
          11
        ],
        [
          448,
          10
        ],
        [
          423,
          7
        ],
        [
          398,
          4
        ],
        [
          380,
          0
        ]
      ]
    },
    {
      "elevation": 350,
      "elevation_bbox_pixels": [
        264.8973915286015,
        400.55770358606014,
        40.14131490808177,
        19.299337570560112
      ],
      "contour_line_pixels": []
    },
    {
      "elevation": 325,
      "elevation_bbox_pixels": [
        216.73442035110418,
        400.4868526969291,
        33.92623081692295,
        18.73581196750527
      ],
      "contour_line_pixels": [
        [
          512,
          463
        ],
        [
          499,
          462
        ],
        [
          474,
          462
        ],
        [
          448,
          460
        ],
        [
          423,
          459
        ],
        [
          409,
          456
        ],
        [
          398,
          453
        ],
        [
          372,
          447
        ],
        [
          360,
          443
        ],
        [
          347,
          440
        ],
        [
          322,
          438
        ],
        [
          296,
          436
        ],
        [
          271,
          433
        ],
        [
          246,
          433
        ],
        [
          220,
          435
        ],
        [
          195,
          436
        ],
        [
          170,
          436
        ],
        [
          144,
          432
        ],
        [
          136,
          430
        ],
        [
          119,
          424
        ],
        [
          94,
          420
        ],
        [
          84,
          417
        ],
        [
          94,
          410
        ],
        [
          119,
          409
        ],
        [
          144,
          410
        ],
        [
          170,
          410
        ],
        [
          195,
          411
        ],
        [
          220,
          411
        ],
        [
          246,
          404
        ],
        [
          246,
          403
        ],
        [
          271,
          391
        ],
        [
          271,
          390
        ],
        [
          296,
          388
        ],
        [
          322,
          389
        ],
        [
          347,
          388
        ],
        [
          372,
          386
        ],
        [
          398,
          388
        ],
        [
          423,
          390
        ],
        [
          427,
          391
        ],
        [
          448,
          393
        ],
        [
          474,
          395
        ],
        [
          499,
          398
        ],
        [
          512,
          399
        ]
      ]
    },
    {
      "elevation": 300,
      "elevation_bbox_pixels": [
        206.88040813267094,
        116.51404056503156,
        31.92726751669352,
        17.024558570176396
      ],
      "contour_line_pixels": [
        [
          0,
          108
        ],
        [
          18,
          116
        ],
        [
          18,
          116
        ],
        [
          43,
          118
        ],
        [
          68,
          122
        ],
        [
          94,
          124
        ],
        [
          119,
          125
        ],
        [
          140,
          129
        ],
        [
          144,
          130
        ],
        [
          170,
          139
        ],
        [
          182,
          142
        ],
        [
          195,
          155
        ],
        [
          220,
          155
        ],
        [
          246,
          155
        ],
        [
          271,
          155
        ],
        [
          272,
          155
        ],
        [
          296,
          162
        ],
        [
          322,
          168
        ],
        [
          347,
          168
        ],
        [
          372,
          168
        ],
        [
          373,
          168
        ],
        [
          398,
          172
        ],
        [
          423,
          171
        ],
        [
          436,
          168
        ],
        [
          448,
          162
        ],
        [
          473,
          155
        ],
        [
          474,
          155
        ],
        [
          499,
          152
        ],
        [
          512,
          152
        ]
      ]
    }
  ]
}