{
  "image": {
    "path": "N63E016_1027.png",
    "size": {
      "height": 512,
      "width": 512
    }
  },
  "labels": [
    {
      "elevation": 300,
      "elevation_bbox_pixels": [
        119.34397695644618,
        485.69441804053093,
        42.45446907181109,
        26.147024169642158
      ],
      "contour_line_pixels": [
        [
          0,
          491
        ],
        [
          17,
          496
        ],
        [
          30,
          500
        ],
        [
          42,
          503
        ],
        [
          68,
          509
        ],
        [
          77,
          512
        ]
      ]
    },
    {
      "elevation": 275,
      "elevation_bbox_pixels": [
        204.19652746207214,
        471.36712675975133,
        50.507463938502724,
        30.463575557517586
      ],
      "contour_line_pixels": [
        [
          0,
          434
        ],
        [
          17,
          438
        ],
        [
          30,
          443
        ],
        [
          42,
          448
        ],
        [
          68,
          456
        ],
        [
          93,
          460
        ],
        [
          118,
          464
        ],
        [
          143,
          465
        ],
        [
          160,
          471
        ],
        [
          169,
          476
        ],
        [
          194,
          484
        ],
        [
          219,
          490
        ],
        [
          244,
          492
        ],
        [
          265,
          500
        ],
        [
          269,
          502
        ],
        [
          292,
          512
        ]
      ]
    },
    {
      "elevation": 250,
      "elevation_bbox_pixels": [
        136.77876532983873,
        234.4878065846301,
        51.07122523335693,
        26.13999034848078
      ],
      "contour_line_pixels": []
    },
    {
      "elevation": 225,
      "elevation_bbox_pixels": [
        205.57170288014072,
        395.77195521848705,
        59.53927389282808,
        30.791775225951085
      ],
      "contour_line_pixels": [
        [
          242,
          0
        ],
        [
          227,
          13
        ],
        [
          219,
          27
        ],
        [
          215,
          42
        ],
        [
          219,
          69
        ],
        [
          219,
          70
        ],
        [
          225,
          99
        ],
        [
          219,
          127
        ],
        [
          219,
          128
        ],
        [
          209,
          156
        ],
        [
          194,
          178
        ],
        [
          189,
          185
        ],
        [
          181,
          213
        ],
        [
          185,
          242
        ],
        [
          194,
          270
        ],
        [
          194,
          271
        ],
        [
          194,
          271
        ],
        [
          185,
          299
        ],
        [
          169,
          314
        ],
        [
          144,
          328
        ],
        [
          143,
          328
        ],
        [
          118,
          357
        ],
        [
          132,
          385
        ],
        [
          143,
          391
        ],
        [
          169,
          396
        ],
        [
          194,
          398
        ],
        [
          219,
          414
        ],
        [
          219,
          414
        ],
        [
          244,
          419
        ],
        [
          269,
          422
        ],
        [
          295,
          425
        ],
        [
          320,
          428
        ],
        [
          345,
          440
        ],
        [
          349,
          443
        ],
        [
          370,
          450
        ],
        [
          396,
          454
        ],
        [
          421,
          463
        ],
        [
          432,
          471
        ],
        [
          446,
          478
        ],
        [
          471,
          488
        ],
        [
          484,
          500
        ],
        [
          497,
          511
        ],
        [
          497,
          512
        ]
      ]
    }
  ]
}