{
  "image": {
    "path": "N63E016_0751.png",
    "size": {
      "height": 512,
      "width": 512
    }
  },
  "labels": [
    {
      "elevation": 125,
      "elevation_bbox_pixels": [
        231.614026232745,
        296.1721344355877,
        43.62944820597727,
        24.604048716200282
      ],
      "contour_line_pixels": [
        [
          512,
          343
        ],
        [
          485,
          334
        ],
        [
          442,
          334
        ],
        [
          399,
          330
        ],
        [
          355,
          321
        ],
        [
          312,
          321
        ],
        [
          311,
          320
        ],
        [
          269,
          311
        ],
        [
          226,
          306
        ],
        [
          182,
          306
        ],
        [
          139,
          306
        ],
        [
          96,
          306
        ],
        [
          53,
          292
        ],
        [
          9,
          292
        ],
        [
          0,
          292
        ]
      ]
    },
    {
      "elevation": 150,
      "elevation_bbox_pixels": [
        272.224330499243,
        101.37056269405696,
        50.09987293795257,
        26.020133376078547
      ],
      "contour_line_pixels": [
        [
          0,
          75
        ],
        [
          9,
          76
        ],
        [
          53,
          77
        ],
        [
          96,
          80
        ],
        [
          139,
          84
        ],
        [
          182,
          88
        ],
        [
          226,
          92
        ],
        [
          247,
          96
        ],
        [
          269,
          100
        ],
        [
          312,
          105
        ],
        [
          355,
          110
        ],
        [
          399,
          115
        ],
        [
          442,
          120
        ],
        [
          484,
          124
        ],
        [
          485,
          124
        ],
        [
          512,
          126
        ]
      ]
    },
    {
      "elevation": 175,
      "elevation_bbox_pixels": [
        260.78132916759046,
        8.764384223081322,
        40.165154883015475,
        23.531261436775026
      ],
      "contour_line_pixels": [
        [
          19,
          0
        ],
        [
          53,
          9
        ],
        [
          81,
          12
        ],
        [
          96,
          14
        ],
        [
          139,
          20
        ],
        [
          182,
          20
        ],
        [
          226,
          20
        ],
        [
          269,
          21
        ],
        [
          312,
          21
        ],
        [
          355,
          20
        ],
        [
          399,
          14
        ],
        [
          413,
          12
        ],
        [
          437,
          0
        ]
      ]
    }
  ]
}