{
  "image": {
    "path": "N63E016_0643.png",
    "size": {
      "height": 512,
      "width": 512
    }
  },
  "labels": [
    {
      "elevation": 425,
      "elevation_bbox_pixels": [
        194.28747416906725,
        87.6043683183185,
        56.19539370668883,
        35.49443168068933
      ],
      "contour_line_pixels": [
        [
          0,
          82
        ],
        [
          13,
          84
        ],
        [
          21,
          86
        ],
        [
          28,
          89
        ],
        [
          42,
          91
        ],
        [
          42,
          92
        ],
        [
          56,
          97
        ],
        [
          57,
          97
        ],
        [
          71,
          103
        ],
        [
          71,
          103
        ],
        [
          71,
          109
        ],
        [
          71,
          109
        ],
        [
          56,
          109
        ],
        [
          42,
          109
        ],
        [
          28,
          109
        ],
        [
          13,
          109
        ],
        [
          0,
          109
        ]
      ]
    },
    {
      "elevation": 425,
      "elevation_bbox_pixels": [
        190.47121002098305,
        216.36138054021677,
        47.28205213938156,
        26.60786521521311
      ],
      "contour_line_pixels": []
    },
    {
      "elevation": 400,
      "elevation_bbox_pixels": [
        196.38497870800552,
        374.22099936527707,
        47.060089186877576,
        26.28003183330786
      ],
      "contour_line_pixels": []
    },
    {
      "elevation": 375,
      "elevation_bbox_pixels": [
        245.9871874100413,
        456.73708786796533,
        52.465718566224524,
        31.484824389014648
      ],
      "contour_line_pixels": [
        [
          492,
          512
        ],
        [
          485,
          506
        ],
        [
          484,
          506
        ],
        [
          484,
          500
        ],
        [
          470,
          495
        ],
        [
          470,
          495
        ],
        [
          456,
          489
        ],
        [
          442,
          489
        ],
        [
          442,
          489
        ],
        [
          428,
          487
        ],
        [
          413,
          485
        ],
        [
          399,
          483
        ],
        [
          399,
          483
        ],
        [
          385,
          480
        ],
        [
          371,
          478
        ],
        [
          370,
          477
        ],
        [
          356,
          475
        ],
        [
          342,
          472
        ],
        [
          328,
          472
        ],
        [
          327,
          472
        ],
        [
          313,
          469
        ],
        [
          299,
          466
        ],
        [
          285,
          466
        ],
        [
          284,
          466
        ],
        [
          271,
          463
        ],
        [
          256,
          462
        ],
        [
          242,
          460
        ],
        [
          228,
          460
        ],
        [
          227,
          460
        ],
        [
          213,
          458
        ],
        [
          199,
          456
        ],
        [
          185,
          454
        ],
        [
          184,
          454
        ],
        [
          171,
          452
        ],
        [
          156,
          449
        ],
        [
          156,
          449
        ],
        [
          142,
          447
        ],
        [
          128,
          443
        ],
        [
          128,
          443
        ],
        [
          113,
          439
        ],
        [
          99,
          439
        ],
        [
          85,
          438
        ],
        [
          71,
          437
        ],
        [
          70,
          437
        ],
        [
          56,
          436
        ],
        [
          42,
          433
        ],
        [
          33,
          431
        ],
        [
          28,
          430
        ],
        [
          13,
          426
        ],
        [
          13,
          426
        ],
        [
          0,
          422
        ]
      ]
    }
  ]
}