{
  "image": {
    "path": "N63E016_0978.png",
    "size": {
      "height": 512,
      "width": 512
    }
  },
  "labels": [
    {
      "elevation": 350,
      "elevation_bbox_pixels": [
        195.38080412594698,
        317.2872932371314,
        44.37232340109807,
        25.619930929578175
      ],
      "contour_line_pixels": [
        [
          0,
          318
        ],
        [
          23,
          321
        ],
        [
          57,
          328
        ],
        [
          62,
          329
        ],
        [
          80,
          344
        ],
        [
          78,
          359
        ],
        [
          74,
          374
        ],
        [
          57,
          384
        ],
        [
          45,
          390
        ],
        [
          32,
          405
        ],
        [
          23,
          409
        ],
        [
          5,
          420
        ],
        [
          0,
          421
        ]
      ]
    },
    {
      "elevation": 325,
      "elevation_bbox_pixels": [
        240.3336067344551,
        400.5707459765118,
        56.10400039209753,
        31.78738788774163
      ],
      "contour_line_pixels": []
    },
    {
      "elevation": 300,
      "elevation_bbox_pixels": [
        275.6978662749379,
        22.190150308884938,
        38.361905563173536,
        24.27078520181351
      ],
      "contour_line_pixels": [
        [
          416,
          0
        ],
        [
          430,
          8
        ],
        [
          441,
          12
        ],
        [
          439,
          27
        ],
        [
          463,
          42
        ],
        [
          464,
          42
        ],
        [
          497,
          47
        ],
        [
          512,
          49
        ]
      ]
    },
    {
      "elevation": 275,
      "elevation_bbox_pixels": [
        287.55951470294775,
        -8.27795669460022,
        33.06652394901414,
        20.6516822981705
      ],
      "contour_line_pixels": [
        [
          491,
          0
        ],
        [
          497,
          2
        ],
        [
          512,
          7
        ]
      ]
    }
  ]
}