{
  "image": {
    "path": "N63E016_1130.png",
    "size": {
      "height": 512,
      "width": 512
    }
  },
  "labels": [
    {
      "elevation": 450,
      "elevation_bbox_pixels": [
        116.0811036455517,
        87.68698071739124,
        54.640462307617554,
        32.25199458832947
      ],
      "contour_line_pixels": []
    },
    {
      "elevation": 425,
      "elevation_bbox_pixels": [
        112.54904295573017,
        294.40371334449975,
        54.23975590827861,
        33.86655635033492
      ],
      "contour_line_pixels": []
    },
    {
      "elevation": 400,
      "elevation_bbox_pixels": [
        380.0621171333213,
        354.6466424678179,
        31.758117210056525,
        18.455621259527902
      ],
      "contour_line_pixels": []
    },
    {
      "elevation": 375,
      "elevation_bbox_pixels": [
        239.4447538994704,
        490.58614243491826,
        32.82990308595174,
        20.44456945882559
      ],
      "contour_line_pixels": []
    }
  ]
}