{
  "image": {
    "path": "N63E016_0090.png",
    "size": {
      "height": 512,
      "width": 512
    }
  },
  "labels": [
    {
      "elevation": 350,
      "elevation_bbox_pixels": [
        272.68914583259027,
        500.1291488773772,
        34.003332499694125,
        22.367514100554363
      ],
      "contour_line_pixels": [
        [
          268,
          512
        ],
        [
          300,
          511
        ],
        [
          346,
          511
        ],
        [
          392,
          512
        ],
        [
          405,
          512
        ]
      ]
    },
    {
      "elevation": 325,
      "elevation_bbox_pixels": [
        172.59155660787704,
        469.87855916265096,
        32.79537730823989,
        17.362816485023586
      ],
      "contour_line_pixels": [
        [
          0,
          493
        ],
        [
          23,
          489
        ],
        [
          69,
          484
        ],
        [
          92,
          482
        ],
        [
          115,
          479
        ],
        [
          161,
          473
        ],
        [
          207,
          473
        ],
        [
          254,
          477
        ],
        [
          300,
          480
        ],
        [
          346,
          480
        ],
        [
          392,
          482
        ],
        [
          438,
          482
        ],
        [
          484,
          482
        ],
        [
          485,
          482
        ],
        [
          512,
          483
        ]
      ]
    },
    {
      "elevation": 300,
      "elevation_bbox_pixels": [
        297.61445891604205,
        420.851468280303,
        31.758117210056525,
        18.455621259527902
      ],
      "contour_line_pixels": [
        [
          0,
          426
        ],
        [
          23,
          424
        ],
        [
          69,
          419
        ],
        [
          115,
          419
        ],
        [
          161,
          419
        ],
        [
          207,
          419
        ],
        [
          254,
          423
        ],
        [
          300,
          426
        ],
        [
          346,
          428
        ],
        [
          392,
          431
        ],
        [
          392,
          431
        ],
        [
          438,
          441
        ],
        [
          484,
          444
        ],
        [
          512,
          446
        ]
      ]
    },
    {
      "elevation": 175,
      "elevation_bbox_pixels": [
        339.2419903614195,
        18.65507955913705,
        32.82990308595174,
        20.44456945882564
      ],
      "contour_line_pixels": []
    },
    {
      "elevation": 200,
      "elevation_bbox_pixels": [
        204.99099893294886,
        26.93176620062286,
        40.96080435119279,
        21.734648656475656
      ],
      "contour_line_pixels": [
        [
          0,
          36
        ],
        [
          8,
          28
        ],
        [
          23,
          26
        ],
        [
          69,
          24
        ],
        [
          115,
          24
        ],
        [
          161,
          24
        ],
        [
          207,
          28
        ],
        [
          208,
          28
        ],
        [
          207,
          28
        ],
        [
          161,
          62
        ],
        [
          116,
          78
        ],
        [
          115,
          79
        ],
        [
          69,
          80
        ],
        [
          54,
          129
        ],
        [
          69,
          178
        ],
        [
          115,
          179
        ],
        [
          161,
          179
        ],
        [
          207,
          169
        ],
        [
          254,
          158
        ],
        [
          300,
          137
        ],
        [
          345,
          129
        ],
        [
          346,
          129
        ],
        [
          392,
          120
        ],
        [
          438,
          112
        ],
        [
          484,
          104
        ],
        [
          512,
          100
        ]
      ]
    },
    {
      "elevation": 225,
      "elevation_bbox_pixels": [
        245.94184406884006,
        283.3470947921864,
        35.22926095437742,
        20.92849991049036
      ],
      "contour_line_pixels": [
        [
          0,
          275
        ],
        [
          23,
          273
        ],
        [
          41,
          280
        ],
        [
          69,
          287
        ],
        [
          115,
          296
        ],
        [
          161,
          294
        ],
        [
          207,
          291
        ],
        [
          254,
          293
        ],
        [
          300,
          295
        ],
        [
          346,
          292
        ],
        [
          392,
          292
        ],
        [
          438,
          290
        ],
        [
          475,
          280
        ],
        [
          484,
          274
        ],
        [
          512,
          270
        ]
      ]
    },
    {
      "elevation": 250,
      "elevation_bbox_pixels": [
        281.4708277059231,
        333.74960155876505,
        46.570905378442035,
        25.60446804206515
      ],
      "contour_line_pixels": [
        [
          0,
          337
        ],
        [
          23,
          338
        ],
        [
          69,
          339
        ],
        [
          115,
          340
        ],
        [
          161,
          340
        ],
        [
          207,
          340
        ],
        [
          254,
          341
        ],
        [
          300,
          344
        ],
        [
          346,
          346
        ],
        [
          392,
          349
        ],
        [
          438,
          351
        ],
        [
          484,
          352
        ],
        [
          512,
          353
        ]
      ]
    },
    {
      "elevation": 275,
      "elevation_bbox_pixels": [
        283.7606018472359,
        376.69915468283284,
        51.16346673741691,
        33.16744961141967
      ],
      "contour_line_pixels": [
        [
          0,
          379
        ],
        [
          23,
          376
        ],
        [
          69,
          373
        ],
        [
          115,
          372
        ],
        [
          161,
          372
        ],
        [
          207,
          372
        ],
        [
          254,
          375
        ],
        [
          284,
          381
        ],
        [
          300,
          384
        ],
        [
          346,
          391
        ],
        [
          392,
          396
        ],
        [
          438,
          400
        ],
        [
          484,
          403
        ],
        [
          512,
          404
        ]
      ]
    }
  ]
}