{
  "image": {
    "path": "N63E016_0757.png",
    "size": {
      "height": 512,
      "width": 512
    }
  },
  "labels": [
    {
      "elevation": 150,
      "elevation_bbox_pixels": [
        367.1501293528079,
        358.20888471830153,
        38.196522822787756,
        21.040671259751832
      ],
      "contour_line_pixels": []
    },
    {
      "elevation": 125,
      "elevation_bbox_pixels": [
        210.049164931434,
        70.3041152761067,
        50.09987293795257,
        26.020133376078547
      ],
      "contour_line_pixels": [
        [
          301,
          512
        ],
        [
          285,
          498
        ],
        [
          281,
          491
        ],
        [
          276,
          471
        ],
        [
          276,
          450
        ],
        [
          285,
          436
        ],
        [
          287,
          429
        ],
        [
          301,
          416
        ],
        [
          312,
          408
        ],
        [
          318,
          398
        ],
        [
          327,
          388
        ],
        [
          330,
          367
        ],
        [
          318,
          346
        ],
        [
          318,
          346
        ],
        [
          301,
          326
        ],
        [
          301,
          325
        ],
        [
          285,
          315
        ],
        [
          273,
          305
        ],
        [
          268,
          298
        ],
        [
          251,
          284
        ],
        [
          250,
          284
        ],
        [
          242,
          263
        ],
        [
          234,
          243
        ],
        [
          233,
          242
        ],
        [
          234,
          242
        ],
        [
          242,
          222
        ],
        [
          251,
          215
        ],
        [
          268,
          208
        ],
        [
          284,
          201
        ],
        [
          285,
          201
        ],
        [
          301,
          187
        ],
        [
          310,
          180
        ],
        [
          318,
          159
        ],
        [
          318,
          139
        ],
        [
          318,
          118
        ],
        [
          301,
          108
        ],
        [
          293,
          97
        ],
        [
          285,
          90
        ],
        [
          268,
          83
        ],
        [
          251,
          83
        ],
        [
          234,
          83
        ],
        [
          217,
          83
        ],
        [
          200,
          83
        ],
        [
          183,
          77
        ],
        [
          182,
          76
        ],
        [
          166,
          56
        ],
        [
          165,
          56
        ],
        [
          149,
          45
        ],
        [
          140,
          35
        ],
        [
          132,
          25
        ],
        [
          115,
          14
        ],
        [
          115,
          14
        ],
        [
          98,
          7
        ],
        [
          81,
          0
        ],
        [
          80,
          0
        ]
      ]
    }
  ]
}