{
  "image": {
    "path": "N63E016_1595.png",
    "size": {
      "height": 512,
      "width": 512
    }
  },
  "labels": [
    {
      "elevation": 250,
      "elevation_bbox_pixels": [
        229.57970002108965,
        143.7363270617331,
        52.14707171456746,
        31.569032774631182
      ],
      "contour_line_pixels": [
        [
          182,
          152
        ],
        [
          197,
          155
        ],
        [
          213,
          158
        ],
        [
          229,
          158
        ],
        [
          229,
          158
        ],
        [
          245,
          160
        ],
        [
          261,
          160
        ],
        [
          276,
          160
        ],
        [
          292,
          160
        ],
        [
          308,
          160
        ],
        [
          324,
          158
        ],
        [
          324,
          158
        ],
        [
          332,
          152
        ],
        [
          324,
          145
        ],
        [
          308,
          145
        ],
        [
          308,
          145
        ],
        [
          292,
          139
        ],
        [
          276,
          139
        ],
        [
          261,
          139
        ],
        [
          260,
          139
        ],
        [
          245,
          137
        ],
        [
          229,
          139
        ],
        [
          229,
          139
        ],
        [
          213,
          142
        ],
        [
          198,
          145
        ],
        [
          197,
          145
        ],
        [
          182,
          152
        ]
      ]
    },
    {
      "elevation": 350,
      "elevation_bbox_pixels": [
        269.1449496312792,
        22.285226472327338,
        57.70179813370976,
        35.71049938544195
      ],
      "contour_line_pixels": [
        [
          512,
          68
        ],
        [
          502,
          63
        ],
        [
          498,
          60
        ],
        [
          493,
          57
        ],
        [
          490,
          50
        ],
        [
          490,
          44
        ],
        [
          498,
          38
        ],
        [
          498,
          38
        ],
        [
          512,
          34
        ]
      ]
    },
    {
      "elevation": 350,
      "elevation_bbox_pixels": [
        257.33277060743666,
        327.6008761533577,
        55.754275544381585,
        33.138481007601285
      ],
      "contour_line_pixels": [
        [
          512,
          479
        ],
        [
          506,
          474
        ],
        [
          498,
          468
        ],
        [
          498,
          468
        ],
        [
          490,
          462
        ],
        [
          482,
          456
        ],
        [
          482,
          455
        ],
        [
          470,
          449
        ],
        [
          466,
          443
        ],
        [
          466,
          443
        ],
        [
          461,
          436
        ],
        [
          456,
          430
        ],
        [
          451,
          424
        ],
        [
          450,
          424
        ],
        [
          447,
          417
        ],
        [
          443,
          411
        ],
        [
          435,
          405
        ],
        [
          435,
          405
        ],
        [
          429,
          398
        ],
        [
          429,
          392
        ],
        [
          434,
          386
        ],
        [
          435,
          386
        ],
        [
          443,
          380
        ],
        [
          450,
          373
        ],
        [
          451,
          373
        ],
        [
          466,
          367
        ],
        [
          451,
          361
        ],
        [
          450,
          361
        ],
        [
          435,
          354
        ],
        [
          434,
          354
        ],
        [
          427,
          348
        ],
        [
          419,
          342
        ],
        [
          418,
          342
        ],
        [
          403,
          335
        ],
        [
          403,
          335
        ],
        [
          387,
          331
        ],
        [
          379,
          329
        ],
        [
          371,
          326
        ],
        [
          356,
          323
        ],
        [
          355,
          323
        ],
        [
          340,
          316
        ],
        [
          340,
          316
        ],
        [
          332,
          310
        ],
        [
          324,
          307
        ],
        [
          316,
          304
        ],
        [
          308,
          300
        ],
        [
          300,
          297
        ],
        [
          292,
          294
        ],
        [
          284,
          291
        ],
        [
          276,
          285
        ],
        [
          276,
          285
        ],
        [
          276,
          278
        ],
        [
          276,
          278
        ],
        [
          292,
          278
        ],
        [
          308,
          278
        ],
        [
          324,
          276
        ],
        [
          340,
          276
        ],
        [
          356,
          275
        ],
        [
          371,
          273
        ],
        [
          387,
          273
        ],
        [
          403,
          272
        ],
        [
          403,
          272
        ],
        [
          419,
          271
        ],
        [
          435,
          269
        ],
        [
          451,
          269
        ],
        [
          466,
          267
        ],
        [
          482,
          269
        ],
        [
          498,
          270
        ],
        [
          512,
          272
        ]
      ]
    },
    {
      "elevation": 325,
      "elevation_bbox_pixels": [
        212.08222928543532,
        223.65341530312043,
        61.92429205284887,
        33.20130444289737
      ],