{
  "image": {
    "path": "N63E016_0554.png",
    "size": {
      "height": 512,
      "width": 512
    }
  },
  "labels": [
    {
      "elevation": 350,
      "elevation_bbox_pixels": [
        365.77597677916776,
        86.15084032904775,
        54.640462307617554,
        32.25199458832947
      ],
      "contour_line_pixels": [
        [
          366,
          100
        ],
        [
          358,
          87
        ],
        [
          353,
          76
        ],
        [
          341,
          68
        ],
        [
          334,
          51
        ],
        [
          339,
          15
        ],
        [
          341,
          9
        ],
        [
          353,
          1
        ],
        [
          364,
          15
        ],
        [
          366,
          18
        ],
        [
          378,
          30
        ],
        [
          390,
          40
        ],
        [
          394,
          51
        ],
        [
          397,
          87
        ],
        [
          390,
          107
        ],
        [
          378,
          105
        ],
        [
          366,
          100
        ]
      ]
    },
    {
      "elevation": 325,
      "elevation_bbox_pixels": [
        450.76266636259044,
        57.27380482144309,
        54.23975590827865,
        33.86655635033492
      ],
      "contour_line_pixels": []
    },
    {
      "elevation": 300,
      "elevation_bbox_pixels": [
        401.46844484308065,
        218.03045103756773,
        31.758117210056525,
        18.455621259527902
      ],
      "contour_line_pixels": [
        [
          512,
          342
        ],
        [
          511,
          342
        ],
        [
          511,
          342
        ],
        [
          499,
          339
        ],
        [
          487,
          327
        ],
        [
          475,
          305
        ],
        [
          475,
          305
        ],
        [
          463,
          292
        ],
        [
          454,
          269
        ],
        [
          450,
          259
        ],
        [
          438,
          235
        ],
        [
          434,
          233
        ],
        [
          426,
          227
        ],
        [
          414,
          213
        ],
        [
          402,
          199
        ],
        [
          390,
          196
        ],
        [
          390,
          196
        ],
        [
          378,
          193
        ],
        [
          366,
          183
        ],
        [
          353,
          175
        ],
        [
          341,
          166
        ],
        [
          333,
          160
        ],
        [
          329,
          156
        ],
        [
          317,
          137
        ],
        [
          309,
          124
        ],
        [
          305,
          119
        ],
        [
          293,
          105
        ],
        [
          281,
          87
        ],
        [
          281,
          87
        ],
        [
          269,
          77
        ],
        [
          256,
          63
        ],
        [
          244,
          51
        ],
        [
          244,
          51
        ],
        [
          232,
          43
        ],
        [
          220,
          18
        ],
        [
          217,
          15
        ],
        [
          208,
          6
        ],
        [
          206,
          0
        ]
      ]
    },
    {
      "elevation": 275,
      "elevation_bbox_pixels": [
        255.36428799442223,
        156.66453981673618,
        32.82990308595174,
        20.44456945882564
      ],
      "contour_line_pixels": [
        [
          512,
          415
        ],
        [
          511,
          414
        ],
        [
          511,
          414
        ],
        [
          499,
          407
        ],
        [
          487,
          396
        ],
        [
          475,
          389
        ],
        [
          463,
          378
        ],
        [
          462,
          378
        ],
        [
          450,
          362
        ],
        [
          438,
          342
        ],
        [
          438,
          342
        ],
        [
          426,
          317
        ],
        [
          420,
          305
        ],
        [
          414,
          298
        ],
        [
          402,
          283
        ],
        [
          390,
          269
        ],
        [
          390,
          269
        ],
        [
          378,
          257
        ],
        [
          366,
          251
        ],
        [
          353,
          238
        ],
        [
          349,
          233
        ],
        [
          341,
          222
        ],
        [
          329,
          212
        ],
        [
          317,
          200
        ],
        [
          314,
          196
        ],
        [
          305,
          183
        ],
        [
          293,
          165
        ],
        [
          290,
          160
        ],
        [
          281,
          149
        ],
        [
          269,
          131
        ],
        [
          264,
          124
        ],
        [
          256,
          116
        ],
        [
          244,
          104
        ],
        [
          232,
          95
        ],
        [
          225,
          87
        ],
        [
          220,
          83
        ],
        [
          208,
          61
        ],
        [
          198,
          51
        ],
        [
          196,
          49
        ],
        [
          184,
          25
        ],
        [
          178,
          15
        ],
        [
          174,
          0
        ]
      ]
    }
  ]
}