{
  "image": {
    "path": "N63E016_0993.png",
    "size": {
      "height": 512,
      "width": 512
    }
  },
  "labels": [
    {
      "elevation": 350,
      "elevation_bbox_pixels": [
        161.5021384034644,
        17.69394564791861,
        25.673091543631074,
        14.601414672559144
      ],
      "contour_line_pixels": [
        [
          82,
          0
        ],
        [
          81,
          1
        ],
        [
          51,
          28
        ],
        [
          37,
          41
        ],
        [
          0,
          55
        ]
      ]
    },
    {
      "elevation": 350,
      "elevation_bbox_pixels": [
        237.42196252207938,
        384.69596886718466,
        54.47144368792945,
        32.374799445461406
      ],
      "contour_line_pixels": []
    },
    {
      "elevation": 325,
      "elevation_bbox_pixels": [
        197.23554014643167,
        263.06737864744844,
        55.19283586970107,
        30.12444425689074
      ],
      "contour_line_pixels": []
    }
  ]
}