{
  "image": {
    "path": "N63E016_0450.png",
    "size": {
      "height": 512,
      "width": 512
    }
  },
  "labels": [
    {
      "elevation": 300,
      "elevation_bbox_pixels": [
        65.46708093172904,
        209.97219604502533,
        54.36569612340003,
        27.032658886777085
      ],
      "contour_line_pixels": [
        [
          55,
          224
        ],
        [
          55,
          224
        ],
        [
          55,
          223
        ],
        [
          87,
          223
        ],
        [
          87,
          224
        ],
        [
          87,
          224
        ],
        [
          55,
          224
        ]
      ]
    },
    {
      "elevation": 300,
      "elevation_bbox_pixels": [
        243.30175366118533,
        388.3828934567705,
        53.011446176451045,
        28.337547947335196
      ],
      "contour_line_pixels": [
        [
          247,
          435
        ],
        [
          231,
          425
        ],
        [
          215,
          359
        ],
        [
          215,
          358
        ],
        [
          215,
          358
        ],
        [
          216,
          358
        ],
        [
          247,
          380
        ],
        [
          279,
          410
        ],
        [
          311,
          425
        ],
        [
          311,
          425
        ],
        [
          311,
          426
        ],
        [
          279,
          448
        ],
        [
          247,
          435
        ]
      ]
    },
    {
      "elevation": 300,
      "elevation_bbox_pixels": [
        399.65097876267555,
        19.47671158297669,
        35.38998691826964,
        18.522732925364153
      ],
      "contour_line_pixels": [
        [
          512,
          39
        ],
        [
          503,
          35
        ],
        [
          471,
          30
        ],
        [
          439,
          30
        ],
        [
          407,
          27
        ],
        [
          398,
          22
        ],
        [
          375,
          15
        ],
        [
          343,
          2
        ],
        [
          337,
          0
        ]
      ]
    },
    {
      "elevation": 275,
      "elevation_bbox_pixels": [
        423.53397043447126,
        420.37771710556046,
        59.877010108164995,
        32.99023564368395
      ],
      "contour_line_pixels": []
    }
  ]
}