{
  "image": {
    "path": "N63E016_0315.png",
    "size": {
      "height": 512,
      "width": 512
    }
  },
  "labels": [
    {
      "elevation": 350,
      "elevation_bbox_pixels": [
        164.1361863229032,
        357.6060234848808,
        35.88746199208231,
        23.12759182081976
      ],
      "contour_line_pixels": [
        [
          0,
          212
        ],
        [
          10,
          212
        ],
        [
          24,
          224
        ],
        [
          31,
          229
        ],
        [
          45,
          241
        ],
        [
          51,
          257
        ],
        [
          52,
          258
        ],
        [
          65,
          275
        ],
        [
          67,
          292
        ],
        [
          72,
          309
        ],
        [
          72,
          309
        ],
        [
          72,
          326
        ],
        [
          72,
          343
        ],
        [
          72,
          344
        ],
        [
          62,
          361
        ],
        [
          54,
          378
        ],
        [
          51,
          386
        ],
        [
          48,
          395
        ],
        [
          34,
          412
        ],
        [
          31,
          415
        ],
        [
          10,
          429
        ],
        [
          10,
          429
        ],
        [
          0,
          429
        ]
      ]
    },
    {
      "elevation": 450,
      "elevation_bbox_pixels": [
        313.3779450284701,
        -5.471413177958993,
        57.25557405683685,
        35.75354690860826
      ],
      "contour_line_pixels": [
        [
          512,
          44
        ],
        [
          504,
          40
        ],
        [
          499,
          35
        ],
        [
          483,
          21
        ],
        [
          481,
          18
        ],
        [
          483,
          16
        ],
        [
          496,
          1
        ],
        [
          497,
          0
        ]
      ]
    },
    {
      "elevation": 425,
      "elevation_bbox_pixels": [
        330.0694507602625,
        58.66239502464532,
        30.29825771261949,
        18.49611380794795
      ],
      "contour_line_pixels": [
        [
          512,
          93
        ],
        [
          507,
          87
        ],
        [
          504,
          81
        ],
        [
          498,
          69
        ],
        [
          483,
          62
        ],
        [
          471,
          52
        ],
        [
          463,
          42
        ],
        [
          456,
          35
        ],
        [
          449,
          18
        ],
        [
          455,
          1
        ],
        [
          456,
          0
        ]
      ]
    },
    {
      "elevation": 400,
      "elevation_bbox_pixels": [
        305.7490710129815,
        162.9530014583401,
        54.92700212553041,
        28.804163971631283
      ],
      "contour_line_pixels": []
    },
    {
      "elevation": 375,
      "elevation_bbox_pixels": [
        254.35648693576553,
        131.157779753559,
        38.258936065452076,
        21.586265993068537
      ],
      "contour_line_pixels": [
        [
          462,
          512
        ],
        [
          456,
          498
        ],
        [
          442,
          481
        ],
        [
          442,
          480
        ],
        [
          422,
          470
        ],
        [
          408,
          463
        ],
        [
          401,
          455
        ],
        [
          391,
          446
        ],
        [
          381,
          430
        ],
        [
          380,
          429
        ],
        [
          380,
          412
        ],
        [
          370,
          395
        ],
        [
          381,
          386
        ],
        [
          386,
          378
        ],
        [
          401,
          361
        ],
        [
          401,
          360
        ],
        [
          406,
          343
        ],
        [
          422,
          326
        ],
        [
          422,
          326
        ],
        [
          437,
          309
        ],
        [
          442,
          301
        ],
        [
          453,
          292
        ],
        [
          442,
          286
        ],
        [
          432,
          275
        ],
        [
          422,
          258
        ],
        [
          422,
          258
        ],
        [
          401,
          241
        ],
        [
          401,
          241
        ],
        [
          381,
          230
        ],
        [
          367,
          224
        ],
        [
          360,
          219
        ],
        [
          345,
          206
        ],
        [
          339,
          198
        ],
        [
          333,
          189
        ],
        [
          329,
          172
        ],
        [
          319,
          156
        ],
        [
          319,
          155
        ],
        [
          298,
          138
        ],
        [
          298,
          138
        ],
        [
          278,
          121
        ],
        [
          278,
          121
        ],
        [
          264,
          104
        ],
        [
          257,
          99
        ],
        [
          242,
          87
        ],
        [
          237,
          78
        ],
        [
          230,
          69
        ],
        [
          216,
          65
        ],
        [
          195,
          60
        ],
        [
          175,
          57
        ],
        [
          161,
          52
        ],
        [
          154,
          50
        ],
        [
          134,
          43
        ],
        [
          118,
          35
        ],
        [
          113,
          33
        ],
        [
          93,
          29
        ],
        [
          72,
          25
        ],
        [
          51,
          21
        ],
        [
          45,
          18
        ],
        [
          31,
          13
        ],
        [
          10,
          8
        ],
        [
          0,
          8
        ]
      ]
    },
    {
      "elevation": 350,
      "elevation_bbox_pixels": [
        200.56956303846403,
        247.14052134343189,
        28.056305055232542,
        17.78704874616588
      ],