{
  "image": {
    "path": "N63E016_0902.png",
    "size": {
      "height": 512,
      "width": 512
    }
  },
  "labels": [
    {
      "elevation": 300,
      "elevation_bbox_pixels": [
        204.62407848148413,
        48.26857758025017,
        51.042034119140965,
        28.76125614782177
      ],
      "contour_line_pixels": []
    },
    {
      "elevation": 325,
      "elevation_bbox_pixels": [
        296.2468722787031,
        387.3988990675946,
        37.944796142834775,
        21.432304738218164
      ],
      "contour_line_pixels": [
        [
          443,
          512
        ],
        [
          443,
          490
        ],
        [
          418,
          467
        ],
        [
          418,
          466
        ],
        [
          397,
          443
        ],
        [
          386,
          420
        ],
        [
          386,
          419
        ],
        [
          386,
          419
        ],
        [
          418,
          406
        ],
        [
          444,
          396
        ],
        [
          451,
          394
        ],
        [
          483,
          388
        ],
        [
          512,
          382
        ]
      ]
    },
    {
      "elevation": 275,
      "elevation_bbox_pixels": [
        199.98081895940544,
        374.6992591071577,
        50.238538064554746,
        30.617833838019365
      ],
      "contour_line_pixels": [
        [
          0,
          478
        ],
        [
          1,
          478
        ],
        [
          33,
          478
        ],
        [
          65,
          479
        ],
        [
          97,
          478
        ],
        [
          129,
          475
        ],
        [
          161,
          470
        ],
        [
          177,
          466
        ],
        [
          175,
          443
        ],
        [
          161,
          425
        ],
        [
          157,
          419
        ],
        [
          151,
          396
        ],
        [
          161,
          390
        ],
        [
          193,
          372
        ],
        [
          193,
          372
        ],
        [
          226,
          366
        ],
        [
          258,
          360
        ],
        [
          290,
          354
        ],
        [
          311,
          348
        ],
        [
          322,
          346
        ],
        [
          354,
          344
        ],
        [
          386,
          343
        ],
        [
          418,
          338
        ],
        [
          451,
          333
        ],
        [
          483,
          332
        ],
        [
          512,
          329
        ]
      ]
    },
    {
      "elevation": 250,
      "elevation_bbox_pixels": [
        154.24894159031322,
        0.3457332271187852,
        58.231429282280374,
        35.92828914820416
      ],
      "contour_line_pixels": [
        [
          0,
          42
        ],
        [
          1,
          42
        ],
        [
          1,
          42
        ],
        [
          33,
          18
        ],
        [
          33,
          18
        ],
        [
          65,
          6
        ],
        [
          97,
          1
        ],
        [
          103,
          0
        ]
      ]
    }
  ]
}