{
  "image": {
    "path": "N63E016_0286.png",
    "size": {
      "height": 512,
      "width": 512
    }
  },
  "labels": [
    {
      "elevation": 500,
      "elevation_bbox_pixels": [
        324.6365949645984,
        477.53376869356595,
        30.419451533701135,
        16.94396420172673
      ],
      "contour_line_pixels": []
    },
    {
      "elevation": 475,
      "elevation_bbox_pixels": [
        168.2235919923082,
        357.13040547916535,
        47.62508859666474,
        25.12239105243492
      ],
      "contour_line_pixels": []
    },
    {
      "elevation": 450,
      "elevation_bbox_pixels": [
        251.87611424859193,
        342.11530021566193,
        27.436471449089254,
        15.03487608139875
      ],
      "contour_line_pixels": [
        [
          0,
          275
        ],
        [
          18,
          285
        ],
        [
          65,
          299
        ],
        [
          98,
          310
        ],
        [
          112,
          318
        ],
        [
          159,
          331
        ],
        [
          207,
          338
        ],
        [
          254,
          343
        ],
        [
          269,
          346
        ],
        [
          301,
          354
        ],
        [
          348,
          365
        ],
        [
          395,
          378
        ],
        [
          403,
          381
        ],
        [
          442,
          405
        ],
        [
          459,
          417
        ],
        [
          489,
          423
        ],
        [
          512,
          425
        ]
      ]
    },
    {
      "elevation": 425,
      "elevation_bbox_pixels": [
        219.12139110333322,
        289.3911386069058,
        55.53576086177884,
        26.882630300306005
      ],
      "contour_line_pixels": [
        [
          0,
          233
        ],
        [
          18,
          240
        ],
        [
          18,
          240
        ],
        [
          65,
          256
        ],
        [
          112,
          272
        ],
        [
          124,
          275
        ],
        [
          159,
          286
        ],
        [
          207,
          296
        ],
        [
          254,
          310
        ],
        [
          254,
          310
        ],
        [
          301,
          317
        ],
        [
          348,
          323
        ],
        [
          395,
          335
        ],
        [
          422,
          346
        ],
        [
          442,
          355
        ],
        [
          489,
          366
        ],
        [
          512,
          377
        ]
      ]
    },
    {
      "elevation": 400,
      "elevation_bbox_pixels": [
        159.30221780510934,
        187.82308846891806,
        51.40431695188698,
        27.365848613103026
      ],
      "contour_line_pixels": []
    },
    {
      "elevation": 375,
      "elevation_bbox_pixels": [
        185.83793152362563,
        114.99800681456992,
        34.68355443095345,
        16.318276442697766
      ],
      "contour_line_pixels": [
        [
          112,
          0
        ],
        [
          112,
          27
        ],
        [
          112,
          28
        ],
        [
          110,
          63
        ],
        [
          107,
          98
        ],
        [
          97,
          133
        ],
        [
          112,
          145
        ],
        [
          159,
          169
        ],
        [
          160,
          169
        ],
        [
          207,
          194
        ],
        [
          224,
          204
        ],
        [
          254,
          224
        ],
        [
          291,
          240
        ],
        [
          301,
          241
        ],
        [
          348,
          255
        ],
        [
          395,
          273
        ],
        [
          404,
          275
        ],
        [
          442,
          281
        ],
        [
          489,
          288
        ],
        [
          512,
          296
        ]
      ]
    },
    {
      "elevation": 350,
      "elevation_bbox_pixels": [
        276.375092345323,
        191.13132453764564,
        52.995069473217086,
        32.46848462133187
      ],
      "contour_line_pixels": [
        [
          179,
          0
        ],
        [
          178,
          27
        ],
        [
          189,
          63
        ],
        [
          207,
          91
        ],
        [
          214,
          98
        ],
        [
          254,
          120
        ],
        [
          268,
          133
        ],
        [
          301,
          156
        ],
        [
          318,
          169
        ],
        [
          348,
          188
        ],
        [
          388,
          204
        ],
        [
          395,
          207
        ],
        [
          442,
          223
        ],
        [
          489,
          240
        ],
        [
          489,
          240
        ],
        [
          512,
          247
        ]
      ]
    },
    {
      "elevation": 325,
      "elevation_bbox_pixels": [
        305.9012982444082,
        97.28784478227112,
        45.57424691171593,
        27.491876270538796
      ],
      "contour_line_pixels": [
        [
          399,
          0
        ],
        [
          411,
          27
        ],
        [
          430,
          63
        ],
        [
          442,
          80
        ],
        [
          454,
          98
        ],
        [
          489,
          125
        ],
        [
          501,
          133
        ],
        [
          512,
          138
        ]
      ]
    }
  ]
}