{
  "image": {
    "path": "N63E016_1255.png",
    "size": {
      "height": 512,
      "width": 512
    }
  },
  "labels": [
    {
      "elevation": 425,
      "elevation_bbox_pixels": [
        276.05266215207337,
        15.570579063660944,
        41.73033547877935,
        22.27138099949525
      ],
      "contour_line_pixels": []
    },
    {
      "elevation": 400,
      "elevation_bbox_pixels": [
        234.4766612487508,
        61.05041137099414,
        30.575084397904476,
        15.278976208639165
      ],
      "contour_line_pixels": []
    },
    {
      "elevation": 375,
      "elevation_bbox_pixels": [
        231.4651160656706,
        96.7036800800924,
        34.78447179012028,
        22.232386990057535
      ],
      "contour_line_pixels": [
        [
          512,
          130
        ],
        [
          492,
          134
        ],
        [
          492,
          134
        ],
        [
          452,
          139
        ],
        [
          413,
          140
        ],
        [
          374,
          139
        ],
        [
          335,
          136
        ],
        [
          321,
          134
        ],
        [
          295,
          127
        ],
        [
          256,
          121
        ],
        [
          246,
          118
        ],
        [
          217,
          108
        ],
        [
          190,
          103
        ],
        [
          177,
          99
        ],
        [
          138,
          94
        ],
        [
          99,
          93
        ],
        [
          59,
          98
        ],
        [
          50,
          103
        ],
        [
          42,
          118
        ],
        [
          42,
          134
        ],
        [
          24,
          149
        ],
        [
          20,
          150
        ],
        [
          0,
          151
        ]
      ]
    },
    {
      "elevation": 325,
      "elevation_bbox_pixels": [
        224.76449012538168,
        166.38738853243467,
        51.99578973988335,
        28.931712549807344
      ],
      "contour_line_pixels": [
        [
          512,
          177
        ],
        [
          492,
          178
        ],
        [
          452,
          177
        ],
        [
          413,
          174
        ],
        [
          374,
          167
        ],
        [
          363,
          164
        ],
        [
          335,
          162
        ],
        [
          295,
          158
        ],
        [
          256,
          158
        ],
        [
          231,
          164
        ],
        [
          226,
          180
        ],
        [
          217,
          190
        ],
        [
          207,
          195
        ],
        [
          177,
          202
        ],
        [
          138,
          202
        ],
        [
          99,
          197
        ],
        [
          89,
          195
        ],
        [
          59,
          193
        ],
        [
          20,
          192
        ],
        [
          0,
          192
        ]
      ]
    },
    {
      "elevation": 300,
      "elevation_bbox_pixels": [
        244.24829928142216,
        230.24136270783475,
        46.47236111023065,
        23.26105898822459
      ],
      "contour_line_pixels": [
        [
          512,
          204
        ],
        [
          492,
          201
        ],
        [
          452,
          198
        ],
        [
          413,
          198
        ],
        [
          374,
          200
        ],
        [
          335,
          210
        ],
        [
          358,
          226
        ],
        [
          348,
          241
        ],
        [
          335,
          242
        ],
        [
          295,
          241
        ],
        [
          294,
          241
        ],
        [
          256,
          240
        ],
        [
          217,
          233
        ],
        [
          177,
          229
        ],
        [
          138,
          226
        ],
        [
          137,
          226
        ],
        [
          99,
          225
        ],
        [
          59,
          225
        ],
        [
          40,
          226
        ],
        [
          40,
          241
        ],
        [
          46,
          256
        ],
        [
          20,
          258
        ],
        [
          0,
          257
        ]
      ]
    },
    {
      "elevation": 300,
      "elevation_bbox_pixels": [
        210.05272164071573,
        301.860807266987,
        32.51990642734313,
        16.477427261942807
      ],
      "contour_line_pixels": [
        [
          0,
          301
        ],
        [
          20,
          302
        ],
        [
          40,
          302
        ],
        [
          59,
          306
        ],
        [
          99,
          313
        ],
        [
          138,
          316
        ],
        [
          177,
          317
        ],
        [
          185,
          318
        ],
        [
          177,
          321
        ],
        [
          138,
          322
        ],
        [
          99,
          324
        ],
        [
          59,
          325
        ],
        [
          20,
          333
        ],
        [
          20,
          333
        ],
        [
          0,
          345
        ]
      ]
    },
    {
      "elevation": 275,
      "elevation_bbox_pixels": [
        214.1777790491744,
        383.62583381519573,
        40.92492668616211,
        25.1613717922026
      ],
      "contour_line_pixels": []
    },
    {
      "elevation": 250,
      "elevation_bbox_pixels": [
        244.07613329728736,
        425.42291801926154,
        40.69936479919784,
        20.52033795853268
      ],
      "contour_line_pixels": [
        [
          512,
          408
        ],
        [
          492,
          408
        ],
        [
          452,
          408
        ],
        [
          414,
          410
        ],
        [
          413,
          410
        ],
        [
          374,
          414
        ],
        [
          335,
          423
        ],
        [
          327,
          425
        ],
        [
          295,
          440
        ],
        [
          335,
          453
        ],
        [
          344,
          456
        ],
        [
          374,
          462
        ],
        [
          413,
          465
        ],
        [
          452,
          471
        ],
        [
          453,
          471
        ],
        [
          492,
          476
        ],
        [
          512,
          479
        ]
      ]
    }
  ]
}