{
  "image": {
    "path": "N63E016_0065.png",
    "size": {
      "height": 512,
      "width": 512
    }
  },
  "labels": [
    {
      "elevation": 350,
      "elevation_bbox_pixels": [
        201.20323723050427,
        446.4366493579395,
        50.94888935350093,
        28.12470625612451
      ],
      "contour_line_pixels": [
        [
          0,
          457
        ],
        [
          55,
          459
        ],
        [
          147,
          461
        ],
        [
          238,
          468
        ],
        [
          284,
          473
        ],
        [
          330,
          478
        ],
        [
          422,
          482
        ],
        [
          512,
          480
        ]
      ]
    },
    {
      "elevation": 325,
      "elevation_bbox_pixels": [
        248.2518437088526,
        374.0942366297122,
        25.76295414859183,
        15.880708278762583
      ],
      "contour_line_pixels": [
        [
          0,
          336
        ],
        [
          55,
          346
        ],
        [
          101,
          352
        ],
        [
          147,
          358
        ],
        [
          238,
          373
        ],
        [
          330,
          393
        ],
        [
          331,
          393
        ],
        [
          422,
          401
        ],
        [
          512,
          413
        ]
      ]
    },
    {
      "elevation": 300,
      "elevation_bbox_pixels": [
        215.65996598867474,
        215.63101017569062,
        55.57881369403083,
        27.16237917633987
      ],
      "contour_line_pixels": [
        [
          0,
          213
        ],
        [
          55,
          221
        ],
        [
          147,
          229
        ],
        [
          238,
          230
        ],
        [
          330,
          232
        ],
        [
          331,
          232
        ],
        [
          422,
          243
        ],
        [
          512,
          260
        ]
      ]
    },
    {
      "elevation": 225,
      "elevation_bbox_pixels": [
        225.4162007282838,
        70.44193130384605,
        40.712654082779636,
        24.843134217384545
      ],
      "contour_line_pixels": [
        [
          0,
          74
        ],
        [
          55,
          80
        ],
        [
          147,
          82
        ],
        [
          238,
          83
        ],
        [
          330,
          84
        ],
        [
          422,
          83
        ],
        [
          512,
          83
        ]
      ]
    },
    {
      "elevation": 250,
      "elevation_bbox_pixels": [
        207.8566902196981,
        110.64467477442162,
        45.40523204561026,
        25.24509678748575
      ],
      "contour_line_pixels": [
        [
          0,
          115
        ],
        [
          55,
          122
        ],
        [
          147,
          124
        ],
        [
          238,
          126
        ],
        [
          330,
          128
        ],
        [
          422,
          132
        ],
        [
          512,
          133
        ]
      ]
    },
    {
      "elevation": 275,
      "elevation_bbox_pixels": [
        227.35785363237915,
        156.93133957919338,
        59.03403040972853,
        28.335953685405684
      ],
      "contour_line_pixels": [
        [
          0,
          146
        ],
        [
          55,
          149
        ],
        [
          101,
          151
        ],
        [
          147,
          157
        ],
        [
          238,
          169
        ],
        [
          330,
          177
        ],
        [
          422,
          181
        ],
        [
          512,
          183
        ]
      ]
    }
  ]
}