{
  "image": {
    "path": "N63E016_1575.png",
    "size": {
      "height": 512,
      "width": 512
    }
  },
  "labels": [
    {
      "elevation": 350,
      "elevation_bbox_pixels": [
        199.05616165669298,
        479.4470622774431,
        41.78705139805771,
        26.07145643937713
      ],
      "contour_line_pixels": []
    },
    {
      "elevation": 325,
      "elevation_bbox_pixels": [
        172.33729333616705,
        408.4768951316015,
        63.20963299239696,
        38.26048087428791
      ],
      "contour_line_pixels": [
        [
          0,
          413
        ],
        [
          17,
          414
        ],
        [
          54,
          417
        ],
        [
          92,
          420
        ],
        [
          129,
          429
        ],
        [
          156,
          436
        ],
        [
          167,
          440
        ],
        [
          205,
          453
        ],
        [
          242,
          464
        ],
        [
          265,
          469
        ],
        [
          280,
          474
        ],
        [
          317,
          485
        ],
        [
          351,
          503
        ],
        [
          355,
          506
        ],
        [
          364,
          512
        ]
      ]
    },
    {
      "elevation": 275,
      "elevation_bbox_pixels": [
        182.48329182587975,
        350.4417690268564,
        44.444153442477045,
        20.433316359886078
      ],
      "contour_line_pixels": [
        [
          0,
          333
        ],
        [
          17,
          335
        ],
        [
          23,
          336
        ],
        [
          54,
          344
        ],
        [
          92,
          353
        ],
        [
          129,
          362
        ],
        [
          167,
          368
        ],
        [
          186,
          370
        ],
        [
          205,
          371
        ],
        [
          242,
          378
        ],
        [
          280,
          386
        ],
        [
          317,
          398
        ],
        [
          333,
          403
        ],
        [
          355,
          412
        ],
        [
          392,
          424
        ],
        [
          430,
          434
        ],
        [
          434,
          436
        ],
        [
          467,
          454
        ],
        [
          505,
          467
        ],
        [
          510,
          469
        ],
        [
          512,
          470
        ]
      ]
    },
    {
      "elevation": 250,
      "elevation_bbox_pixels": [
        256.20835010909883,
        341.53061026646026,
        49.34777940590982,
        27.138914176556966
      ],
      "contour_line_pixels": [
        [
          0,
          276
        ],
        [
          17,
          283
        ],
        [
          54,
          290
        ],
        [
          92,
          298
        ],
        [
          107,
          303
        ],
        [
          129,
          310
        ],
        [
          167,
          319
        ],
        [
          205,
          325
        ],
        [
          242,
          334
        ],
        [
          247,
          336
        ],
        [
          280,
          346
        ],
        [
          317,
          354
        ],
        [
          355,
          370
        ],
        [
          355,
          370
        ],
        [
          392,
          378
        ],
        [
          430,
          387
        ],
        [
          459,
          403
        ],
        [
          467,
          408
        ],
        [
          505,
          418
        ],
        [
          512,
          420
        ]
      ]
    }
  ]
}