{
  "image": {
    "path": "N63E016_1411.png",
    "size": {
      "height": 512,
      "width": 512
    }
  },
  "labels": [
    {
      "elevation": 300,
      "elevation_bbox_pixels": [
        124.97436700616666,
        19.65634558585242,
        46.552882114640795,
        21.91193143971725
      ],
      "contour_line_pixels": [
        [
          19,
          0
        ],
        [
          20,
          0
        ],
        [
          28,
          12
        ],
        [
          33,
          19
        ],
        [
          42,
          27
        ],
        [
          46,
          42
        ],
        [
          47,
          42
        ],
        [
          60,
          57
        ],
        [
          60,
          57
        ],
        [
          60,
          57
        ],
        [
          50,
          72
        ],
        [
          46,
          74
        ],
        [
          33,
          76
        ],
        [
          24,
          72
        ],
        [
          20,
          71
        ],
        [
          7,
          65
        ],
        [
          0,
          60
        ]
      ]
    },
    {
      "elevation": 275,
      "elevation_bbox_pixels": [
        256.58224993791754,
        315.1327295187123,
        49.44858927863936,
        26.616697584240114
      ],
      "contour_line_pixels": [
        [
          258,
          303
        ],
        [
          250,
          298
        ],
        [
          245,
          283
        ],
        [
          245,
          283
        ],
        [
          245,
          283
        ],
        [
          258,
          268
        ],
        [
          258,
          268
        ],
        [
          272,
          265
        ],
        [
          285,
          268
        ],
        [
          285,
          268
        ],
        [
          298,
          275
        ],
        [
          309,
          283
        ],
        [
          311,
          286
        ],
        [
          325,
          296
        ],
        [
          327,
          298
        ],
        [
          338,
          313
        ],
        [
          338,
          313
        ],
        [
          338,
          313
        ],
        [
          329,
          328
        ],
        [
          325,
          330
        ],
        [
          311,
          329
        ],
        [
          305,
          328
        ],
        [
          298,
          326
        ],
        [
          285,
          321
        ],
        [
          272,
          313
        ],
        [
          272,
          313
        ],
        [
          258,
          303
        ]
      ]
    },
    {
      "elevation": 275,
      "elevation_bbox_pixels": [
        194.16836386728076,
        196.47842590822717,
        34.169915514975344,
        23.248453587575455
      ],
      "contour_line_pixels": [
        [
          139,
          0
        ],
        [
          152,
          12
        ],
        [
          152,
          12
        ],
        [
          161,
          27
        ],
        [
          166,
          42
        ],
        [
          166,
          42
        ],
        [
          166,
          42
        ],
        [
          162,
          57
        ],
        [
          166,
          72
        ],
        [
          166,
          72
        ],
        [
          179,
          83
        ],
        [
          186,
          87
        ],
        [
          192,
          95
        ],
        [
          199,
          102
        ],
        [
          205,
          110
        ],
        [
          210,
          117
        ],
        [
          219,
          125
        ],
        [
          228,
          132
        ],
        [
          232,
          137
        ],
        [
          237,
          147
        ],
        [
          232,
          162
        ],
        [
          232,
          178
        ],
        [
          232,
          193
        ],
        [
          232,
          193
        ],
        [
          219,
          203
        ],
        [
          206,
          208
        ],
        [
          205,
          208
        ],
        [
          192,
          211
        ],
        [
          179,
          210
        ],
        [
          166,
          208
        ],
        [
          165,
          208
        ],
        [
          152,
          205
        ],
        [
          139,
          203
        ],
        [
          126,
          200
        ],
        [
          113,
          197
        ],
        [
          99,
          193
        ],
        [
          99,
          193
        ],
        [
          86,
          184
        ],
        [
          73,
          178
        ],
        [
          73,
          178
        ],
        [
          60,
          169
        ],
        [
          46,
          163
        ],
        [
          46,
          162
        ],
        [
          33,
          154
        ],
        [
          20,
          149
        ],
        [
          15,
          147
        ],
        [
          7,
          143
        ],
        [
          0,
          138
        ]
      ]
    },
    {
      "elevation": 250,
      "elevation_bbox_pixels": [
        274.6811339272464,
        374.89846915005677,
        42.91348259309575,
        22.019586161263874
      ],