{
  "image": {
    "path": "N63E016_1315.png",
    "size": {
      "height": 512,
      "width": 512
    }
  },
  "labels": [
    {
      "elevation": 275,
      "elevation_bbox_pixels": [
        240.78184273988188,
        189.13214286558366,
        59.04148958872179,
        36.54134409079256
      ],
      "contour_line_pixels": [
        [
          295,
          247
        ],
        [
          279,
          240
        ],
        [
          275,
          237
        ],
        [
          254,
          228
        ],
        [
          249,
          225
        ],
        [
          254,
          210
        ],
        [
          254,
          210
        ],
        [
          275,
          204
        ],
        [
          295,
          207
        ],
        [
          316,
          210
        ],
        [
          316,
          210
        ],
        [
          336,
          213
        ],
        [
          357,
          218
        ],
        [
          377,
          225
        ],
        [
          377,
          225
        ],
        [
          378,
          240
        ],
        [
          377,
          241
        ],
        [
          357,
          248
        ],
        [
          336,
          250
        ],
        [
          316,
          249
        ],
        [
          295,
          247
        ]
      ]
    },
    {
      "elevation": 275,
      "elevation_bbox_pixels": [
        151.7469689108235,
        47.776088317068854,
        50.507463938502724,
        30.46357555751763
      ],
      "contour_line_pixels": [
        [
          0,
          43
        ],
        [
          4,
          45
        ],
        [
          9,
          50
        ],
        [
          19,
          60
        ],
        [
          9,
          66
        ],
        [
          0,
          68
        ]
      ]
    },
    {
      "elevation": 275,
      "elevation_bbox_pixels": [
        150.82210002319562,
        436.6272674207016,
        51.07122523335693,
        26.139990348480808
      ],
      "contour_line_pixels": []
    },
    {
      "elevation": 275,
      "elevation_bbox_pixels": [
        295.59949500855487,
        426.39438610649165,
        59.53927389282808,
        30.791775225951085
      ],
      "contour_line_pixels": [
        [
          512,
          505
        ],
        [
          500,
          496
        ],
        [
          500,
          496
        ],
        [
          479,
          481
        ],
        [
          479,
          481
        ],
        [
          466,
          466
        ],
        [
          463,
          451
        ],
        [
          472,
          436
        ],
        [
          479,
          421
        ],
        [
          479,
          421
        ],
        [
          500,
          416
        ],
        [
          512,
          416
        ]
      ]
    },
    {
      "elevation": 250,
      "elevation_bbox_pixels": [
        153.4130309586866,
        493.7249930169273,
        47.43069982910788,
        27.64178303557867
      ],
      "contour_line_pixels": [
        [
          27,
          512
        ],
        [
          24,
          511
        ],
        [
          9,
          505
        ],
        [
          0,
          503
        ]
      ]
    }
  ]
}