{
  "image": {
    "path": "N63E016_0870.png",
    "size": {
      "height": 512,
      "width": 512
    }
  },
  "labels": [
    {
      "elevation": 300,
      "elevation_bbox_pixels": [
        280.2921324333602,
        10.675988045377665,
        37.022417364812895,
        21.016879380967453
      ],
      "contour_line_pixels": []
    },
    {
      "elevation": 350,
      "elevation_bbox_pixels": [
        268.9544447495374,
        325.3100372366824,
        54.29700825067607,
        28.23909917655726
      ],
      "contour_line_pixels": [
        [
          512,
          364
        ],
        [
          474,
          364
        ],
        [
          421,
          364
        ],
        [
          368,
          364
        ],
        [
          366,
          364
        ],
        [
          366,
          340
        ],
        [
          368,
          339
        ],
        [
          421,
          339
        ],
        [
          474,
          339
        ],
        [
          475,
          340
        ],
        [
          512,
          356
        ]
      ]
    },
    {
      "elevation": 325,
      "elevation_bbox_pixels": [
        187.01943839107113,
        245.85589717990956,
        40.266311395418654,
        19.300274668983093
      ],
      "contour_line_pixels": []
    },
    {
      "elevation": 300,
      "elevation_bbox_pixels": [
        249.68959901604828,
        196.68531150714557,
        33.80211403201983,
        18.72097877144688
      ],
      "contour_line_pixels": [
        [
          0,
          181
        ],
        [
          48,
          179
        ],
        [
          101,
          179
        ],
        [
          154,
          180
        ],
        [
          208,
          182
        ],
        [
          261,
          190
        ],
        [
          273,
          194
        ],
        [
          314,
          208
        ],
        [
          368,
          216
        ],
        [
          381,
          218
        ],
        [
          421,
          225
        ],
        [
          474,
          240
        ],
        [
          485,
          242
        ],
        [
          512,
          250
        ]
      ]
    }
  ]
}