{
  "image": {
    "path": "N63E016_0114.png",
    "size": {
      "height": 512,
      "width": 512
    }
  },
  "labels": [
    {
      "elevation": 275,
      "elevation_bbox_pixels": [
        301.29758367567615,
        354.8232248786567,
        48.30875791633616,
        30.444983579179237
      ],
      "contour_line_pixels": [
        [
          322,
          439
        ],
        [
          337,
          443
        ],
        [
          352,
          449
        ],
        [
          367,
          457
        ],
        [
          382,
          457
        ],
        [
          397,
          457
        ],
        [
          412,
          435
        ],
        [
          404,
          414
        ],
        [
          402,
          392
        ],
        [
          397,
          381
        ],
        [
          382,
          370
        ],
        [
          367,
          370
        ],
        [
          352,
          370
        ],
        [
          337,
          370
        ],
        [
          322,
          370
        ],
        [
          306,
          370
        ],
        [
          292,
          392
        ],
        [
          292,
          414
        ],
        [
          306,
          435
        ],
        [
          307,
          435
        ],
        [
          322,
          439
        ]
      ]
    },
    {
      "elevation": 325,
      "elevation_bbox_pixels": [
        124.40364059894222,
        397.45453651438976,
        47.28205213938156,
        26.60786521521308
      ],
      "contour_line_pixels": [
        [
          96,
          440
        ],
        [
          91,
          435
        ],
        [
          88,
          414
        ],
        [
          96,
          409
        ],
        [
          111,
          411
        ],
        [
          113,
          414
        ],
        [
          120,
          435
        ],
        [
          111,
          441
        ],
        [
          96,
          440
        ]
      ]
    },
    {
      "elevation": 275,
      "elevation_bbox_pixels": [
        221.159256653223,
        247.00928287545452,
        47.183758999505926,
        26.298219121298786
      ],
      "contour_line_pixels": []
    },
    {
      "elevation": 275,
      "elevation_bbox_pixels": [
        115.01005536296586,
        49.1951326810381,
        52.46571856622455,
        31.484824389014648
      ],
      "contour_line_pixels": [
        [
          93,
          0
        ],
        [
          81,
          9
        ],
        [
          66,
          20
        ],
        [
          65,
          20
        ],
        [
          58,
          42
        ],
        [
          65,
          49
        ],
        [
          81,
          63
        ],
        [
          81,
          64
        ],
        [
          96,
          80
        ],
        [
          99,
          85
        ],
        [
          105,
          107
        ],
        [
          96,
          124
        ],
        [
          91,
          129
        ],
        [
          81,
          134
        ],
        [
          65,
          135
        ],
        [
          50,
          136
        ],
        [
          35,
          136
        ],
        [
          20,
          135
        ],
        [
          5,
          134
        ],
        [
          0,
          133
        ]
      ]
    },
    {
      "elevation": 300,
      "elevation_bbox_pixels": [
        367.93153247899977,
        282.24621922889276,
        42.25964319276818,
        24.20704208512751
      ],
      "contour_line_pixels": [
        [
          512,
          415
        ],
        [
          511,
          414
        ],
        [
          508,
          392
        ],
        [
          502,
          381
        ],
        [
          498,
          370
        ],
        [
          494,
          348
        ],
        [
          487,
          335
        ],
        [
          480,
          326
        ],
        [
          472,
          315
        ],
        [
          465,
          304
        ],
        [
          457,
          293
        ],
        [
          447,
          282
        ],
        [
          442,
          271
        ],
        [
          440,
          260
        ],
        [
          440,
          239
        ],
        [
          440,
          217
        ],
        [
          442,
          211
        ],
        [
          453,
          195
        ],
        [
          457,
          191
        ],
        [
          472,
          173
        ],
        [
          472,
          173
        ],
        [
          487,
          162
        ],
        [
          502,
          155
        ],
        [
          512,
          153
        ]
      ]
    },
    {
      "elevation": 300,
      "elevation_bbox_pixels": [
        180.04169697395645,
        430.87702513462426,
        35.35374182282942,
        21.371467564729407
      ],
      "contour_line_pixels": [
        [
          106,
          512
        ],
        [
          106,
          501
        ],
        [
          96,
          479
        ],
        [
          95,
          479
        ],
        [
          81,
          457
        ],
        [
          80,
          457
        ],
        [
          65,
          443
        ],
        [
          62,
          435
        ],
        [
          50,
          414
        ],
        [
          50,
          414
        ],
        [
          49,
          392
        ],
        [
          50,
          390
        ],
        [
          65,
          385
        ],
        [
          81,
          383
        ],
        [
          96,
          386
        ],
        [
          111,
          388
        ],
        [
          118,
          392
        ],
        [
          126,
          397
        ],
        [
          141,
          411
        ],
        [
          145,
          414
        ],
        [
          156,
          430
        ],
        [
          163,
          435
        ],
        [
          171,
          446
        ],
        [
          186,
          457
        ],
        [
          186,
          457
        ],
        [
          201,
          468
        ],
        [
          206,
          479
        ],
        [
          216,
          490
        ],
        [
          222,
          501
        ],
        [
          222,
          512
        ]
      ]
    },
    {
      "elevation": 325,
      "elevation_bbox_pixels": [
        406.1014246558501,
        240.86488018065643,
        35.593644479459954,
        18.433591776118618
      ],
      "contour_line_pixels": [
        [
          512,
          290
        ],
        [
          509,
          282
        ],
        [
          510,
          260
        ],
        [
          512,
          239
        ],
        [
          512,
          238
        ]
      ]
    }
  ]
}