{
  "image": {
    "path": "N63E016_1336.png",
    "size": {
      "height": 512,
      "width": 512
    }
  },
  "labels": [
    {
      "elevation": 275,
      "elevation_bbox_pixels": [
        321.6115589085999,
        17.601652159316643,
        42.454469071811104,
        26.147024169642123
      ],
      "contour_line_pixels": [
        [
          512,
          12
        ],
        [
          494,
          13
        ],
        [
          465,
          19
        ],
        [
          450,
          25
        ],
        [
          436,
          29
        ],
        [
          407,
          33
        ],
        [
          378,
          34
        ],
        [
          349,
          33
        ],
        [
          320,
          28
        ],
        [
          311,
          25
        ],
        [
          291,
          8
        ],
        [
          262,
          0
        ],
        [
          259,
          0
        ]
      ]
    },
    {
      "elevation": 250,
      "elevation_bbox_pixels": [
        226.03472453660007,
        15.189974142676022,
        50.630768861125176,
        30.4840913089555
      ],
      "contour_line_pixels": [
        [
          512,
          65
        ],
        [
          494,
          63
        ],
        [
          465,
          65
        ],
        [
          436,
          66
        ],
        [
          407,
          67
        ],
        [
          378,
          68
        ],
        [
          349,
          67
        ],
        [
          320,
          63
        ],
        [
          299,
          59
        ],
        [
          291,
          56
        ],
        [
          262,
          34
        ],
        [
          233,
          27
        ],
        [
          225,
          25
        ],
        [
          204,
          18
        ],
        [
          175,
          11
        ],
        [
          146,
          3
        ],
        [
          130,
          0
        ]
      ]
    },
    {
      "elevation": 225,
      "elevation_bbox_pixels": [
        283.42349629349565,
        74.22027964185918,
        51.07122523335693,
        26.13999034848075
      ],
      "contour_line_pixels": [
        [
          512,
          103
        ],
        [
          500,
          92
        ],
        [
          494,
          90
        ],
        [
          465,
          88
        ],
        [
          436,
          87
        ],
        [
          407,
          87
        ],
        [
          378,
          88
        ],
        [
          349,
          87
        ],
        [
          320,
          82
        ],
        [
          291,
          75
        ],
        [
          268,
          59
        ],
        [
          262,
          54
        ],
        [
          233,
          43
        ],
        [
          204,
          38
        ],
        [
          175,
          34
        ],
        [
          146,
          25
        ],
        [
          145,
          25
        ],
        [
          117,
          19
        ],
        [
          87,
          13
        ],
        [
          67,
          0
        ]
      ]
    },
    {
      "elevation": 200,
      "elevation_bbox_pixels": [
        105.17388669819655,
        436.86055431442105,
        59.414420952455316,
        30.785713602383595
      ],
      "contour_line_pixels": []
    }
  ]
}