{
  "image": {
    "path": "N63E016_0741.png",
    "size": {
      "height": 512,
      "width": 512
    }
  },
  "labels": [
    {
      "elevation": 350,
      "elevation_bbox_pixels": [
        80.47510809622321,
        110.87475397928137,
        43.893134983358436,
        24.00379258531177
      ],
      "contour_line_pixels": []
    },
    {
      "elevation": 350,
      "elevation_bbox_pixels": [
        175.86457018944714,
        219.79230865374075,
        59.76983658793756,
        30.760452687901306
      ],
      "contour_line_pixels": [
        [
          162,
          354
        ],
        [
          160,
          352
        ],
        [
          157,
          348
        ],
        [
          152,
          342
        ],
        [
          147,
          336
        ],
        [
          145,
          332
        ],
        [
          143,
          327
        ],
        [
          138,
          319
        ],
        [
          135,
          312
        ],
        [
          133,
          302
        ],
        [
          130,
          292
        ],
        [
          128,
          282
        ],
        [
          125,
          272
        ],
        [
          123,
          253
        ],
        [
          123,
          252
        ],
        [
          123,
          232
        ],
        [
          123,
          232
        ],
        [
          125,
          213
        ],
        [
          128,
          203
        ],
        [
          130,
          193
        ],
        [
          133,
          186
        ],
        [
          138,
          179
        ],
        [
          142,
          173
        ],
        [
          143,
          173
        ],
        [
          147,
          168
        ],
        [
          152,
          168
        ],
        [
          157,
          168
        ],
        [
          162,
          173
        ],
        [
          162,
          173
        ],
        [
          167,
          176
        ],
        [
          172,
          182
        ],
        [
          177,
          188
        ],
        [
          182,
          191
        ],
        [
          187,
          193
        ],
        [
          187,
          193
        ],
        [
          192,
          198
        ],
        [
          197,
          201
        ],
        [
          202,
          208
        ],
        [
          204,
          213
        ],
        [
          207,
          222
        ],
        [
          208,
          232
        ],
        [
          208,
          252
        ],
        [
          208,
          272
        ],
        [
          209,
          292
        ],
        [
          212,
          307
        ],
        [
          213,
          312
        ],
        [
          217,
          328
        ],
        [
          219,
          332
        ],
        [
          222,
          342
        ],
        [
          224,
          352
        ],
        [
          222,
          371
        ],
        [
          222,
          372
        ],
        [
          217,
          381
        ],
        [
          212,
          391
        ],
        [
          212,
          392
        ],
        [
          207,
          398
        ],
        [
          202,
          398
        ],
        [
          197,
          392
        ],
        [
          192,
          391
        ],
        [
          192,
          391
        ],
        [
          187,
          386
        ],
        [
          182,
          381
        ],
        [
          177,
          372
        ],
        [
          177,
          371
        ],
        [
          172,
          368
        ],
        [
          167,
          360
        ],
        [
          162,
          354
        ]
      ]
    },
    {
      "elevation": 300,
      "elevation_bbox_pixels": [
        202.19984737593154,
        97.73632192351425,
        52.867390292112276,
        34.51344205680232
      ],
      "contour_line_pixels": []
    },
    {
      "elevation": 275,
      "elevation_bbox_pixels": [
        287.0581004240818,
        220.54142694701704,
        35.79310895336556,
        19.08830714919077
      ],
      "contour_line_pixels": []
    }
  ]
}