{
  "image": {
    "path": "N63E016_1351.png",
    "size": {
      "height": 512,
      "width": 512
    }
  },
  "labels": [
    {
      "elevation": 300,
      "elevation_bbox_pixels": [
        267.2760720338815,
        26.301290895949194,
        54.36569612340003,
        27.032658886777085
      ],
      "contour_line_pixels": []
    },
    {
      "elevation": 275,
      "elevation_bbox_pixels": [
        229.40971930535812,
        107.13642099150127,
        53.1359765082351,
        28.348373678985126
      ],
      "contour_line_pixels": [
        [
          512,
          197
        ],
        [
          483,
          186
        ],
        [
          470,
          181
        ],
        [
          436,
          174
        ],
        [
          390,
          163
        ],
        [
          349,
          151
        ],
        [
          344,
          149
        ],
        [
          297,
          134
        ],
        [
          251,
          120
        ],
        [
          251,
          120
        ],
        [
          205,
          103
        ],
        [
          171,
          89
        ],
        [
          158,
          80
        ],
        [
          122,
          58
        ],
        [
          153,
          27
        ],
        [
          158,
          20
        ],
        [
          182,
          0
        ]
      ]
    },
    {
      "elevation": 250,
      "elevation_bbox_pixels": [
        234.0967159247566,
        145.85371287691157,
        35.38998691826964,
        18.522732925364153
      ],
      "contour_line_pixels": [
        [
          512,
          250
        ],
        [
          483,
          244
        ],
        [
          475,
          243
        ],
        [
          436,
          233
        ],
        [
          390,
          224
        ],
        [
          359,
          212
        ],
        [
          344,
          202
        ],
        [
          313,
          181
        ],
        [
          297,
          176
        ],
        [
          251,
          158
        ],
        [
          228,
          151
        ],
        [
          205,
          143
        ],
        [
          158,
          128
        ],
        [
          135,
          120
        ],
        [
          112,
          107
        ],
        [
          84,
          89
        ],
        [
          66,
          74
        ],
        [
          51,
          58
        ],
        [
          33,
          27
        ],
        [
          33,
          0
        ]
      ]
    },
    {
      "elevation": 225,
      "elevation_bbox_pixels": [
        226.3132684962561,
        209.55736040281693,
        59.752500644518506,
        32.979172485794834
      ],
      "contour_line_pixels": [
        [
          512,
          286
        ],
        [
          483,
          280
        ],
        [
          452,
          274
        ],
        [
          436,
          272
        ],
        [
          390,
          268
        ],
        [
          344,
          263
        ],
        [
          297,
          251
        ],
        [
          282,
          243
        ],
        [
          251,
          222
        ],
        [
          236,
          212
        ],
        [
          205,
          181
        ],
        [
          205,
          181
        ],
        [
          158,
          169
        ],
        [
          129,
          151
        ],
        [
          112,
          144
        ],
        [
          66,
          126
        ],
        [
          57,
          120
        ],
        [
          19,
          97
        ],
        [
          2,
          89
        ],
        [
          0,
          88
        ]
      ]
    },
    {
      "elevation": 200,
      "elevation_bbox_pixels": [
        204.67926918343943,
        385.3755912236019,
        44.81451765515237,
        24.354250627553682
      ],
      "contour_line_pixels": []
    }
  ]
}