{
  "image": {
    "path": "N63E016_0059.png",
    "size": {
      "height": 512,
      "width": 512
    }
  },
  "labels": [
    {
      "elevation": 225,
      "elevation_bbox_pixels": [
        282.1915827385234,
        229.4514063686579,
        63.293021605612694,
        38.115712441228425
      ],
      "contour_line_pixels": [
        [
          512,
          348
        ],
        [
          502,
          341
        ],
        [
          502,
          341
        ],
        [
          449,
          322
        ],
        [
          395,
          302
        ],
        [
          389,
          300
        ],
        [
          388,
          260
        ],
        [
          395,
          257
        ],
        [
          449,
          242
        ],
        [
          502,
          225
        ],
        [
          512,
          223
        ]
      ]
    },
    {
      "elevation": 225,
      "elevation_bbox_pixels": [
        207.79038334015596,
        498.2809315068807,
        49.826687138633275,
        25.408814903130526
      ],
      "contour_line_pixels": [
        [
          124,
          512
        ],
        [
          129,
          511
        ],
        [
          182,
          511
        ],
        [
          235,
          511
        ],
        [
          253,
          512
        ]
      ]
    }
  ]
}