{
  "image": {
    "path": "N63E016_1017.png",
    "size": {
      "height": 512,
      "width": 512
    }
  },
  "labels": [
    {
      "elevation": 300,
      "elevation_bbox_pixels": [
        170.5994037496767,
        96.02639443482525,
        46.799948954099705,
        28.33924511802809
      ],
      "contour_line_pixels": [
        [
          0,
          73
        ],
        [
          16,
          77
        ],
        [
          37,
          87
        ],
        [
          44,
          88
        ],
        [
          58,
          99
        ],
        [
          69,
          104
        ],
        [
          79,
          120
        ],
        [
          79,
          120
        ],
        [
          79,
          120
        ],
        [
          58,
          124
        ],
        [
          37,
          126
        ],
        [
          16,
          128
        ],
        [
          0,
          128
        ]
      ]
    },
    {
      "elevation": 325,
      "elevation_bbox_pixels": [
        191.06422952788816,
        498.889043526753,
        32.28750674573604,
        15.568877210782443
      ],
      "contour_line_pixels": [
        [
          0,
          512
        ],
        [
          16,
          511
        ],
        [
          37,
          510
        ],
        [
          58,
          508
        ],
        [
          79,
          508
        ],
        [
          100,
          507
        ],
        [
          121,
          507
        ],
        [
          142,
          509
        ],
        [
          157,
          512
        ]
      ]
    },
    {
      "elevation": 300,
      "elevation_bbox_pixels": [
        255.57048333410145,
        444.05927130968456,
        40.94744536204783,
        24.02356124311396
      ],
      "contour_line_pixels": [
        [
          0,
          475
        ],
        [
          16,
          472
        ],
        [
          16,
          472
        ],
        [
          37,
          467
        ],
        [
          58,
          460
        ],
        [
          79,
          456
        ],
        [
          79,
          456
        ],
        [
          100,
          451
        ],
        [
          121,
          451
        ],
        [
          142,
          452
        ],
        [
          163,
          451
        ],
        [
          184,
          451
        ],
        [
          205,
          456
        ],
        [
          226,
          456
        ],
        [
          247,
          456
        ],
        [
          268,
          456
        ],
        [
          289,
          456
        ],
        [
          310,
          456
        ],
        [
          331,
          456
        ],
        [
          352,
          456
        ],
        [
          373,
          456
        ],
        [
          373,
          456
        ],
        [
          394,
          464
        ],
        [
          415,
          467
        ],
        [
          436,
          472
        ],
        [
          436,
          472
        ],
        [
          456,
          480
        ],
        [
          477,
          488
        ],
        [
          478,
          488
        ],
        [
          498,
          504
        ],
        [
          499,
          504
        ],
        [
          504,
          512
        ]
      ]
    },
    {
      "elevation": 275,
      "elevation_bbox_pixels": [
        162.33382012681594,
        145.9530150376537,
        37.0852213661787,
        20.39787750676328
      ],
      "contour_line_pixels": []
    }
  ]
}