{
  "image": {
    "path": "N63E016_1486.png",
    "size": {
      "height": 512,
      "width": 512
    }
  },
  "labels": [
    {
      "elevation": 275,
      "elevation_bbox_pixels": [
        204.2945495131563,
        457.0654796980682,
        33.96344205274522,
        16.065736911839437
      ],
      "contour_line_pixels": [
        [
          36,
          512
        ],
        [
          33,
          508
        ],
        [
          33,
          508
        ],
        [
          33,
          483
        ],
        [
          33,
          483
        ],
        [
          55,
          458
        ],
        [
          66,
          456
        ],
        [
          99,
          453
        ],
        [
          132,
          458
        ],
        [
          132,
          458
        ],
        [
          164,
          470
        ],
        [
          197,
          478
        ],
        [
          205,
          483
        ],
        [
          230,
          497
        ],
        [
          263,
          503
        ],
        [
          275,
          508
        ],
        [
          286,
          512
        ]
      ]
    },
    {
      "elevation": 250,
      "elevation_bbox_pixels": [
        179.586569975689,
        401.5577023353525,
        56.58470247859378,
        32.84703930502678
      ],
      "contour_line_pixels": [
        [
          0,
          421
        ],
        [
          0,
          421
        ],
        [
          33,
          418
        ],
        [
          66,
          417
        ],
        [
          99,
          417
        ],
        [
          132,
          419
        ],
        [
          164,
          422
        ],
        [
          197,
          430
        ],
        [
          205,
          434
        ],
        [
          230,
          449
        ],
        [
          245,
          458
        ],
        [
          263,
          467
        ],
        [
          292,
          483
        ],
        [
          296,
          484
        ],
        [
          329,
          496
        ],
        [
          361,
          508
        ],
        [
          361,
          508
        ],
        [
          373,
          512
        ]
      ]
    },
    {
      "elevation": 200,
      "elevation_bbox_pixels": [
        290.4014707153813,
        424.1290936763594,
        47.83963846246968,
        32.42303021201681
      ],
      "contour_line_pixels": []
    }
  ]
}