{
  "image": {
    "path": "N63E016_0676.png",
    "size": {
      "height": 512,
      "width": 512
    }
  },
  "labels": [
    {
      "elevation": 150,
      "elevation_bbox_pixels": [
        287.3379008613657,
        102.30088576701888,
        54.640462307617554,
        32.25199458832947
      ],
      "contour_line_pixels": [
        [
          351,
          140
        ],
        [
          365,
          118
        ],
        [
          351,
          96
        ],
        [
          337,
          118
        ],
        [
          351,
          140
        ]
      ]
    },
    {
      "elevation": 150,
      "elevation_bbox_pixels": [
        364.53359205354957,
        182.56221049934646,
        54.36207255021395,
        33.89231754412833
      ],
      "contour_line_pixels": [
        [
          512,
          485
        ],
        [
          506,
          481
        ],
        [
          506,
          480
        ],
        [
          492,
          469
        ],
        [
          478,
          458
        ],
        [
          478,
          458
        ],
        [
          464,
          447
        ],
        [
          450,
          435
        ],
        [
          450,
          435
        ],
        [
          443,
          413
        ],
        [
          436,
          390
        ],
        [
          436,
          367
        ],
        [
          443,
          345
        ],
        [
          450,
          333
        ],
        [
          457,
          322
        ],
        [
          464,
          314
        ],
        [
          478,
          300
        ],
        [
          478,
          299
        ],
        [
          492,
          277
        ],
        [
          492,
          277
        ],
        [
          492,
          276
        ],
        [
          478,
          265
        ],
        [
          464,
          254
        ],
        [
          464,
          254
        ],
        [
          450,
          231
        ],
        [
          450,
          209
        ],
        [
          450,
          208
        ],
        [
          436,
          186
        ],
        [
          436,
          185
        ],
        [
          422,
          163
        ],
        [
          436,
          141
        ],
        [
          436,
          141
        ],
        [
          436,
          118
        ],
        [
          436,
          95
        ],
        [
          436,
          95
        ],
        [
          421,
          73
        ],
        [
          421,
          73
        ],
        [
          407,
          73
        ],
        [
          393,
          73
        ],
        [
          379,
          73
        ],
        [
          379,
          73
        ],
        [
          365,
          95
        ],
        [
          351,
          95
        ],
        [
          337,
          95
        ],
        [
          323,
          73
        ],
        [
          323,
          72
        ],
        [
          309,
          58
        ],
        [
          294,
          54
        ],
        [
          281,
          50
        ],
        [
          280,
          50
        ],
        [
          266,
          50
        ],
        [
          266,
          50
        ],
        [
          252,
          52
        ],
        [
          238,
          53
        ],
        [
          224,
          50
        ],
        [
          224,
          50
        ],
        [
          210,
          27
        ],
        [
          210,
          27
        ],
        [
          203,
          5
        ],
        [
          201,
          0
        ]
      ]
    },
    {
      "elevation": 175,
      "elevation_bbox_pixels": [
        220.1474285085013,
        367.0696578422754,
        31.758117210056582,
        18.455621259527902
      ],
      "contour_line_pixels": [
        [
          322,
          512
        ],
        [
          313,
          503
        ],
        [
          309,
          499
        ],
        [
          294,
          488
        ],
        [
          287,
          481
        ],
        [
          280,
          473
        ],
        [
          266,
          462
        ],
        [
          259,
          458
        ],
        [
          252,
          450
        ],
        [
          243,
          435
        ],
        [
          238,
          424
        ],
        [
          231,
          413
        ],
        [
          224,
          390
        ],
        [
          231,
          367
        ],
        [
          231,
          345
        ],
        [
          231,
          322
        ],
        [
          231,
          299
        ],
        [
          224,
          277
        ],
        [
          224,
          276
        ],
        [
          210,
          262
        ],
        [
          203,
          254
        ],
        [
          196,
          231
        ],
        [
          196,
          231
        ],
        [
          189,
          209
        ],
        [
          182,
          197
        ],
        [
          172,
          186
        ],
        [
          168,
          178
        ],
        [
          158,
          163
        ],
        [
          153,
          152
        ],
        [
          150,
          141
        ],
        [
          143,
          118
        ],
        [
          139,
          112
        ],
        [
          125,
          95
        ],
        [
          125,
          95
        ],
        [
          116,
          73
        ],
        [
          120,
          50
        ],
        [
          118,
          27
        ],
        [
          111,
          19
        ],
        [
          97,
          5
        ],
        [
          97,
          5
        ],
        [
          94,
          0
        ]
      ]
    },
    {
      "elevation": 200,
      "elevation_bbox_pixels": [
        110.65055436157712,
        400.35567798949126,
        32.82990308595174,
        20.444569458825583
      ],