{
  "image": {
    "path": "N63E016_0400.png",
    "size": {
      "height": 512,
      "width": 512
    }
  },
  "labels": [
    {
      "elevation": 325,
      "elevation_bbox_pixels": [
        185.668282331863,
        -7.7293531915954645,
        32.177084693523966,
        16.479639384958716
      ],
      "contour_line_pixels": []
    },
    {
      "elevation": 300,
      "elevation_bbox_pixels": [
        261.57385898925725,
        132.48905163952622,
        32.73832482437115,
        16.934676788830984
      ],
      "contour_line_pixels": [
        [
          512,
          238
        ],
        [
          496,
          236
        ],
        [
          495,
          236
        ],
        [
          458,
          230
        ],
        [
          419,
          217
        ],
        [
          419,
          217
        ],
        [
          381,
          199
        ],
        [
          381,
          199
        ],
        [
          362,
          180
        ],
        [
          343,
          162
        ],
        [
          343,
          161
        ],
        [
          343,
          161
        ],
        [
          353,
          143
        ],
        [
          381,
          124
        ],
        [
          381,
          124
        ],
        [
          419,
          115
        ],
        [
          458,
          109
        ],
        [
          496,
          109
        ],
        [
          512,
          109
        ]
      ]
    },
    {
      "elevation": 300,
      "elevation_bbox_pixels": [
        241.5238173020287,
        28.99677743478145,
        52.58864994164685,
        25.584220561302686
      ],
      "contour_line_pixels": [
        [
          512,
          64
        ],
        [
          496,
          62
        ],
        [
          458,
          59
        ],
        [
          419,
          54
        ],
        [
          394,
          50
        ],
        [
          381,
          49
        ],
        [
          343,
          45
        ],
        [
          305,
          41
        ],
        [
          267,
          37
        ],
        [
          229,
          38
        ],
        [
          191,
          37
        ],
        [
          153,
          36
        ],
        [
          114,
          34
        ],
        [
          76,
          33
        ],
        [
          64,
          31
        ],
        [
          38,
          27
        ],
        [
          0,
          25
        ],
        [
          0,
          25
        ]
      ]
    },
    {
      "elevation": 275,
      "elevation_bbox_pixels": [
        209.79222792792422,
        208.21265726677018,
        54.41724417717785,
        27.62206873249511
      ],
      "contour_line_pixels": [
        [
          512,
          279
        ],
        [
          496,
          278
        ],
        [
          477,
          273
        ],
        [
          458,
          269
        ],
        [
          419,
          264
        ],
        [
          381,
          259
        ],
        [
          343,
          257
        ],
        [
          329,
          255
        ],
        [
          305,
          246
        ],
        [
          267,
          241
        ],
        [
          248,
          236
        ],
        [
          229,
          231
        ],
        [
          191,
          225
        ],
        [
          153,
          220
        ],
        [
          142,
          217
        ],
        [
          124,
          199
        ],
        [
          114,
          194
        ],
        [
          76,
          180
        ],
        [
          76,
          180
        ],
        [
          76,
          180
        ],
        [
          102,
          161
        ],
        [
          114,
          143
        ],
        [
          114,
          143
        ],
        [
          134,
          124
        ],
        [
          152,
          106
        ],
        [
          153,
          105
        ],
        [
          190,
          87
        ],
        [
          153,
          80
        ],
        [
          114,
          78
        ],
        [
          76,
          68
        ],
        [
          76,
          68
        ],
        [
          38,
          63
        ],
        [
          0,
          57
        ],
        [
          0,
          57
        ]
      ]
    },
    {
      "elevation": 200,
      "elevation_bbox_pixels": [
        242.15659989857687,
        384.3632317805791,
        50.60703520275672,
        28.645925127223535
      ],
      "contour_line_pixels": [
        [
          512,
          451
        ],
        [
          496,
          448
        ],
        [
          458,
          441
        ],
        [
          457,
          441
        ],
        [
          419,
          431
        ],
        [
          391,
          422
        ],
        [
          381,
          420
        ],
        [
          343,
          413
        ],
        [
          318,
          403
        ],
        [
          305,
          397
        ],
        [
          280,
          385
        ],
        [
          267,
          367
        ],
        [
          266,
          366
        ],
        [
          229,
          348
        ],
        [
          191,
          357
        ],
        [
          153,
          360
        ],
        [
          114,
          365
        ],
        [
          107,
          366
        ],
        [
          95,
          385
        ],
        [
          89,
          403
        ],
        [
          114,
          416
        ],
        [
          124,
          422
        ],
        [
          153,
          427
        ],
        [
          186,
          441
        ],
        [
          191,
          442
        ],
        [
          229,
          444
        ],
        [
          267,
          448
        ],
        [
          292,
          459
        ],
        [
          305,
          462
        ],
        [
          343,
          467
        ],
        [
          370,
          478
        ],
        [
          381,
          483
        ],
        [
          412,
          497
        ],
        [
          419,
          500
        ],
        [
          442,
          512
        ]
      ]
    },
    {
      "elevation": 225,
      "elevation_bbox_pixels": [
        216.75759735616873,
        273.4797635391426,
        51.16884800737921,
        32.46757476197996
      ],
      "contour_line_pixels": [
        [
          0,
          228
        ],
        [
          0,
          228
        ],
        [
          38,
          232
        ],
        [
          57,
          236
        ],
        [
          71,
          255
        ],
        [
          76,
          264
        ],
        [
          92,
          273
        ],
        [
          114,
          278
        ],
        [
          153,
          284
        ],
        [
          191,
          289
        ],
        [
          210,
          292
        ],
        [
          229,
          295
        ],
        [
          267,
          304
        ],
        [
          297,
          310
        ],
        [
          305,
          314
        ],
        [
          327,
          329
        ],
        [
          343,
          338
        ],
        [
          360,
          348
        ],
        [
          381,
          358
        ],
        [
          404,
          366
        ],
        [
          419,
          376
        ],
        [
          445,
          385
        ],
        [
          458,
          388
        ],
        [
          496,
          397
        ],
        [
          512,
          403
        ]
      ]
    }
  ]
}