{
  "image": {
    "path": "N63E016_1321.png",
    "size": {
      "height": 512,
      "width": 512
    }
  },
  "labels": [
    {
      "elevation": 425,
      "elevation_bbox_pixels": [
        178.51155365717372,
        16.64891889731831,
        45.49386679179253,
        27.606303685932176
      ],
      "contour_line_pixels": [
        [
          168,
          51
        ],
        [
          162,
          49
        ],
        [
          149,
          42
        ],
        [
          131,
          39
        ],
        [
          112,
          36
        ],
        [
          98,
          34
        ],
        [
          112,
          27
        ],
        [
          130,
          18
        ],
        [
          131,
          18
        ],
        [
          149,
          15
        ],
        [
          168,
          8
        ],
        [
          187,
          7
        ],
        [
          206,
          8
        ],
        [
          215,
          18
        ],
        [
          224,
          34
        ],
        [
          222,
          49
        ],
        [
          206,
          59
        ],
        [
          187,
          56
        ],
        [
          168,
          51
        ]
      ]
    },
    {
      "elevation": 425,
      "elevation_bbox_pixels": [
        154.82085112683092,
        182.21099510611543,
        48.35557256580864,
        30.558581931804383
      ],
      "contour_line_pixels": []
    },
    {
      "elevation": 400,
      "elevation_bbox_pixels": [
        193.51317987663822,
        279.9899178086854,
        30.333785585534542,
        18.04365039103118
      ],
      "contour_line_pixels": [
        [
          0,
          109
        ],
        [
          5,
          110
        ],
        [
          17,
          113
        ],
        [
          36,
          124
        ],
        [
          38,
          125
        ],
        [
          36,
          141
        ],
        [
          55,
          156
        ],
        [
          74,
          156
        ],
        [
          93,
          155
        ],
        [
          112,
          150
        ],
        [
          131,
          148
        ],
        [
          149,
          145
        ],
        [
          168,
          142
        ],
        [
          187,
          141
        ],
        [
          206,
          142
        ],
        [
          225,
          144
        ],
        [
          244,
          154
        ],
        [
          248,
          156
        ],
        [
          263,
          158
        ],
        [
          281,
          170
        ],
        [
          285,
          171
        ],
        [
          300,
          186
        ],
        [
          300,
          187
        ],
        [
          300,
          187
        ],
        [
          288,
          202
        ],
        [
          281,
          207
        ],
        [
          279,
          217
        ],
        [
          274,
          232
        ],
        [
          263,
          248
        ],
        [
          263,
          248
        ],
        [
          244,
          260
        ],
        [
          239,
          263
        ],
        [
          225,
          274
        ],
        [
          220,
          278
        ],
        [
          206,
          293
        ],
        [
          206,
          294
        ],
        [
          187,
          294
        ],
        [
          168,
          294
        ],
        [
          149,
          293
        ],
        [
          149,
          293
        ],
        [
          131,
          289
        ],
        [
          112,
          289
        ],
        [
          93,
          286
        ],
        [
          80,
          278
        ],
        [
          74,
          277
        ],
        [
          65,
          278
        ],
        [
          74,
          286
        ],
        [
          80,
          293
        ],
        [
          93,
          309
        ],
        [
          93,
          309
        ],
        [
          112,
          315
        ],
        [
          121,
          324
        ],
        [
          128,
          339
        ],
        [
          124,
          355
        ],
        [
          112,
          360
        ],
        [
          93,
          368
        ],
        [
          89,
          370
        ],
        [
          83,
          385
        ],
        [
          74,
          393
        ],
        [
          55,
          400
        ],
        [
          55,
          401
        ],
        [
          36,
          404
        ],
        [
          17,
          408
        ],
        [
          0,
          412
        ]
      ]
    },
    {
      "elevation": 375,
      "elevation_bbox_pixels": [
        256.3550223711001,
        180.49386881478586,
        49.63102541335468,
        26.455040551247293
      ],
      "contour_line_pixels": []
    },
    {
      "elevation": 350,
      "elevation_bbox_pixels": [
        256.2610595320025,
        104.13838014346214,
        45.25194559187639,
        26.144018999028162
      ],
      "contour_line_pixels": []
    },
    {
      "elevation": 325,
      "elevation_bbox_pixels": [
        276.4424895018983,
        230.81657924577394,
        49.75521156454852,
        32.08194114026085
      ],