{
  "image": {
    "path": "N63E016_0529.png",
    "size": {
      "height": 512,
      "width": 512
    }
  },
  "labels": [
    {
      "elevation": 450,
      "elevation_bbox_pixels": [
        373.811655777903,
        218.09247877382217,
        43.69389536274696,
        24.464067740533324
      ],
      "contour_line_pixels": [
        [
          512,
          232
        ],
        [
          510,
          231
        ],
        [
          512,
          229
        ]
      ]
    },
    {
      "elevation": 400,
      "elevation_bbox_pixels": [
        377.0089165707768,
        -7.042612760806264,
        36.028596384536286,
        22.763887542558507
      ],
      "contour_line_pixels": [
        [
          512,
          6
        ],
        [
          506,
          2
        ],
        [
          506,
          0
        ]
      ]
    },
    {
      "elevation": 450,
      "elevation_bbox_pixels": [
        369.5616249979863,
        280.2098110509935,
        26.239849791266124,
        15.582922500159384
      ],
      "contour_line_pixels": [
        [
          492,
          294
        ],
        [
          492,
          294
        ],
        [
          482,
          282
        ],
        [
          482,
          282
        ],
        [
          482,
          282
        ],
        [
          482,
          282
        ],
        [
          492,
          294
        ],
        [
          493,
          294
        ],
        [
          492,
          294
        ]
      ]
    },
    {
      "elevation": 425,
      "elevation_bbox_pixels": [
        319.4867120959973,
        174.5191335099786,
        53.58040885231412,
        32.28906672652079
      ],
      "contour_line_pixels": [
        [
          512,
          319
        ],
        [
          503,
          317
        ],
        [
          492,
          315
        ],
        [
          482,
          308
        ],
        [
          481,
          307
        ],
        [
          472,
          303
        ],
        [
          461,
          295
        ],
        [
          460,
          294
        ],
        [
          452,
          282
        ],
        [
          451,
          279
        ],
        [
          444,
          269
        ],
        [
          445,
          256
        ],
        [
          446,
          244
        ],
        [
          440,
          231
        ],
        [
          440,
          231
        ],
        [
          433,
          218
        ],
        [
          430,
          214
        ],
        [
          423,
          205
        ],
        [
          419,
          193
        ],
        [
          419,
          193
        ],
        [
          419,
          192
        ],
        [
          429,
          180
        ],
        [
          430,
          180
        ],
        [
          440,
          178
        ],
        [
          451,
          180
        ],
        [
          451,
          180
        ],
        [
          461,
          183
        ],
        [
          472,
          186
        ],
        [
          482,
          189
        ],
        [
          492,
          193
        ],
        [
          493,
          193
        ],
        [
          503,
          195
        ],
        [
          512,
          196
        ]
      ]
    },
    {
      "elevation": 375,
      "elevation_bbox_pixels": [
        276.98363792767395,
        74.79692833265284,
        53.56006779014024,
        35.30172814964328
      ],
      "contour_line_pixels": []
    },
    {
      "elevation": 400,
      "elevation_bbox_pixels": [
        247.5488019761559,
        398.789690111851,
        40.5606184552274,
        19.9381287920408
      ],
      "contour_line_pixels": [
        [
          272,
          409
        ],
        [
          272,
          409
        ],
        [
          272,
          409
        ],
        [
          283,
          409
        ],
        [
          283,
          409
        ],
        [
          283,
          409
        ],
        [
          272,
          409
        ]
      ]
    },
    {
      "elevation": 350,
      "elevation_bbox_pixels": [
        229.68474314028347,
        188.09239903927772,
        35.89967493142913,
        21.251127877561544
      ],
      "contour_line_pixels": []
    },
    {
      "elevation": 325,
      "elevation_bbox_pixels": [
        216.33901894287672,
        323.88787787021835,
        35.006005560132905,
        21.620774584622154
      ],
      "contour_line_pixels": []
    },
    {
      "elevation": 300,
      "elevation_bbox_pixels": [
        155.56920357851018,
        310.7981474839215,
        45.06282601108313,
        27.33705207620386
      ],
      "contour_line_pixels": []
    },
    {
      "elevation": 275,
      "elevation_bbox_pixels": [
        136.27060992229448,
        456.28037071345545,
        35.46463688394152,
        20.54054294244972
      ],
      "contour_line_pixels": [
        [
          194,
          512
        ],
        [
          190,
          510
        ],
        [
          188,
          510
        ],
        [
          178,
          509
        ],
        [
          167,
          506
        ],
        [
          157,
          501
        ],
        [
          149,
          498
        ],
        [
          146,
          496
        ],
        [
          136,
          489
        ],
        [
          127,
          485
        ],
        [
          125,
          484
        ],
        [
          115,
          480
        ],
        [
          104,
          476
        ],
        [
          97,
          472
        ],
        [
          94,
          471
        ],
        [
          84,
          467
        ],
        [
          73,
          466
        ],
        [
          63,
          468
        ],
        [
          57,
          472
        ],
        [
          52,
          485
        ],
        [
          52,
          485
        ],
        [
          49,
          498
        ],
        [
          49,
          510
        ],
        [
          48,
          512
        ]
      ]
    }
  ]
}