{
  "image": {
    "path": "N63E016_1058.png",
    "size": {
      "height": 512,
      "width": 512
    }
  },
  "labels": [
    {
      "elevation": 425,
      "elevation_bbox_pixels": [
        114.84090689647348,
        21.59563566092538,
        53.058187330829924,
        24.12877194909106
      ],
      "contour_line_pixels": [
        [
          0,
          17
        ],
        [
          6,
          19
        ],
        [
          6,
          19
        ],
        [
          13,
          34
        ],
        [
          6,
          36
        ],
        [
          0,
          37
        ]
      ]
    },
    {
      "elevation": 375,
      "elevation_bbox_pixels": [
        216.5236314231434,
        61.83900267432978,
        25.131027958997834,
        14.685189749811343
      ],
      "contour_line_pixels": [
        [
          163,
          0
        ],
        [
          172,
          2
        ],
        [
          183,
          4
        ],
        [
          185,
          6
        ],
        [
          199,
          14
        ],
        [
          213,
          18
        ],
        [
          214,
          19
        ],
        [
          221,
          34
        ],
        [
          223,
          48
        ],
        [
          215,
          63
        ],
        [
          213,
          64
        ],
        [
          199,
          69
        ],
        [
          185,
          74
        ],
        [
          176,
          78
        ],
        [
          172,
          79
        ],
        [
          158,
          83
        ],
        [
          144,
          86
        ],
        [
          130,
          88
        ],
        [
          116,
          89
        ],
        [
          103,
          90
        ],
        [
          89,
          92
        ],
        [
          89,
          92
        ],
        [
          75,
          94
        ],
        [
          61,
          94
        ],
        [
          47,
          94
        ],
        [
          34,
          95
        ],
        [
          20,
          95
        ],
        [
          6,
          95
        ],
        [
          0,
          96
        ]
      ]
    },
    {
      "elevation": 350,
      "elevation_bbox_pixels": [
        108.70679450599609,
        102.16094922090576,
        55.83252538973669,
        30.346888424313192
      ],
      "contour_line_pixels": []
    },
    {
      "elevation": 375,
      "elevation_bbox_pixels": [
        303.02257556605434,
        207.20217381072405,
        56.38874787123427,
        32.32808995797882
      ],
      "contour_line_pixels": [
        [
          406,
          239
        ],
        [
          420,
          224
        ],
        [
          406,
          221
        ],
        [
          393,
          224
        ],
        [
          406,
          239
        ]
      ]
    },
    {
      "elevation": 400,
      "elevation_bbox_pixels": [
        135.6882348347261,
        252.456565482462,
        34.737305377875884,
        18.343560778695718
      ],
      "contour_line_pixels": []
    },
    {
      "elevation": 375,
      "elevation_bbox_pixels": [
        331.8821593057085,
        165.9920393340431,
        46.1093000151717,
        20.54343675912321
      ],
      "contour_line_pixels": []
    },
    {
      "elevation": 325,
      "elevation_bbox_pixels": [
        201.04443817063537,
        125.81956154574107,
        52.424566189870006,
        32.96613753073984
      ],
      "contour_line_pixels": []
    },
    {
      "elevation": 350,
      "elevation_bbox_pixels": [
        233.44450039218387,
        191.9106367417915,
        51.59613690985654,
        30.93533690761285
      ],
      "contour_line_pixels": []
    },
    {
      "elevation": 300,
      "elevation_bbox_pixels": [
        331.2485098839495,
        354.53972322900285,
        39.70407311770441,
        24.573189741252577
      ],
      "contour_line_pixels": []
    },
    {
      "elevation": 275,
      "elevation_bbox_pixels": [
        307.52551642668317,
        496.98874979542865,
        52.0796233436605,
        27.243857409668745
      ],
      "contour_line_pixels": [
        [
          512,
          492
        ],
        [
          503,
          492
        ],
        [
          489,
          497
        ],
        [
          475,
          500
        ],
        [
          468,
          503
        ],
        [
          461,
          505
        ],
        [
          447,
          508
        ],
        [
          434,
          510
        ],
        [
          420,
          511
        ],
        [
          406,
          511
        ],
        [
          394,
          512
        ]
      ]
    }
  ]
}