{
  "image": {
    "path": "N63E016_1461.png",
    "size": {
      "height": 512,
      "width": 512
    }
  },
  "labels": [
    {
      "elevation": 200,
      "elevation_bbox_pixels": [
        -4.731752847847799,
        153.5272864786349,
        29.994552031397426,
        15.743756532967154
      ],
      "contour_line_pixels": [
        [
          0,
          183
        ],
        [
          12,
          157
        ],
        [
          0,
          143
        ]
      ]
    },
    {
      "elevation": 225,
      "elevation_bbox_pixels": [
        465.4335556012146,
        444.63375901356255,
        49.84341540567607,
        30.096442825721425
      ],
      "contour_line_pixels": [
        [
          500,
          512
        ],
        [
          494,
          497
        ],
        [
          494,
          497
        ],
        [
          489,
          469
        ],
        [
          494,
          453
        ],
        [
          497,
          440
        ],
        [
          502,
          412
        ],
        [
          506,
          401
        ],
        [
          512,
          390
        ]
      ]
    },
    {
      "elevation": 200,
      "elevation_bbox_pixels": [
        476.2327569446905,
        61.41283127090702,
        44.90577624098506,
        23.583210209705044
      ],
      "contour_line_pixels": []
    },
    {
      "elevation": 200,
      "elevation_bbox_pixels": [
        26.070198431313628,
        98.27695012052965,
        41.2407758439204,
        24.815687222267456
      ],
      "contour_line_pixels": []
    }
  ]
}