{
  "image": {
    "path": "N63E016_0828.png",
    "size": {
      "height": 512,
      "width": 512
    }
  },
  "labels": [
    {
      "elevation": 250,
      "elevation_bbox_pixels": [
        246.75482422591548,
        62.56198640747306,
        41.787051398057685,
        26.07145643937713
      ],
      "contour_line_pixels": []
    },
    {
      "elevation": 200,
      "elevation_bbox_pixels": [
        395.2591448592569,
        335.0334250867226,
        63.33210462043769,
        38.28549487686735
      ],
      "contour_line_pixels": [
        [
          408,
          293
        ],
        [
          408,
          339
        ],
        [
          432,
          384
        ],
        [
          456,
          357
        ],
        [
          473,
          339
        ],
        [
          481,
          316
        ],
        [
          505,
          298
        ],
        [
          510,
          293
        ],
        [
          505,
          248
        ],
        [
          481,
          277
        ],
        [
          456,
          286
        ],
        [
          432,
          289
        ],
        [
          408,
          293
        ]
      ]
    },
    {
      "elevation": 200,
      "elevation_bbox_pixels": [
        371.7824087368563,
        392.4876348863137,
        30.38167697405322,
        17.15005277790783
      ],
      "contour_line_pixels": [
        [
          383,
          440
        ],
        [
          407,
          439
        ],
        [
          420,
          431
        ],
        [
          407,
          386
        ],
        [
          383,
          408
        ],
        [
          359,
          431
        ],
        [
          383,
          440
        ]
      ]
    },
    {
      "elevation": 225,
      "elevation_bbox_pixels": [
        332.6839686091006,
        209.58368328556736,
        44.444153442477045,
        20.433316359886135
      ],
      "contour_line_pixels": [
        [
          416,
          0
        ],
        [
          414,
          17
        ],
        [
          408,
          63
        ],
        [
          407,
          64
        ],
        [
          399,
          109
        ],
        [
          393,
          155
        ],
        [
          383,
          201
        ],
        [
          383,
          202
        ],
        [
          359,
          247
        ],
        [
          359,
          247
        ],
        [
          334,
          255
        ],
        [
          310,
          277
        ],
        [
          285,
          290
        ],
        [
          277,
          293
        ],
        [
          261,
          297
        ],
        [
          236,
          312
        ],
        [
          212,
          329
        ],
        [
          201,
          339
        ],
        [
          187,
          350
        ],
        [
          163,
          368
        ],
        [
          139,
          378
        ],
        [
          122,
          385
        ],
        [
          114,
          394
        ],
        [
          90,
          403
        ],
        [
          65,
          396
        ],
        [
          41,
          385
        ],
        [
          41,
          385
        ],
        [
          16,
          362
        ],
        [
          0,
          339
        ],
        [
          0,
          339
        ]
      ]
    },
    {
      "elevation": 225,
      "elevation_bbox_pixels": [
        426.2278393222246,
        439.1440011354556,
        49.34777940590982,
        27.138914176556938
      ],
      "contour_line_pixels": [
        [
          445,
          512
        ],
        [
          456,
          502
        ],
        [
          477,
          477
        ],
        [
          481,
          465
        ],
        [
          499,
          431
        ],
        [
          505,
          422
        ],
        [
          512,
          409
        ]
      ]
    }
  ]
}