{
  "image": {
    "path": "N63E016_1637.png",
    "size": {
      "height": 512,
      "width": 512
    }
  },
  "labels": [
    {
      "elevation": 300,
      "elevation_bbox_pixels": [
        289.1824943858617,
        131.059785901444,
        46.07807078134874,
        27.624524227360325
      ],
      "contour_line_pixels": [
        [
          292,
          156
        ],
        [
          291,
          153
        ],
        [
          288,
          146
        ],
        [
          287,
          143
        ],
        [
          283,
          135
        ],
        [
          282,
          133
        ],
        [
          283,
          128
        ],
        [
          288,
          124
        ],
        [
          288,
          124
        ],
        [
          292,
          124
        ],
        [
          296,
          124
        ],
        [
          296,
          124
        ],
        [
          301,
          133
        ],
        [
          305,
          133
        ],
        [
          305,
          133
        ],
        [
          309,
          143
        ],
        [
          313,
          143
        ],
        [
          313,
          143
        ],
        [
          313,
          153
        ],
        [
          313,
          163
        ],
        [
          313,
          163
        ],
        [
          309,
          168
        ],
        [
          305,
          173
        ],
        [
          305,
          173
        ],
        [
          301,
          173
        ],
        [
          300,
          173
        ],
        [
          296,
          165
        ],
        [
          295,
          163
        ],
        [
          292,
          156
        ]
      ]
    },
    {
      "elevation": 325,
      "elevation_bbox_pixels": [
        488.00187820473485,
        178.0120963720517,
        33.20142478907411,
        17.88679908012864
      ],
      "contour_line_pixels": [
        [
          512,
          211
        ],
        [
          511,
          211
        ],
        [
          507,
          207
        ],
        [
          504,
          202
        ],
        [
          502,
          196
        ],
        [
          501,
          193
        ],
        [
          502,
          188
        ],
        [
          507,
          184
        ],
        [
          511,
          184
        ],
        [
          512,
          185
        ]
      ]
    },
    {
      "elevation": 300,
      "elevation_bbox_pixels": [
        343.3481133891367,
        111.2257221465481,
        41.07630907944201,
        24.435546582142365
      ],
      "contour_line_pixels": []
    },
    {
      "elevation": 275,
      "elevation_bbox_pixels": [
        59.12530152916533,
        366.4165756127167,
        33.094052505054805,
        15.208063688162042
      ],
      "contour_line_pixels": [
        [
          73,
          411
        ],
        [
          72,
          410
        ],
        [
          69,
          405
        ],
        [
          64,
          402
        ],
        [
          61,
          400
        ],
        [
          60,
          398
        ],
        [
          56,
          394
        ],
        [
          52,
          392
        ],
        [
          49,
          390
        ],
        [
          47,
          387
        ],
        [
          43,
          385
        ],
        [
          39,
          384
        ],
        [
          34,
          383
        ],
        [
          30,
          383
        ],
        [
          27,
          380
        ],
        [
          26,
          379
        ],
        [
          21,
          373
        ],
        [
          19,
          370
        ],
        [
          18,
          360
        ],
        [
          21,
          358
        ],
        [
          26,
          358
        ],
        [
          30,
          358
        ],
        [
          34,
          359
        ],
        [
          37,
          360
        ],
        [
          39,
          363
        ],
        [
          43,
          365
        ],
        [
          47,
          366
        ],
        [
          52,
          367
        ],
        [
          56,
          368
        ],
        [
          60,
          369
        ],
        [
          64,
          369
        ],
        [
          67,
          370
        ],
        [
          69,
          371
        ],
        [
          73,
          375
        ],
        [
          77,
          377
        ],
        [
          82,
          378
        ],
        [
          86,
          380
        ],
        [
          86,
          380
        ],
        [
          90,
          390
        ],
        [
          90,
          390
        ],
        [
          93,
          400
        ],
        [
          94,
          410
        ],
        [
          94,
          410
        ],
        [
          94,
          410
        ],
        [
          90,
          413
        ],
        [
          86,
          414
        ],
        [
          82,
          414
        ],
        [
          77,
          413
        ],
        [
          73,
          411
        ]
      ]
    },
    {
      "elevation": 225,
      "elevation_bbox_pixels": [
        -4.525396062908085,
        487.5416366097327,
        28.492942851973872,
        17.8154709785626
      ],
      "contour_line_pixels": [
        [
          0,
          482
        ],
        [
          0,
          482
        ],
        [
          4,
          489
        ],
        [
          4,
          489
        ],
        [
          9,
          498
        ],
        [
          9,
          498
        ],
        [
          13,
          505
        ],
        [
          14,
          508
        ],
        [
          15,
          512
        ]
      ]
    },
    {
      "elevation": 325,
      "elevation_bbox_pixels": [
        408.4703417088272,
        424.335277160587,
        58.31743057879146,
        29.627452778715174
      ],