{
  "image": {
    "path": "N63E016_0811.png",
    "size": {
      "height": 512,
      "width": 512
    }
  },
  "labels": [
    {
      "elevation": 250,
      "elevation_bbox_pixels": [
        230.2247844921112,
        168.58881582670347,
        39.8089139927979,
        24.898366407463982
      ],
      "contour_line_pixels": [
        [
          260,
          202
        ],
        [
          258,
          199
        ],
        [
          250,
          192
        ],
        [
          246,
          187
        ],
        [
          245,
          175
        ],
        [
          250,
          171
        ],
        [
          260,
          173
        ],
        [
          263,
          175
        ],
        [
          270,
          179
        ],
        [
          279,
          187
        ],
        [
          280,
          193
        ],
        [
          282,
          199
        ],
        [
          280,
          202
        ],
        [
          270,
          206
        ],
        [
          260,
          202
        ]
      ]
    },
    {
      "elevation": 300,
      "elevation_bbox_pixels": [
        110.48320862683386,
        138.8584913101513,
        52.32398868895416,
        30.88058760948479
      ],
      "contour_line_pixels": []
    },
    {
      "elevation": 300,
      "elevation_bbox_pixels": [
        145.17236874367433,
        303.1551033465664,
        25.131027958997834,
        14.685189749811286
      ],
      "contour_line_pixels": [
        [
          70,
          323
        ],
        [
          70,
          323
        ],
        [
          60,
          311
        ],
        [
          60,
          311
        ],
        [
          60,
          310
        ],
        [
          70,
          310
        ],
        [
          80,
          310
        ],
        [
          81,
          311
        ],
        [
          90,
          323
        ],
        [
          100,
          323
        ],
        [
          100,
          323
        ],
        [
          100,
          323
        ],
        [
          90,
          323
        ],
        [
          80,
          323
        ],
        [
          70,
          323
        ]
      ]
    },
    {
      "elevation": 250,
      "elevation_bbox_pixels": [
        105.24979315414187,
        89.20057590309864,
        56.51282019928145,
        32.34329053076249
      ],
      "contour_line_pixels": []
    },
    {
      "elevation": 150,
      "elevation_bbox_pixels": [
        341.2172166411323,
        10.889289073549094,
        34.861646344362384,
        18.35637967307889
      ],
      "contour_line_pixels": []
    },
    {
      "elevation": 175,
      "elevation_bbox_pixels": [
        196.96745945014732,
        4.275589052374869,
        46.23429119873845,
        20.544921356911914
      ],
      "contour_line_pixels": [
        [
          0,
          3
        ],
        [
          1,
          3
        ],
        [
          10,
          8
        ],
        [
          20,
          12
        ],
        [
          30,
          14
        ],
        [
          31,
          14
        ],
        [
          40,
          15
        ],
        [
          50,
          16
        ],
        [
          56,
          26
        ],
        [
          50,
          31
        ],
        [
          44,
          39
        ],
        [
          40,
          46
        ],
        [
          36,
          51
        ],
        [
          40,
          55
        ],
        [
          50,
          63
        ],
        [
          50,
          63
        ],
        [
          60,
          68
        ],
        [
          70,
          71
        ],
        [
          78,
          76
        ],
        [
          80,
          77
        ],
        [
          90,
          82
        ],
        [
          99,
          88
        ],
        [
          100,
          89
        ],
        [
          110,
          97
        ],
        [
          120,
          100
        ],
        [
          121,
          100
        ],
        [
          130,
          102
        ],
        [
          135,
          100
        ],
        [
          140,
          94
        ],
        [
          142,
          88
        ],
        [
          147,
          76
        ],
        [
          150,
          63
        ],
        [
          144,
          51
        ],
        [
          140,
          43
        ],
        [
          139,
          39
        ],
        [
          140,
          37
        ],
        [
          148,
          26
        ],
        [
          150,
          24
        ],
        [
          160,
          19
        ],
        [
          170,
          14
        ],
        [
          170,
          14
        ],
        [
          180,
          12
        ],
        [
          188,
          14
        ],
        [
          190,
          14
        ],
        [
          200,
          17
        ],
        [
          210,
          20
        ],
        [
          220,
          22
        ],
        [
          230,
          24
        ],
        [
          240,
          26
        ],
        [
          240,
          26
        ],
        [
          250,
          30
        ],
        [
          260,
          38
        ],
        [
          260,
          39
        ],
        [
          270,
          43
        ],
        [
          275,
          51
        ],
        [
          280,
          63
        ],
        [
          280,
          63
        ],
        [
          288,
          76
        ],
        [
          290,
          77
        ],
        [
          300,
          81
        ],
        [
          310,
          81
        ],
        [
          320,
          80
        ],
        [
          330,
          82
        ],
        [
          340,
          84
        ],
        [
          350,
          85
        ],
        [
          356,
          88
        ],
        [
          360,
          90
        ],
        [
          370,
          97
        ],
        [
          374,
          100
        ],
        [
          380,
          107
        ],
        [
          390,
          111
        ],
        [
          400,
          111
        ],
        [
          410,
          111
        ],
        [
          420,
          110
        ],
        [
          430,
          109
        ],
        [
          440,
          111
        ],
        [
          444,
          113
        ],
        [
          450,
          117
        ],
        [
          460,
          122
        ],
        [
          464,
          125
        ],
        [
          470,
          130
        ],
        [
          476,
          137
        ],
        [
          480,
          140
        ],
        [
          490,
          145
        ],
        [
          500,
          147
        ],
        [
          510,
          148
        ],
        [
          512,
          148
        ]
      ]
    }
  ]
}