{
  "image": {
    "path": "N63E016_1135.png",
    "size": {
      "height": 512,
      "width": 512
    }
  },
  "labels": [
    {
      "elevation": 275,
      "elevation_bbox_pixels": [
        9.561120932872512,
        383.2788809546517,
        59.222149672434455,
        31.966285940396475
      ],
      "contour_line_pixels": [
        [
          0,
          442
        ],
        [
          5,
          446
        ],
        [
          15,
          458
        ],
        [
          39,
          485
        ],
        [
          55,
          512
        ]
      ]
    },
    {
      "elevation": 250,
      "elevation_bbox_pixels": [
        38.746928063753046,
        341.25448835958696,
        37.52726322294495,
        22.793277023528447
      ],
      "contour_line_pixels": [
        [
          0,
          358
        ],
        [
          1,
          359
        ],
        [
          15,
          370
        ],
        [
          39,
          388
        ],
        [
          63,
          417
        ],
        [
          86,
          439
        ],
        [
          90,
          446
        ],
        [
          110,
          472
        ],
        [
          128,
          512
        ]
      ]
    }
  ]
}