{
  "image": {
    "path": "N63E016_1475.png",
    "size": {
      "height": 512,
      "width": 512
    }
  },
  "labels": [
    {
      "elevation": 250,
      "elevation_bbox_pixels": [
        238.21226806077792,
        -0.3518442347566406,
        36.37019239006847,
        19.75021123260541
      ],
      "contour_line_pixels": [
        [
          326,
          0
        ],
        [
          315,
          4
        ],
        [
          306,
          6
        ],
        [
          297,
          8
        ],
        [
          279,
          10
        ],
        [
          261,
          10
        ],
        [
          243,
          9
        ],
        [
          225,
          8
        ],
        [
          217,
          6
        ],
        [
          207,
          3
        ],
        [
          198,
          0
        ]
      ]
    },
    {
      "elevation": 225,
      "elevation_bbox_pixels": [
        259.3577242499213,
        31.312633043779897,
        33.445578455594045,
        19.124251820527206
      ],
      "contour_line_pixels": [
        [
          512,
          60
        ],
        [
          506,
          56
        ],
        [
          494,
          53
        ],
        [
          476,
          54
        ],
        [
          459,
          56
        ],
        [
          458,
          56
        ],
        [
          458,
          56
        ],
        [
          440,
          52
        ],
        [
          423,
          50
        ],
        [
          405,
          48
        ],
        [
          387,
          44
        ],
        [
          369,
          44
        ],
        [
          351,
          44
        ],
        [
          350,
          44
        ],
        [
          333,
          42
        ],
        [
          315,
          40
        ],
        [
          297,
          38
        ],
        [
          279,
          31
        ],
        [
          279,
          31
        ],
        [
          261,
          27
        ],
        [
          243,
          25
        ],
        [
          225,
          24
        ],
        [
          207,
          20
        ],
        [
          204,
          19
        ],
        [
          189,
          14
        ],
        [
          175,
          6
        ],
        [
          171,
          5
        ],
        [
          153,
          3
        ],
        [
          135,
          1
        ],
        [
          133,
          0
        ]
      ]
    },
    {
      "elevation": 200,
      "elevation_bbox_pixels": [
        236.37701524837834,
        499.95504522592165,
        33.39246304434917,
        17.34526480965578
      ],
      "contour_line_pixels": [
        [
          251,
          512
        ],
        [
          243,
          506
        ],
        [
          235,
          512
        ]
      ]
    },
    {
      "elevation": 200,
      "elevation_bbox_pixels": [
        220.2122794362009,
        331.8761724196633,
        45.65082602332291,
        21.216489902412945
      ],
      "contour_line_pixels": []
    },
    {
      "elevation": 200,
      "elevation_bbox_pixels": [
        234.379951261276,
        118.09995085315381,
        42.698557470166406,
        26.03899124380996
      ],
      "contour_line_pixels": [
        [
          512,
          117
        ],
        [
          494,
          117
        ],
        [
          476,
          117
        ],
        [
          459,
          119
        ],
        [
          458,
          119
        ],
        [
          440,
          122
        ],
        [
          423,
          122
        ],
        [
          405,
          122
        ],
        [
          387,
          123
        ],
        [
          369,
          125
        ],
        [
          351,
          128
        ],
        [
          333,
          129
        ],
        [
          315,
          129
        ],
        [
          297,
          131
        ],
        [
          297,
          131
        ],
        [
          279,
          131
        ],
        [
          261,
          131
        ],
        [
          243,
          131
        ],
        [
          243,
          131
        ],
        [
          225,
          119
        ],
        [
          207,
          119
        ],
        [
          189,
          119
        ],
        [
          171,
          128
        ],
        [
          153,
          129
        ],
        [
          136,
          131
        ],
        [
          135,
          131
        ],
        [
          117,
          131
        ],
        [
          100,
          137
        ],
        [
          82,
          144
        ],
        [
          82,
          144
        ],
        [
          64,
          144
        ],
        [
          46,
          156
        ],
        [
          46,
          156
        ],
        [
          28,
          169
        ],
        [
          28,
          169
        ],
        [
          10,
          173
        ],
        [
          0,
          174
        ]
      ]
    }
  ]
}