{
  "image": {
    "path": "N63E016_1166.png",
    "size": {
      "height": 512,
      "width": 512
    }
  },
  "labels": [
    {
      "elevation": 325,
      "elevation_bbox_pixels": [
        215.70664800535604,
        15.35369361100959,
        52.09982407478367,
        29.661028185351597
      ],
      "contour_line_pixels": [
        [
          512,
          40
        ],
        [
          501,
          40
        ],
        [
          472,
          37
        ],
        [
          444,
          37
        ],
        [
          415,
          37
        ],
        [
          414,
          37
        ],
        [
          386,
          34
        ],
        [
          357,
          34
        ],
        [
          329,
          34
        ],
        [
          300,
          34
        ],
        [
          271,
          33
        ],
        [
          243,
          32
        ],
        [
          214,
          32
        ],
        [
          185,
          32
        ],
        [
          157,
          29
        ],
        [
          142,
          26
        ],
        [
          128,
          24
        ],
        [
          99,
          21
        ],
        [
          70,
          16
        ],
        [
          70,
          16
        ],
        [
          42,
          11
        ],
        [
          13,
          5
        ],
        [
          13,
          5
        ],
        [
          13,
          0
        ]
      ]
    },
    {
      "elevation": 300,
      "elevation_bbox_pixels": [
        190.95124957611918,
        461.4012895045598,
        51.53553671953699,
        24.345600367378186
      ],
      "contour_line_pixels": [
        [
          0,
          461
        ],
        [
          13,
          461
        ],
        [
          13,
          461
        ],
        [
          13,
          471
        ],
        [
          13,
          482
        ],
        [
          13,
          482
        ],
        [
          0,
          482
        ]
      ]
    },
    {
      "elevation": 350,
      "elevation_bbox_pixels": [
        258.0564290716474,
        199.23229112762954,
        33.62731093077139,
        22.057392654325895
      ],
      "contour_line_pixels": []
    },
    {
      "elevation": 325,
      "elevation_bbox_pixels": [
        254.08388929664832,
        295.0840174889822,
        56.86380561020857,
        31.866504221935372
      ],
      "contour_line_pixels": []
    }
  ]
}