{
  "image": {
    "path": "N63E016_1262.png",
    "size": {
      "height": 512,
      "width": 512
    }
  },
  "labels": [
    {
      "elevation": 375,
      "elevation_bbox_pixels": [
        222.89311592640982,
        442.86428002751285,
        50.10666534434219,
        30.960706069248857
      ],
      "contour_line_pixels": [
        [
          0,
          407
        ],
        [
          27,
          412
        ],
        [
          54,
          415
        ],
        [
          81,
          421
        ],
        [
          135,
          430
        ],
        [
          156,
          435
        ],
        [
          188,
          444
        ],
        [
          215,
          454
        ],
        [
          188,
          466
        ],
        [
          161,
          473
        ],
        [
          135,
          493
        ],
        [
          188,
          501
        ],
        [
          242,
          509
        ],
        [
          263,
          512
        ],
        [
          264,
          512
        ]
      ]
    },
    {
      "elevation": 325,
      "elevation_bbox_pixels": [
        236.4992636371015,
        345.2213961246408,
        42.48806437829839,
        25.392405294443734
      ],
      "contour_line_pixels": [
        [
          0,
          314
        ],
        [
          27,
          316
        ],
        [
          54,
          319
        ],
        [
          81,
          322
        ],
        [
          135,
          328
        ],
        [
          179,
          338
        ],
        [
          188,
          340
        ],
        [
          242,
          350
        ],
        [
          265,
          357
        ],
        [
          295,
          364
        ],
        [
          349,
          375
        ],
        [
          356,
          377
        ],
        [
          403,
          388
        ],
        [
          436,
          396
        ],
        [
          456,
          401
        ],
        [
          510,
          410
        ],
        [
          512,
          410
        ]
      ]
    },
    {
      "elevation": 300,
      "elevation_bbox_pixels": [
        253.66280765800803,
        304.15079692398893,
        27.727219899158058,
        15.440612153210736
      ],
      "contour_line_pixels": []
    },
    {
      "elevation": 275,
      "elevation_bbox_pixels": [
        205.8454066094538,
        164.70840353945266,
        32.77373317382239,
        19.783126490973018
      ],
      "contour_line_pixels": []
    },
    {
      "elevation": 250,
      "elevation_bbox_pixels": [
        276.1171268131396,
        21.396922711929165,
        24.077898102500853,
        13.144380258966521
      ],
      "contour_line_pixels": [
        [
          369,
          0
        ],
        [
          369,
          10
        ],
        [
          403,
          17
        ],
        [
          456,
          27
        ],
        [
          464,
          29
        ],
        [
          510,
          43
        ],
        [
          512,
          44
        ]
      ]
    }
  ]
}