{
  "image": {
    "path": "N63E016_0168.png",
    "size": {
      "height": 512,
      "width": 512
    }
  },
  "labels": [
    {
      "elevation": 300,
      "elevation_bbox_pixels": [
        216.23104005076374,
        218.17826028437833,
        34.12704022980927,
        22.385441663404663
      ],
      "contour_line_pixels": []
    },
    {
      "elevation": 275,
      "elevation_bbox_pixels": [
        241.45872872933262,
        400.8870253644425,
        32.670736717249156,
        17.35334425838525
      ],
      "contour_line_pixels": []
    },
    {
      "elevation": 250,
      "elevation_bbox_pixels": [
        237.16047082483678,
        72.36156119929689,
        31.758117210056554,
        18.455621259527902
      ],
      "contour_line_pixels": []
    },
    {
      "elevation": 200,
      "elevation_bbox_pixels": [
        220.48903087538463,
        26.706906170862112,
        40.96080435119279,
        21.734648656475656
      ],
      "contour_line_pixels": [
        [
          0,
          34
        ],
        [
          63,
          36
        ],
        [
          152,
          38
        ],
        [
          241,
          45
        ],
        [
          329,
          48
        ],
        [
          418,
          51
        ],
        [
          467,
          54
        ],
        [
          507,
          57
        ],
        [
          512,
          58
        ]
      ]
    }
  ]
}