{
  "image": {
    "path": "N63E016_0531.png",
    "size": {
      "height": 512,
      "width": 512
    }
  },
  "labels": [
    {
      "elevation": 400,
      "elevation_bbox_pixels": [
        212.17406403561216,
        -5.137905746226011,
        49.28684431066142,
        26.690146108144518
      ],
      "contour_line_pixels": [
        [
          220,
          0
        ],
        [
          220,
          0
        ],
        [
          220,
          0
        ],
        [
          209,
          3
        ],
        [
          199,
          7
        ],
        [
          199,
          7
        ],
        [
          188,
          9
        ],
        [
          178,
          9
        ],
        [
          167,
          9
        ],
        [
          157,
          9
        ],
        [
          146,
          9
        ],
        [
          136,
          7
        ],
        [
          125,
          7
        ],
        [
          125,
          7
        ],
        [
          115,
          3
        ],
        [
          104,
          0
        ],
        [
          104,
          0
        ],
        [
          104,
          0
        ]
      ]
    },
    {
      "elevation": 400,
      "elevation_bbox_pixels": [
        182.80864568867054,
        32.87383401221206,
        49.44858927863936,
        26.616697584240114
      ],
      "contour_line_pixels": []
    },
    {
      "elevation": 400,
      "elevation_bbox_pixels": [
        185.49095251403608,
        387.4138358756655,
        34.169915514975344,
        23.248453587575426
      ],
      "contour_line_pixels": []
    },
    {
      "elevation": 400,
      "elevation_bbox_pixels": [
        206.7725377121825,
        139.43816039029247,
        42.91348259309575,
        22.019586161263874
      ],
      "contour_line_pixels": [
        [
          0,
          192
        ],
        [
          10,
          191
        ],
        [
          20,
          185
        ],
        [
          21,
          185
        ],
        [
          31,
          185
        ],
        [
          42,
          185
        ],
        [
          52,
          185
        ],
        [
          63,
          185
        ],
        [
          73,
          178
        ],
        [
          73,
          171
        ],
        [
          63,
          164
        ],
        [
          52,
          164
        ],
        [
          42,
          164
        ],
        [
          31,
          167
        ],
        [
          21,
          166
        ],
        [
          10,
          164
        ],
        [
          10,
          164
        ],
        [
          10,
          157
        ],
        [
          10,
          151
        ],
        [
          10,
          151
        ],
        [
          21,
          151
        ],
        [
          31,
          151
        ],
        [
          31,
          151
        ],
        [
          42,
          157
        ],
        [
          52,
          157
        ],
        [
          63,
          157
        ],
        [
          73,
          157
        ],
        [
          73,
          157
        ],
        [
          84,
          164
        ],
        [
          94,
          164
        ],
        [
          104,
          164
        ],
        [
          115,
          164
        ],
        [
          125,
          164
        ],
        [
          136,
          157
        ],
        [
          136,
          157
        ],
        [
          146,
          157
        ],
        [
          157,
          151
        ],
        [
          157,
          150
        ],
        [
          167,
          150
        ],
        [
          178,
          150
        ],
        [
          188,
          151
        ],
        [
          189,
          151
        ],
        [
          199,
          157
        ],
        [
          199,
          157
        ],
        [
          209,
          164
        ],
        [
          210,
          164
        ],
        [
          220,
          171
        ],
        [
          220,
          171
        ],
        [
          230,
          178
        ],
        [
          230,
          178
        ],
        [
          230,
          178
        ],
        [
          220,
          185
        ],
        [
          220,
          185
        ],
        [
          209,
          185
        ],
        [
          199,
          185
        ],
        [
          188,
          185
        ],
        [
          178,
          185
        ],
        [
          167,
          185
        ],
        [
          157,
          185
        ],
        [
          157,
          185
        ],
        [
          146,
          178
        ],
        [
          136,
          185
        ],
        [
          136,
          185
        ],
        [
          125,
          185
        ],
        [
          115,
          185
        ],
        [
          104,
          185
        ],
        [
          94,
          185
        ],
        [
          84,
          192
        ],
        [
          84,
          192
        ],
        [
          73,
          192
        ],
        [
          63,
          198
        ],
        [
          63,
          199
        ],
        [
          52,
          205
        ],
        [
          52,
          205
        ],
        [
          42,
          205
        ],
        [
          31,
          205
        ],
        [
          21,
          205
        ],
        [
          10,
          205
        ],
        [
          0,
          212
        ]
      ]
    },
    {
      "elevation": 450,
      "elevation_bbox_pixels": [
        279.76092451851395,
        416.88904529267995,
        58.68735742190995,
        35.911720504181794
      ],
      "contour_line_pixels": []
    },
    {
      "elevation": 425,
      "elevation_bbox_pixels": [
        254.060515287992,
        357.1535506798976,
        44.63215224701449,
        23.805858615581542
      ],