{
  "image": {
    "path": "N63E016_1567.png",
    "size": {
      "height": 512,
      "width": 512
    }
  },
  "labels": [
    {
      "elevation": 300,
      "elevation_bbox_pixels": [
        245.55506333037548,
        130.51423015176744,
        46.324904894376374,
        21.054726254447246
      ],
      "contour_line_pixels": []
    },
    {
      "elevation": 300,
      "elevation_bbox_pixels": [
        301.53194667240297,
        447.4313480042795,
        44.05236591116443,
        23.55551031391346
      ],
      "contour_line_pixels": [
        [
          512,
          464
        ],
        [
          497,
          462
        ],
        [
          466,
          459
        ],
        [
          435,
          458
        ],
        [
          435,
          458
        ],
        [
          435,
          435
        ],
        [
          435,
          435
        ],
        [
          466,
          434
        ],
        [
          497,
          434
        ],
        [
          512,
          434
        ]
      ]
    },
    {
      "elevation": 275,
      "elevation_bbox_pixels": [
        236.72067971417798,
        439.0308470628364,
        46.72882208028577,
        27.410164776230232
      ],
      "contour_line_pixels": []
    }
  ]
}