{
  "image": {
    "path": "N63E016_0041.png",
    "size": {
      "height": 512,
      "width": 512
    }
  },
  "labels": [
    {
      "elevation": 375,
      "elevation_bbox_pixels": [
        193.49808933917583,
        73.40125598078043,
        25.882386405139016,
        16.94427917954681
      ],
      "contour_line_pixels": [
        [
          0,
          25
        ],
        [
          56,
          42
        ],
        [
          95,
          61
        ],
        [
          127,
          104
        ],
        [
          136,
          115
        ],
        [
          127,
          168
        ],
        [
          127,
          168
        ],
        [
          56,
          191
        ],
        [
          0,
          205
        ]
      ]
    },
    {
      "elevation": 350,
      "elevation_bbox_pixels": [
        244.1725317775781,
        197.98712600339024,
        54.47144368792945,
        32.37479944546135
      ],
      "contour_line_pixels": [
        [
          276,
          0
        ],
        [
          281,
          7
        ],
        [
          340,
          61
        ],
        [
          340,
          61
        ],
        [
          411,
          109
        ],
        [
          429,
          115
        ],
        [
          412,
          168
        ],
        [
          411,
          168
        ],
        [
          340,
          199
        ],
        [
          281,
          222
        ],
        [
          269,
          229
        ],
        [
          208,
          275
        ],
        [
          198,
          281
        ],
        [
          127,
          309
        ],
        [
          74,
          329
        ],
        [
          56,
          334
        ],
        [
          0,
          348
        ]
      ]
    },
    {
      "elevation": 325,
      "elevation_bbox_pixels": [
        213.96440244392005,
        380.5390858918521,
        55.19283586970107,
        30.12444425689074
      ],
      "contour_line_pixels": [
        [
          512,
          325
        ],
        [
          500,
          329
        ],
        [
          482,
          332
        ],
        [
          411,
          350
        ],
        [
          340,
          374
        ],
        [
          305,
          382
        ],
        [
          269,
          387
        ],
        [
          198,
          398
        ],
        [
          127,
          405
        ],
        [
          56,
          411
        ],
        [
          0,
          422
        ]
      ]
    },
    {
      "elevation": 300,
      "elevation_bbox_pixels": [
        189.30559237138482,
        457.70609173286914,
        45.072604310929364,
        30.92640884749179
      ],
      "contour_line_pixels": [
        [
          512,
          404
        ],
        [
          482,
          406
        ],
        [
          411,
          417
        ],
        [
          340,
          428
        ],
        [
          293,
          436
        ],
        [
          269,
          445
        ],
        [
          198,
          465
        ],
        [
          127,
          473
        ],
        [
          56,
          481
        ],
        [
          0,
          486
        ]
      ]
    }
  ]
}