{
  "image": {
    "path": "N63E016_0726.png",
    "size": {
      "height": 512,
      "width": 512
    }
  },
  "labels": [
    {
      "elevation": 300,
      "elevation_bbox_pixels": [
        175.48155893240718,
        323.9083730310419,
        41.78705139805771,
        26.07145643937713
      ],
      "contour_line_pixels": [
        [
          294,
          385
        ],
        [
          294,
          385
        ],
        [
          293,
          385
        ],
        [
          260,
          374
        ],
        [
          226,
          366
        ],
        [
          192,
          364
        ],
        [
          169,
          354
        ],
        [
          158,
          353
        ],
        [
          124,
          350
        ],
        [
          90,
          324
        ],
        [
          89,
          324
        ],
        [
          55,
          293
        ],
        [
          55,
          293
        ],
        [
          55,
          293
        ],
        [
          90,
          274
        ],
        [
          124,
          276
        ],
        [
          158,
          282
        ],
        [
          192,
          289
        ],
        [
          215,
          293
        ],
        [
          226,
          297
        ],
        [
          260,
          307
        ],
        [
          294,
          321
        ],
        [
          298,
          324
        ],
        [
          328,
          351
        ],
        [
          331,
          354
        ],
        [
          328,
          358
        ],
        [
          294,
          385
        ]
      ]
    },
    {
      "elevation": 275,
      "elevation_bbox_pixels": [
        132.7281683884785,
        427.31143078018215,
        63.20963299239696,
        38.260480874287914
      ],
      "contour_line_pixels": []
    },
    {
      "elevation": 175,
      "elevation_bbox_pixels": [
        285.5060308559067,
        95.62108637624607,
        30.630114142021057,
        17.177962875939897
      ],
      "contour_line_pixels": [
        [
          512,
          211
        ],
        [
          499,
          201
        ],
        [
          499,
          201
        ],
        [
          490,
          171
        ],
        [
          465,
          149
        ],
        [
          453,
          140
        ],
        [
          431,
          130
        ],
        [
          397,
          117
        ],
        [
          379,
          110
        ],
        [
          362,
          102
        ],
        [
          328,
          99
        ],
        [
          294,
          97
        ],
        [
          260,
          94
        ],
        [
          226,
          90
        ],
        [
          192,
          83
        ],
        [
          183,
          79
        ],
        [
          158,
          61
        ],
        [
          144,
          49
        ],
        [
          124,
          33
        ],
        [
          107,
          18
        ],
        [
          102,
          0
        ]
      ]
    },
    {
      "elevation": 200,
      "elevation_bbox_pixels": [
        175.84134603404152,
        95.52475839358141,
        44.444153442477045,
        20.433316359886135
      ],
      "contour_line_pixels": [
        [
          0,
          16
        ],
        [
          1,
          18
        ],
        [
          21,
          39
        ],
        [
          34,
          49
        ],
        [
          55,
          57
        ],
        [
          81,
          79
        ],
        [
          90,
          86
        ],
        [
          116,
          110
        ],
        [
          124,
          117
        ],
        [
          158,
          133
        ],
        [
          192,
          137
        ],
        [
          226,
          139
        ],
        [
          260,
          137
        ],
        [
          294,
          137
        ],
        [
          328,
          137
        ],
        [
          362,
          139
        ],
        [
          366,
          140
        ],
        [
          397,
          159
        ],
        [
          421,
          171
        ],
        [
          431,
          201
        ],
        [
          431,
          201
        ],
        [
          465,
          230
        ],
        [
          467,
          232
        ],
        [
          495,
          262
        ],
        [
          499,
          264
        ],
        [
          512,
          275
        ]
      ]
    },
    {
      "elevation": 225,
      "elevation_bbox_pixels": [
        276.6258490188507,
        180.0581705987846,
        49.34777940590982,
        27.13891417655691
      ],
      "contour_line_pixels": [
        [
          0,
          59
        ],
        [
          21,
          70
        ],
        [
          36,
          79
        ],
        [
          55,
          96
        ],
        [
          72,
          110
        ],
        [
          90,
          138
        ],
        [
          92,
          140
        ],
        [
          124,
          167
        ],
        [
          131,
          171
        ],
        [
          158,
          186
        ],
        [
          192,
          199
        ],
        [
          209,
          201
        ],
        [
          226,
          203
        ],
        [
          237,
          201
        ],
        [
          260,
          196
        ],
        [
          294,
          186
        ],
        [
          328,
          182
        ],
        [
          362,
          189
        ],
        [
          379,
          201
        ],
        [
          397,
          210
        ],
        [
          418,
          232
        ],
        [
          422,
          262
        ],
        [
          431,
          273
        ],
        [
          455,
          293
        ],
        [
          465,
          303
        ],
        [
          487,
          324
        ],
        [
          494,
          354
        ],
        [
          499,
          369
        ],
        [
          509,
          385
        ],
        [
          512,
          387
        ]
      ]
    },
    {
      "elevation": 250,
      "elevation_bbox_pixels": [
        301.41352697165854,
        342.52450117852436,
        55.282645611075054,
        33.49973030925008
      ],