{
  "image": {
    "path": "N63E016_1105.png",
    "size": {
      "height": 512,
      "width": 512
    }
  },
  "labels": [
    {
      "elevation": 325,
      "elevation_bbox_pixels": [
        223.52097770557052,
        493.91207316966677,
        35.47302816069194,
        20.83013249781081
      ],
      "contour_line_pixels": [
        [
          0,
          500
        ],
        [
          60,
          502
        ],
        [
          158,
          503
        ],
        [
          256,
          511
        ],
        [
          264,
          512
        ]
      ]
    },
    {
      "elevation": 275,
      "elevation_bbox_pixels": [
        239.66549099192773,
        428.7471641736048,
        50.52326168359153,
        29.20248641894412
      ],
      "contour_line_pixels": [
        [
          0,
          406
        ],
        [
          23,
          410
        ],
        [
          60,
          415
        ],
        [
          158,
          426
        ],
        [
          256,
          438
        ],
        [
          354,
          448
        ],
        [
          354,
          448
        ],
        [
          452,
          458
        ],
        [
          512,
          465
        ]
      ]
    }
  ]
}