{
  "image": {
    "path": "N63E016_0974.png",
    "size": {
      "height": 512,
      "width": 512
    }
  },
  "labels": [
    {
      "elevation": 300,
      "elevation_bbox_pixels": [
        131.92907057476398,
        92.5496160500008,
        46.552882114640795,
        21.91193143971725
      ],
      "contour_line_pixels": [
        [
          48,
          104
        ],
        [
          47,
          104
        ],
        [
          48,
          103
        ],
        [
          66,
          104
        ],
        [
          66,
          104
        ],
        [
          66,
          104
        ],
        [
          48,
          104
        ]
      ]
    },
    {
      "elevation": 325,
      "elevation_bbox_pixels": [
        289.57269528067644,
        41.819602466673416,
        49.44858927863936,
        26.616697584240114
      ],
      "contour_line_pixels": [
        [
          512,
          125
        ],
        [
          494,
          125
        ],
        [
          476,
          125
        ],
        [
          457,
          125
        ],
        [
          457,
          125
        ],
        [
          438,
          123
        ],
        [
          420,
          119
        ],
        [
          401,
          114
        ],
        [
          388,
          104
        ],
        [
          383,
          93
        ],
        [
          379,
          83
        ],
        [
          369,
          61
        ],
        [
          375,
          40
        ],
        [
          382,
          19
        ],
        [
          374,
          0
        ]
      ]
    },
    {
      "elevation": 325,
      "elevation_bbox_pixels": [
        317.8637935148946,
        471.34553561451816,
        42.91348259309575,
        22.019586161263874
      ],
      "contour_line_pixels": [
        [
          336,
          512
        ],
        [
          338,
          506
        ],
        [
          345,
          500
        ],
        [
          364,
          492
        ],
        [
          383,
          486
        ],
        [
          392,
          484
        ],
        [
          401,
          482
        ],
        [
          420,
          482
        ],
        [
          438,
          482
        ],
        [
          457,
          482
        ],
        [
          476,
          483
        ],
        [
          494,
          483
        ],
        [
          512,
          484
        ]
      ]
    },
    {
      "elevation": 300,
      "elevation_bbox_pixels": [
        249.45329077064181,
        422.16348515258835,
        58.810088776640924,
        35.9354273505748
      ],
      "contour_line_pixels": [
        [
          246,
          512
        ],
        [
          240,
          506
        ],
        [
          238,
          484
        ],
        [
          252,
          463
        ],
        [
          252,
          463
        ],
        [
          271,
          455
        ],
        [
          289,
          442
        ],
        [
          290,
          442
        ],
        [
          308,
          439
        ],
        [
          327,
          437
        ],
        [
          345,
          434
        ],
        [
          364,
          427
        ],
        [
          383,
          426
        ],
        [
          401,
          426
        ],
        [
          420,
          426
        ],
        [
          438,
          426
        ],
        [
          457,
          426
        ],
        [
          476,
          427
        ],
        [
          494,
          430
        ],
        [
          512,
          432
        ]
      ]
    },
    {
      "elevation": 275,
      "elevation_bbox_pixels": [
        304.88460660929326,
        220.96935707922995,
        44.63215224701446,
        23.805858615581542
      ],
      "contour_line_pixels": []
    }
  ]
}