{
  "image": {
    "path": "N63E016_1386.png",
    "size": {
      "height": 512,
      "width": 512
    }
  },
  "labels": [
    {
      "elevation": 350,
      "elevation_bbox_pixels": [
        159.4742618966742,
        104.50127312787475,
        30.43960646882556,
        19.134939115454586
      ],
      "contour_line_pixels": []
    },
    {
      "elevation": 325,
      "elevation_bbox_pixels": [
        165.2394399173529,
        55.319073454368095,
        55.16091891310634,
        33.0936741523758
      ],
      "contour_line_pixels": []
    },
    {
      "elevation": 300,
      "elevation_bbox_pixels": [
        213.26758841891353,
        123.59567751159136,
        33.26780299326197,
        17.336052227882874
      ],
      "contour_line_pixels": [
        [
          193,
          0
        ],
        [
          194,
          1
        ],
        [
          196,
          5
        ],
        [
          196,
          16
        ],
        [
          196,
          28
        ],
        [
          196,
          39
        ],
        [
          194,
          50
        ],
        [
          194,
          50
        ],
        [
          179,
          62
        ],
        [
          179,
          62
        ],
        [
          163,
          70
        ],
        [
          149,
          73
        ],
        [
          148,
          73
        ],
        [
          133,
          83
        ],
        [
          129,
          85
        ],
        [
          129,
          96
        ],
        [
          133,
          98
        ],
        [
          148,
          104
        ],
        [
          156,
          107
        ],
        [
          163,
          113
        ],
        [
          168,
          119
        ],
        [
          176,
          130
        ],
        [
          179,
          133
        ],
        [
          190,
          142
        ],
        [
          191,
          153
        ],
        [
          194,
          157
        ],
        [
          201,
          164
        ],
        [
          203,
          176
        ],
        [
          206,
          187
        ],
        [
          209,
          189
        ],
        [
          221,
          198
        ],
        [
          224,
          200
        ],
        [
          236,
          210
        ],
        [
          239,
          212
        ],
        [
          248,
          221
        ],
        [
          254,
          228
        ],
        [
          258,
          233
        ],
        [
          262,
          244
        ],
        [
          262,
          255
        ],
        [
          269,
          263
        ],
        [
          274,
          267
        ],
        [
          284,
          278
        ],
        [
          284,
          278
        ],
        [
          292,
          290
        ],
        [
          289,
          301
        ],
        [
          284,
          307
        ],
        [
          270,
          312
        ],
        [
          269,
          312
        ],
        [
          254,
          312
        ],
        [
          239,
          315
        ],
        [
          224,
          317
        ],
        [
          209,
          318
        ],
        [
          194,
          319
        ],
        [
          179,
          320
        ],
        [
          163,
          322
        ],
        [
          149,
          324
        ],
        [
          148,
          324
        ],
        [
          133,
          327
        ],
        [
          118,
          331
        ],
        [
          103,
          331
        ],
        [
          88,
          330
        ],
        [
          73,
          328
        ],
        [
          58,
          325
        ],
        [
          43,
          324
        ],
        [
          42,
          324
        ],
        [
          28,
          318
        ],
        [
          12,
          314
        ],
        [
          7,
          312
        ],
        [
          0,
          309
        ]
      ]
    },
    {
      "elevation": 275,
      "elevation_bbox_pixels": [
        293.0465337476366,
        267.5163639352336,
        45.77578004219242,
        21.219880059984405
      ],