{
  "image": {
    "path": "N63E016_0957.png",
    "size": {
      "height": 512,
      "width": 512
    }
  },
  "labels": [
    {
      "elevation": 325,
      "elevation_bbox_pixels": [
        332.233097083592,
        155.65616096763034,
        37.022417364812895,
        21.016879380967453
      ],
      "contour_line_pixels": [
        [
          512,
          214
        ],
        [
          504,
          214
        ],
        [
          491,
          215
        ],
        [
          479,
          214
        ],
        [
          466,
          212
        ],
        [
          457,
          209
        ],
        [
          454,
          208
        ],
        [
          442,
          205
        ],
        [
          429,
          205
        ],
        [
          417,
          204
        ],
        [
          404,
          200
        ],
        [
          394,
          196
        ],
        [
          392,
          194
        ],
        [
          379,
          186
        ],
        [
          371,
          182
        ],
        [
          367,
          169
        ],
        [
          367,
          168
        ],
        [
          367,
          168
        ],
        [
          379,
          159
        ],
        [
          392,
          158
        ],
        [
          404,
          161
        ],
        [
          417,
          162
        ],
        [
          429,
          164
        ],
        [
          442,
          166
        ],
        [
          454,
          166
        ],
        [
          466,
          167
        ],
        [
          473,
          168
        ],
        [
          479,
          170
        ],
        [
          491,
          174
        ],
        [
          504,
          180
        ],
        [
          507,
          182
        ],
        [
          512,
          185
        ]
      ]
    },
    {
      "elevation": 300,
      "elevation_bbox_pixels": [
        308.5454205142113,
        111.94882620659996,
        54.42158424843569,
        28.249386099430467
      ],
      "contour_line_pixels": [
        [
          512,
          249
        ],
        [
          504,
          248
        ],
        [
          491,
          245
        ],
        [
          479,
          242
        ],
        [
          466,
          236
        ],
        [
          466,
          236
        ],
        [
          454,
          235
        ],
        [
          442,
          235
        ],
        [
          429,
          234
        ],
        [
          417,
          232
        ],
        [
          404,
          226
        ],
        [
          398,
          223
        ],
        [
          392,
          222
        ],
        [
          379,
          220
        ],
        [
          367,
          212
        ],
        [
          363,
          209
        ],
        [
          354,
          205
        ],
        [
          342,
          198
        ],
        [
          338,
          196
        ],
        [
          331,
          182
        ],
        [
          329,
          179
        ],
        [
          326,
          168
        ],
        [
          317,
          156
        ],
        [
          316,
          155
        ],
        [
          304,
          142
        ],
        [
          303,
          141
        ],
        [
          304,
          140
        ],
        [
          317,
          130
        ],
        [
          329,
          128
        ],
        [
          329,
          128
        ],
        [
          342,
          128
        ],
        [
          354,
          126
        ],
        [
          367,
          121
        ],
        [
          379,
          120
        ],
        [
          392,
          120
        ],
        [
          404,
          122
        ],
        [
          417,
          125
        ],
        [
          425,
          128
        ],
        [
          429,
          129
        ],
        [
          442,
          131
        ],
        [
          454,
          135
        ],
        [
          466,
          139
        ],
        [
          479,
          139
        ],
        [
          491,
          140
        ],
        [
          504,
          141
        ],
        [
          504,
          141
        ],
        [
          512,
          145
        ]
      ]
    },
    {
      "elevation": 325,
      "elevation_bbox_pixels": [
        125.21303228627946,
        287.8093721449725,
        40.266311395418654,
        19.300274668983093
      ],
      "contour_line_pixels": []
    },
    {
      "elevation": 300,
      "elevation_bbox_pixels": [
        224.97600337675973,
        357.51613313862185,
        33.80211403201983,
        18.72097877144688
      ],
      "contour_line_pixels": [
        [
          0,
          213
        ],
        [
          5,
          217
        ],
        [
          10,
          223
        ],
        [
          10,
          236
        ],
        [
          17,
          241
        ],
        [
          26,
          250
        ],
        [
          30,
          254
        ],
        [
          39,
          263
        ],
        [
          42,
          269
        ],
        [
          48,
          277
        ],
        [
          55,
          287
        ],
        [
          60,
          291
        ],
        [
          67,
          293
        ],
        [
          80,
          297
        ],
        [
          92,
          303
        ],
        [
          96,
          304
        ],
        [
          105,
          307
        ],
        [
          116,
          318
        ],
        [
          117,
          319
        ],
        [
          130,
          327
        ],
        [
          142,
          330
        ],
        [
          155,
          331
        ],
        [
          167,
          331
        ],
        [
          173,
          331
        ],
        [
          180,
          333
        ],
        [
          192,
          341
        ],
        [
          204,
          345
        ],
        [
          205,
          345
        ],
        [
          217,
          356
        ],
        [
          219,
          359
        ],
        [
          229,
          370
        ],
        [
          232,
          372
        ],
        [
          233,
          386
        ],
        [
          233,
          399
        ],
        [
          238,
          413
        ],
        [
          242,
          420
        ],
        [
          246,
          426
        ],
        [
          254,
          440
        ],
        [
          255,
          440
        ],
        [
          267,
          453
        ],
        [
          267,
          454
        ],
        [
          279,
          460
        ],
        [
          286,
          467
        ],
        [
          292,
          474
        ],
        [
          304,
          481
        ],
        [
          305,
          481
        ],
        [
          317,
          488
        ],
        [
          329,
          491
        ],
        [
          342,
          494
        ],
        [
          342,
          494
        ],
        [
          354,
          508
        ],
        [
          354,
          508
        ],
        [
          354,
          512
        ]
      ]
    },
    {
      "elevation": 275,
      "elevation_bbox_pixels": [
        207.47683351455294,
        198.2289496930614,
        31.92726751669352,
        17.024558570176396
      ],