{
  "image": {
    "path": "N63E016_0929.png",
    "size": {
      "height": 512,
      "width": 512
    }
  },
  "labels": [
    {
      "elevation": 300,
      "elevation_bbox_pixels": [
        262.9349962757045,
        393.49617385237514,
        59.04148958872179,
        36.541344090792535
      ],
      "contour_line_pixels": [
        [
          512,
          414
        ],
        [
          481,
          412
        ],
        [
          452,
          411
        ],
        [
          481,
          410
        ],
        [
          512,
          409
        ]
      ]
    },
    {
      "elevation": 275,
      "elevation_bbox_pixels": [
        186.67197204158083,
        495.6502897238265,
        51.07122523335693,
        26.139990348480808
      ],
      "contour_line_pixels": [
        [
          0,
          507
        ],
        [
          15,
          512
        ]
      ]
    },
    {
      "elevation": 225,
      "elevation_bbox_pixels": [
        236.85372044774317,
        252.8256205698425,
        59.53927389282808,
        30.791775225951113
      ],
      "contour_line_pixels": [
        [
          0,
          260
        ],
        [
          22,
          264
        ],
        [
          80,
          268
        ],
        [
          137,
          268
        ],
        [
          194,
          268
        ],
        [
          252,
          268
        ],
        [
          309,
          268
        ],
        [
          366,
          268
        ],
        [
          424,
          268
        ],
        [
          481,
          268
        ],
        [
          512,
          272
        ]
      ]
    }
  ]
}