{
  "image": {
    "path": "N63E016_1299.png",
    "size": {
      "height": 512,
      "width": 512
    }
  },
  "labels": [
    {
      "elevation": 150,
      "elevation_bbox_pixels": [
        221.4365707694697,
        242.12179458906678,
        25.797823108377884,
        14.60960227024205
      ],
      "contour_line_pixels": [
        [
          245,
          512
        ],
        [
          248,
          488
        ],
        [
          248,
          345
        ],
        [
          231,
          205
        ],
        [
          214,
          205
        ],
        [
          198,
          345
        ],
        [
          198,
          488
        ],
        [
          201,
          512
        ]
      ]
    },
    {
      "elevation": 175,
      "elevation_bbox_pixels": [
        7.916455706923415,
        180.84002965306684,
        54.47144368792947,
        32.37479944546135
      ],
      "contour_line_pixels": []
    },
    {
      "elevation": 200,
      "elevation_bbox_pixels": [
        383.55690471177667,
        235.4797641018498,
        55.19283586970107,
        30.124444256890712
      ],
      "contour_line_pixels": [
        [
          396,
          512
        ],
        [
          397,
          488
        ],
        [
          401,
          459
        ],
        [
          418,
          345
        ],
        [
          409,
          202
        ],
        [
          401,
          62
        ],
        [
          401,
          58
        ],
        [
          401,
          0
        ]
      ]
    }
  ]
}