{
  "image": {
    "path": "N63E016_1060.png",
    "size": {
      "height": 512,
      "width": 512
    }
  },
  "labels": [
    {
      "elevation": 375,
      "elevation_bbox_pixels": [
        -2.2935158285083546,
        90.60313909596977,
        41.66434996216638,
        26.047595223351777
      ],
      "contour_line_pixels": [
        [
          27,
          0
        ],
        [
          12,
          15
        ],
        [
          0,
          30
        ]
      ]
    },
    {
      "elevation": 425,
      "elevation_bbox_pixels": [
        136.26766978512663,
        388.584601617849,
        63.20963299239696,
        38.26048087428791
      ],
      "contour_line_pixels": [
        [
          150,
          512
        ],
        [
          160,
          501
        ],
        [
          182,
          504
        ],
        [
          203,
          510
        ],
        [
          207,
          512
        ]
      ]
    },
    {
      "elevation": 400,
      "elevation_bbox_pixels": [
        180.9832696300937,
        349.85190783001156,
        30.381676974053278,
        17.15005277790783
      ],
      "contour_line_pixels": [
        [
          0,
          407
        ],
        [
          11,
          379
        ],
        [
          12,
          379
        ],
        [
          33,
          375
        ],
        [
          54,
          371
        ],
        [
          75,
          371
        ],
        [
          97,
          371
        ],
        [
          118,
          371
        ],
        [
          132,
          379
        ],
        [
          139,
          384
        ],
        [
          160,
          400
        ],
        [
          182,
          412
        ],
        [
          203,
          427
        ],
        [
          224,
          436
        ],
        [
          245,
          443
        ],
        [
          266,
          447
        ],
        [
          288,
          451
        ],
        [
          309,
          452
        ],
        [
          330,
          452
        ],
        [
          351,
          454
        ],
        [
          373,
          453
        ],
        [
          394,
          453
        ],
        [
          415,
          453
        ],
        [
          436,
          453
        ],
        [
          457,
          453
        ],
        [
          479,
          457
        ],
        [
          500,
          457
        ],
        [
          512,
          457
        ]
      ]
    },
    {
      "elevation": 375,
      "elevation_bbox_pixels": [
        100.73470687397403,
        252.05135369581586,
        44.569147422390586,
        20.434543138342946
      ],
      "contour_line_pixels": [
        [
          0,
          274
        ],
        [
          12,
          271
        ],
        [
          33,
          271
        ],
        [
          54,
          270
        ],
        [
          75,
          266
        ],
        [
          97,
          267
        ],
        [
          118,
          265
        ],
        [
          139,
          271
        ],
        [
          160,
          287
        ],
        [
          182,
          301
        ],
        [
          182,
          301
        ],
        [
          203,
          312
        ],
        [
          224,
          334
        ],
        [
          245,
          349
        ],
        [
          266,
          358
        ],
        [
          288,
          370
        ],
        [
          296,
          379
        ],
        [
          309,
          387
        ],
        [
          330,
          389
        ],
        [
          351,
          384
        ],
        [
          357,
          379
        ],
        [
          373,
          365
        ],
        [
          394,
          366
        ],
        [
          415,
          367
        ],
        [
          436,
          369
        ],
        [
          457,
          371
        ],
        [
          479,
          377
        ],
        [
          484,
          379
        ],
        [
          500,
          387
        ],
        [
          512,
          390
        ]
      ]
    },
    {
      "elevation": 350,
      "elevation_bbox_pixels": [
        359.162219710403,
        267.3177018508708,
        49.34777940590982,
        27.138914176556966
      ],
      "contour_line_pixels": [
        [
          198,
          0
        ],
        [
          203,
          9
        ],
        [
          224,
          21
        ],
        [
          245,
          48
        ],
        [
          266,
          67
        ],
        [
          267,
          67
        ],
        [
          288,
          144
        ],
        [
          288,
          145
        ],
        [
          309,
          184
        ],
        [
          323,
          223
        ],
        [
          330,
          234
        ],
        [
          351,
          256
        ],
        [
          373,
          279
        ],
        [
          387,
          301
        ],
        [
          394,
          303
        ],
        [
          415,
          310
        ],
        [
          436,
          317
        ],
        [
          457,
          321
        ],
        [
          479,
          323
        ],
        [
          500,
          325
        ],
        [
          512,
          326
        ]
      ]
    },
    {
      "elevation": 325,
      "elevation_bbox_pixels": [
        474.7006749092339,
        162.20812209846343,
        55.282645611075,
        33.49973030925014
      ],
      "contour_line_pixels": [
        [
          492,
          0
        ],
        [
          489,
          67
        ],
        [
          500,
          119
        ],
        [
          505,
          145
        ],
        [
          512,
          158
        ]
      ]
    }
  ]
}