{
  "image": {
    "path": "N63E016_0697.png",
    "size": {
      "height": 512,
      "width": 512
    }
  },
  "labels": [
    {
      "elevation": 300,
      "elevation_bbox_pixels": [
        177.26251955042642,
        99.0669202858316,
        30.43960646882556,
        19.134939115454586
      ],
      "contour_line_pixels": []
    },
    {
      "elevation": 300,
      "elevation_bbox_pixels": [
        221.7114725749309,
        339.6097737780145,
        54.915191766419866,
        33.04765057818463
      ],
      "contour_line_pixels": [
        [
          240,
          374
        ],
        [
          240,
          374
        ],
        [
          240,
          354
        ],
        [
          240,
          354
        ],
        [
          241,
          354
        ],
        [
          262,
          374
        ],
        [
          262,
          374
        ],
        [
          262,
          374
        ],
        [
          240,
          374
        ]
      ]
    },
    {
      "elevation": 300,
      "elevation_bbox_pixels": [
        247.79394391966855,
        424.9865572261036,
        33.26780299326197,
        17.336052227882874
      ],
      "contour_line_pixels": [
        [
          351,
          479
        ],
        [
          348,
          478
        ],
        [
          329,
          473
        ],
        [
          307,
          467
        ],
        [
          287,
          457
        ],
        [
          284,
          451
        ],
        [
          278,
          436
        ],
        [
          262,
          416
        ],
        [
          262,
          416
        ],
        [
          262,
          416
        ],
        [
          284,
          410
        ],
        [
          307,
          411
        ],
        [
          322,
          416
        ],
        [
          329,
          418
        ],
        [
          351,
          425
        ],
        [
          373,
          436
        ],
        [
          373,
          436
        ],
        [
          387,
          457
        ],
        [
          392,
          478
        ],
        [
          373,
          482
        ],
        [
          351,
          479
        ]
      ]
    },
    {
      "elevation": 175,
      "elevation_bbox_pixels": [
        303.66235717020976,
        62.29051020151525,
        45.77578004219242,
        21.219880059984348
      ],
      "contour_line_pixels": [
        [
          512,
          130
        ],
        [
          509,
          126
        ],
        [
          506,
          123
        ],
        [
          484,
          108
        ],
        [
          478,
          105
        ],
        [
          462,
          94
        ],
        [
          449,
          84
        ],
        [
          440,
          80
        ],
        [
          418,
          69
        ],
        [
          410,
          63
        ],
        [
          395,
          55
        ],
        [
          382,
          43
        ],
        [
          373,
          34
        ],
        [
          354,
          22
        ],
        [
          351,
          1
        ],
        [
          353,
          0
        ]
      ]
    },
    {
      "elevation": 200,
      "elevation_bbox_pixels": [
        302.5574511859169,
        200.69375566241865,
        42.698557470166406,
        26.03899124380996
      ],
      "contour_line_pixels": [
        [
          195,
          0
        ],
        [
          196,
          1
        ],
        [
          196,
          1
        ],
        [
          218,
          13
        ],
        [
          229,
          22
        ],
        [
          240,
          29
        ],
        [
          257,
          43
        ],
        [
          262,
          48
        ],
        [
          281,
          63
        ],
        [
          284,
          66
        ],
        [
          307,
          84
        ],
        [
          307,
          84
        ],
        [
          329,
          99
        ],
        [
          340,
          105
        ],
        [
          345,
          126
        ],
        [
          351,
          146
        ],
        [
          351,
          146
        ],
        [
          373,
          157
        ],
        [
          386,
          167
        ],
        [
          395,
          174
        ],
        [
          410,
          188
        ],
        [
          415,
          208
        ],
        [
          418,
          213
        ],
        [
          440,
          229
        ],
        [
          440,
          229
        ],
        [
          462,
          237
        ],
        [
          482,
          250
        ],
        [
          481,
          271
        ],
        [
          480,
          291
        ],
        [
          480,
          312
        ],
        [
          478,
          333
        ],
        [
          469,
          354
        ],
        [
          471,
          374
        ],
        [
          474,
          395
        ],
        [
          484,
          407
        ],
        [
          492,
          416
        ],
        [
          494,
          436
        ],
        [
          497,
          457
        ],
        [
          496,
          478
        ],
        [
          484,
          496
        ],
        [
          480,
          499
        ],
        [
          475,
          512
        ]
      ]
    },
    {
      "elevation": 225,
      "elevation_bbox_pixels": [
        313.8578801049165,
        246.2944447841415,
        39.49387514265004,
        23.325889757664157
      ],