{
  "image": {
    "path": "N63E016_0745.png",
    "size": {
      "height": 512,
      "width": 512
    }
  },
  "labels": [
    {
      "elevation": 275,
      "elevation_bbox_pixels": [
        1.6669021492099478,
        210.88639078320932,
        29.994552031397426,
        15.743756532967154
      ],
      "contour_line_pixels": [
        [
          0,
          125
        ],
        [
          8,
          156
        ],
        [
          9,
          161
        ],
        [
          23,
          211
        ],
        [
          25,
          218
        ],
        [
          23,
          275
        ],
        [
          23,
          275
        ],
        [
          8,
          280
        ],
        [
          0,
          280
        ]
      ]
    },
    {
      "elevation": 175,
      "elevation_bbox_pixels": [
        266.1664103286083,
        175.48054920807397,
        49.84341540567607,
        30.096442825721397
      ],
      "contour_line_pixels": []
    },
    {
      "elevation": 200,
      "elevation_bbox_pixels": [
        136.2252059746505,
        282.4112979921772,
        44.90577624098506,
        23.5832102097051
      ],
      "contour_line_pixels": [
        [
          48,
          0
        ],
        [
          51,
          10
        ],
        [
          60,
          48
        ],
        [
          65,
          64
        ],
        [
          75,
          105
        ],
        [
          79,
          121
        ],
        [
          89,
          161
        ],
        [
          93,
          168
        ],
        [
          107,
          194
        ],
        [
          116,
          218
        ],
        [
          121,
          226
        ],
        [
          135,
          246
        ],
        [
          145,
          275
        ],
        [
          149,
          294
        ],
        [
          161,
          332
        ],
        [
          164,
          334
        ],
        [
          178,
          354
        ],
        [
          190,
          388
        ],
        [
          192,
          393
        ],
        [
          206,
          445
        ],
        [
          206,
          445
        ],
        [
          219,
          502
        ],
        [
          219,
          512
        ]
      ]
    },
    {
      "elevation": 225,
      "elevation_bbox_pixels": [
        64.79065353879636,
        224.01376101410136,
        41.364243651113,
        24.835198772360968
      ],
      "contour_line_pixels": [
        [
          15,
          0
        ],
        [
          23,
          25
        ],
        [
          28,
          48
        ],
        [
          37,
          63
        ],
        [
          49,
          105
        ],
        [
          51,
          124
        ],
        [
          58,
          161
        ],
        [
          65,
          171
        ],
        [
          79,
          203
        ],
        [
          84,
          218
        ],
        [
          93,
          241
        ],
        [
          107,
          275
        ],
        [
          107,
          275
        ],
        [
          121,
          327
        ],
        [
          122,
          332
        ],
        [
          135,
          352
        ],
        [
          149,
          371
        ],
        [
          158,
          388
        ],
        [
          164,
          398
        ],
        [
          178,
          426
        ],
        [
          184,
          445
        ],
        [
          192,
          484
        ],
        [
          196,
          502
        ],
        [
          196,
          512
        ]
      ]
    }
  ]
}