{
  "image": {
    "path": "N63E016_1474.png",
    "size": {
      "height": 512,
      "width": 512
    }
  },
  "labels": [
    {
      "elevation": 200,
      "elevation_bbox_pixels": [
        141.61787272812273,
        243.75249295067306,
        39.41517386300143,
        20.930570519244583
      ],
      "contour_line_pixels": []
    },
    {
      "elevation": 275,
      "elevation_bbox_pixels": [
        350.673058260216,
        343.4695160940058,
        41.79762106441524,
        24.74211011026017
      ],
      "contour_line_pixels": []
    },
    {
      "elevation": 200,
      "elevation_bbox_pixels": [
        156.6561592734231,
        397.93858818649545,
        61.782425418929506,
        32.89502429663676
      ],
      "contour_line_pixels": [
        [
          0,
          485
        ],
        [
          10,
          478
        ],
        [
          22,
          476
        ],
        [
          34,
          474
        ],
        [
          34,
          474
        ],
        [
          46,
          474
        ],
        [
          58,
          467
        ],
        [
          70,
          462
        ],
        [
          82,
          461
        ],
        [
          82,
          461
        ],
        [
          94,
          448
        ],
        [
          94,
          448
        ],
        [
          106,
          435
        ],
        [
          107,
          435
        ],
        [
          118,
          422
        ],
        [
          107,
          409
        ],
        [
          94,
          416
        ],
        [
          83,
          422
        ],
        [
          82,
          422
        ],
        [
          70,
          426
        ],
        [
          58,
          433
        ],
        [
          54,
          435
        ],
        [
          46,
          444
        ],
        [
          34,
          448
        ],
        [
          34,
          448
        ],
        [
          22,
          454
        ],
        [
          10,
          459
        ],
        [
          0,
          461
        ]
      ]
    },
    {
      "elevation": 250,
      "elevation_bbox_pixels": [
        311.0287144395709,
        406.26669180389064,
        52.867390292112304,
        34.51344205680229
      ],
      "contour_line_pixels": [
        [
          512,
          443
        ],
        [
          507,
          442
        ],
        [
          494,
          442
        ],
        [
          482,
          442
        ],
        [
          470,
          441
        ],
        [
          458,
          439
        ],
        [
          446,
          436
        ],
        [
          445,
          435
        ],
        [
          434,
          429
        ],
        [
          427,
          422
        ],
        [
          428,
          409
        ],
        [
          434,
          402
        ],
        [
          446,
          401
        ],
        [
          458,
          405
        ],
        [
          463,
          409
        ],
        [
          470,
          414
        ],
        [
          482,
          418
        ],
        [
          494,
          415
        ],
        [
          500,
          409
        ],
        [
          501,
          396
        ],
        [
          498,
          383
        ],
        [
          494,
          378
        ],
        [
          488,
          370
        ],
        [
          482,
          364
        ],
        [
          476,
          357
        ],
        [
          470,
          349
        ],
        [
          468,
          344
        ],
        [
          460,
          332
        ],
        [
          458,
          329
        ],
        [
          448,
          319
        ],
        [
          446,
          314
        ],
        [
          442,
          306
        ],
        [
          446,
          293
        ],
        [
          446,
          293
        ],
        [
          458,
          282
        ],
        [
          460,
          280
        ],
        [
          470,
          269
        ],
        [
          474,
          267
        ],
        [
          482,
          265
        ],
        [
          494,
          264
        ],
        [
          507,
          262
        ],
        [
          512,
          257
        ]
      ]
    },
    {
      "elevation": 225,
      "elevation_bbox_pixels": [
        308.3289741208288,
        282.3490957445724,
        35.79310895336556,
        19.08830714919071
      ],
      "contour_line_pixels": [
        [
          512,
          481
        ],
        [
          507,
          478
        ],
        [
          498,
          474
        ],
        [
          494,
          473
        ],
        [
          482,
          469
        ],
        [
          470,
          467
        ],
        [
          464,
          461
        ],
        [
          458,
          458
        ],
        [
          446,
          457
        ],
        [
          434,
          448
        ],
        [
          434,
          448
        ],
        [
          422,
          437
        ],
        [
          420,
          435
        ],
        [
          410,
          426
        ],
        [
          406,
          422
        ],
        [
          397,
          411
        ],
        [
          396,
          409
        ],
        [
          397,
          403
        ],
        [
          398,
          396
        ],
        [
          401,
          383
        ],
        [
          404,
          370
        ],
        [
          409,
          357
        ],
        [
          408,
          344
        ],
        [
          405,
          332
        ],
        [
          403,
          319
        ],
        [
          402,
          306
        ],
        [
          404,
          293
        ],
        [
          410,
          286
        ],
        [
          414,
          280
        ],
        [
          422,
          267
        ],
        [
          422,
          267
        ],
        [
          425,
          254
        ],
        [
          434,
          245
        ],
        [
          440,
          241
        ],
        [
          446,
          236
        ],
        [
          458,
          231
        ],
        [
          470,
          230
        ],
        [
          482,
          229
        ],
        [
          494,
          229
        ],
        [
          506,
          228
        ],
        [
          507,
          228
        ],
        [
          512,
          225
        ]
      ]
    },
    {
      "elevation": 200,
      "elevation_bbox_pixels": [
        241.20379492242006,
        285.30531843468975,
        25.570191073896126,
        15.507195079997928
      ],
      "contour_line_pixels": []
    }
  ]
}