{
  "image": {
    "path": "N63E016_1542.png",
    "size": {
      "height": 512,
      "width": 512
    }
  },
  "labels": [
    {
      "elevation": 325,
      "elevation_bbox_pixels": [
        286.550192062268,
        181.78392589021718,
        42.46102086025758,
        24.550081897075074
      ],
      "contour_line_pixels": []
    },
    {
      "elevation": 300,
      "elevation_bbox_pixels": [
        262.80284415584697,
        87.9835499176408,
        55.854633460800414,
        31.769607742200265
      ],
      "contour_line_pixels": []
    },
    {
      "elevation": 275,
      "elevation_bbox_pixels": [
        338.5621045126027,
        20.80812656558072,
        38.48543053652975,
        24.289931505826303
      ],
      "contour_line_pixels": []
    }
  ]
}