{
  "image": {
    "path": "N63E016_1179.png",
    "size": {
      "height": 512,
      "width": 512
    }
  },
  "labels": [
    {
      "elevation": 325,
      "elevation_bbox_pixels": [
        279.53278353137694,
        477.2108447404309,
        54.36569612340003,
        27.0326588867771
      ],
      "contour_line_pixels": [
        [
          335,
          512
        ],
        [
          343,
          509
        ],
        [
          404,
          492
        ],
        [
          465,
          479
        ],
        [
          512,
          475
        ]
      ]
    },
    {
      "elevation": 300,
      "elevation_bbox_pixels": [
        251.35303505358502,
        436.77796860287935,
        53.011446176451045,
        28.337547947335196
      ],
      "contour_line_pixels": [
        [
          136,
          512
        ],
        [
          159,
          501
        ],
        [
          220,
          479
        ],
        [
          266,
          468
        ],
        [
          281,
          463
        ],
        [
          343,
          444
        ],
        [
          404,
          430
        ],
        [
          465,
          421
        ],
        [
          465,
          421
        ],
        [
          512,
          417
        ]
      ]
    },
    {
      "elevation": 275,
      "elevation_bbox_pixels": [
        234.17722268686276,
        359.93376345005373,
        35.51497296863943,
        18.52460033344994
      ],
      "contour_line_pixels": [
        [
          0,
          413
        ],
        [
          37,
          411
        ],
        [
          98,
          403
        ],
        [
          159,
          391
        ],
        [
          205,
          375
        ],
        [
          220,
          373
        ],
        [
          281,
          364
        ],
        [
          343,
          361
        ],
        [
          404,
          354
        ],
        [
          465,
          343
        ],
        [
          512,
          335
        ]
      ]
    },
    {
      "elevation": 250,
      "elevation_bbox_pixels": [
        222.57996926337552,
        130.4634821337787,
        60.0015195718114,
        33.00129880157306
      ],
      "contour_line_pixels": [
        [
          102,
          0
        ],
        [
          110,
          6
        ],
        [
          159,
          43
        ],
        [
          168,
          52
        ],
        [
          194,
          99
        ],
        [
          220,
          126
        ],
        [
          241,
          145
        ],
        [
          281,
          163
        ],
        [
          343,
          172
        ],
        [
          385,
          145
        ],
        [
          404,
          134
        ],
        [
          465,
          123
        ],
        [
          512,
          106
        ]
      ]
    }
  ]
}