{
  "image": {
    "path": "N63E016_0520.png",
    "size": {
      "height": 512,
      "width": 512
    }
  },
  "labels": [
    {
      "elevation": 350,
      "elevation_bbox_pixels": [
        273.75602049060376,
        13.099990437003157,
        44.37232340109813,
        25.61993092957823
      ],
      "contour_line_pixels": [
        [
          512,
          32
        ],
        [
          490,
          28
        ],
        [
          443,
          24
        ],
        [
          412,
          17
        ],
        [
          397,
          14
        ],
        [
          350,
          6
        ],
        [
          326,
          0
        ]
      ]
    },
    {
      "elevation": 325,
      "elevation_bbox_pixels": [
        247.77213433340307,
        52.29156278130637,
        56.10400039209753,
        31.787387887741602
      ],
      "contour_line_pixels": []
    },
    {
      "elevation": 300,
      "elevation_bbox_pixels": [
        269.9760827677009,
        254.0255531999248,
        38.361905563173536,
        24.27078520181351
      ],
      "contour_line_pixels": [
        [
          334,
          512
        ],
        [
          321,
          506
        ],
        [
          304,
          496
        ],
        [
          281,
          486
        ],
        [
          257,
          467
        ],
        [
          257,
          467
        ],
        [
          229,
          447
        ],
        [
          211,
          434
        ],
        [
          199,
          428
        ],
        [
          164,
          413
        ],
        [
          157,
          408
        ],
        [
          153,
          388
        ],
        [
          164,
          379
        ],
        [
          210,
          369
        ],
        [
          211,
          369
        ],
        [
          257,
          369
        ],
        [
          304,
          369
        ],
        [
          350,
          369
        ],
        [
          397,
          369
        ],
        [
          443,
          369
        ],
        [
          474,
          349
        ],
        [
          489,
          330
        ],
        [
          467,
          310
        ],
        [
          443,
          291
        ],
        [
          443,
          291
        ],
        [
          442,
          271
        ],
        [
          397,
          252
        ],
        [
          397,
          252
        ],
        [
          350,
          232
        ],
        [
          350,
          232
        ],
        [
          327,
          212
        ],
        [
          304,
          193
        ],
        [
          304,
          193
        ],
        [
          304,
          173
        ],
        [
          281,
          154
        ],
        [
          257,
          135
        ],
        [
          257,
          134
        ],
        [
          226,
          115
        ],
        [
          211,
          96
        ],
        [
          211,
          95
        ],
        [
          172,
          76
        ],
        [
          164,
          71
        ],
        [
          136,
          56
        ],
        [
          123,
          37
        ],
        [
          123,
          17
        ],
        [
          118,
          15
        ],
        [
          89,
          0
        ]
      ]
    },
    {
      "elevation": 275,
      "elevation_bbox_pixels": [
        192.9798110429353,
        359.96053535793624,
        33.06652394901414,
        20.6516822981705
      ],
      "contour_line_pixels": []
    },
    {
      "elevation": 250,
      "elevation_bbox_pixels": [
        200.71725007192012,
        489.8100267212219,
        31.49553467009656,
        17.587362689648714
      ],
      "contour_line_pixels": [
        [
          85,
          512
        ],
        [
          71,
          506
        ],
        [
          71,
          506
        ],
        [
          25,
          491
        ],
        [
          2,
          486
        ],
        [
          0,
          486
        ]
      ]
    }
  ]
}