{
  "image": {
    "path": "N63E016_1276.png",
    "size": {
      "height": 512,
      "width": 512
    }
  },
  "labels": [
    {
      "elevation": 250,
      "elevation_bbox_pixels": [
        325.32365344865156,
        436.6688412916143,
        34.253837706138825,
        18.007303374494548
      ],
      "contour_line_pixels": [
        [
          465,
          451
        ],
        [
          465,
          451
        ],
        [
          442,
          432
        ],
        [
          442,
          431
        ],
        [
          442,
          431
        ],
        [
          465,
          431
        ],
        [
          466,
          431
        ],
        [
          488,
          451
        ],
        [
          511,
          451
        ],
        [
          511,
          451
        ],
        [
          511,
          452
        ],
        [
          488,
          451
        ],
        [
          465,
          451
        ]
      ]
    },
    {
      "elevation": 225,
      "elevation_bbox_pixels": [
        298.2258603108044,
        56.68814340994322,
        54.93998118362185,
        32.02200943526623
      ],
      "contour_line_pixels": [
        [
          0,
          189
        ],
        [
          8,
          193
        ],
        [
          31,
          193
        ],
        [
          32,
          193
        ],
        [
          54,
          203
        ],
        [
          77,
          213
        ],
        [
          100,
          213
        ],
        [
          100,
          213
        ],
        [
          123,
          220
        ],
        [
          145,
          226
        ],
        [
          168,
          233
        ],
        [
          168,
          233
        ],
        [
          191,
          243
        ],
        [
          214,
          248
        ],
        [
          237,
          253
        ],
        [
          237,
          253
        ],
        [
          260,
          258
        ],
        [
          282,
          259
        ],
        [
          305,
          259
        ],
        [
          327,
          253
        ],
        [
          328,
          253
        ],
        [
          351,
          252
        ],
        [
          374,
          246
        ],
        [
          397,
          240
        ],
        [
          419,
          233
        ],
        [
          419,
          233
        ],
        [
          442,
          223
        ],
        [
          464,
          213
        ],
        [
          464,
          193
        ],
        [
          442,
          174
        ],
        [
          442,
          173
        ],
        [
          442,
          154
        ],
        [
          431,
          134
        ],
        [
          431,
          114
        ],
        [
          442,
          94
        ],
        [
          442,
          74
        ],
        [
          419,
          64
        ],
        [
          397,
          64
        ],
        [
          374,
          55
        ],
        [
          351,
          55
        ],
        [
          350,
          54
        ],
        [
          328,
          48
        ],
        [
          305,
          41
        ],
        [
          294,
          35
        ],
        [
          282,
          25
        ],
        [
          260,
          15
        ],
        [
          259,
          15
        ],
        [
          237,
          5
        ],
        [
          215,
          0
        ]
      ]
    }
  ]
}