{
  "image": {
    "path": "N63E016_0992.png",
    "size": {
      "height": 512,
      "width": 512
    }
  },
  "labels": [
    {
      "elevation": 350,
      "elevation_bbox_pixels": [
        353.0600966858908,
        182.19560617251352,
        44.37232340109813,
        25.61993092957823
      ],
      "contour_line_pixels": [
        [
          512,
          215
        ],
        [
          509,
          217
        ],
        [
          494,
          218
        ],
        [
          479,
          216
        ],
        [
          463,
          214
        ],
        [
          448,
          212
        ],
        [
          432,
          206
        ],
        [
          417,
          197
        ],
        [
          417,
          197
        ],
        [
          401,
          181
        ],
        [
          394,
          171
        ],
        [
          386,
          165
        ],
        [
          371,
          152
        ],
        [
          363,
          145
        ],
        [
          355,
          135
        ],
        [
          340,
          119
        ],
        [
          340,
          119
        ],
        [
          328,
          93
        ],
        [
          332,
          67
        ],
        [
          340,
          41
        ],
        [
          340,
          41
        ],
        [
          355,
          41
        ],
        [
          371,
          41
        ],
        [
          386,
          41
        ],
        [
          401,
          41
        ],
        [
          402,
          41
        ],
        [
          417,
          44
        ],
        [
          432,
          44
        ],
        [
          448,
          45
        ],
        [
          463,
          46
        ],
        [
          479,
          52
        ],
        [
          494,
          57
        ],
        [
          509,
          67
        ],
        [
          510,
          67
        ],
        [
          512,
          69
        ]
      ]
    },
    {
      "elevation": 325,
      "elevation_bbox_pixels": [
        250.34855624805436,
        254.3656816891026,
        56.10400039209753,
        31.78738788774163
      ],
      "contour_line_pixels": [
        [
          216,
          305
        ],
        [
          214,
          301
        ],
        [
          201,
          295
        ],
        [
          186,
          292
        ],
        [
          170,
          286
        ],
        [
          159,
          275
        ],
        [
          155,
          270
        ],
        [
          139,
          253
        ],
        [
          136,
          249
        ],
        [
          139,
          243
        ],
        [
          155,
          226
        ],
        [
          170,
          223
        ],
        [
          170,
          223
        ],
        [
          186,
          223
        ],
        [
          186,
          223
        ],
        [
          201,
          226
        ],
        [
          216,
          230
        ],
        [
          232,
          233
        ],
        [
          247,
          237
        ],
        [
          257,
          249
        ],
        [
          263,
          254
        ],
        [
          278,
          261
        ],
        [
          290,
          275
        ],
        [
          282,
          301
        ],
        [
          278,
          305
        ],
        [
          263,
          309
        ],
        [
          247,
          308
        ],
        [
          232,
          307
        ],
        [
          216,
          305
        ]
      ]
    },
    {
      "elevation": 350,
      "elevation_bbox_pixels": [
        376.5359318757755,
        386.3102467094979,
        38.361905563173536,
        24.27078520181354
      ],
      "contour_line_pixels": [
        [
          469,
          512
        ],
        [
          468,
          509
        ],
        [
          463,
          502
        ],
        [
          456,
          483
        ],
        [
          448,
          468
        ],
        [
          441,
          457
        ],
        [
          432,
          441
        ],
        [
          428,
          431
        ],
        [
          432,
          405
        ],
        [
          432,
          405
        ],
        [
          448,
          394
        ],
        [
          463,
          395
        ],
        [
          479,
          400
        ],
        [
          494,
          403
        ],
        [
          509,
          405
        ],
        [
          510,
          405
        ],
        [
          512,
          406
        ]
      ]
    },
    {
      "elevation": 325,
      "elevation_bbox_pixels": [
        195.72513103848536,
        479.0195250230248,
        32.943873176707825,
        20.627562015156585
      ],
      "contour_line_pixels": []
    },
    {
      "elevation": 300,
      "elevation_bbox_pixels": [
        106.98824937948972,
        6.034808898003348,
        31.495534670096546,
        17.58736268964867
      ],
      "contour_line_pixels": [
        [
          51,
          0
        ],
        [
          62,
          6
        ],
        [
          78,
          15
        ],
        [
          93,
          15
        ],
        [
          109,
          2
        ],
        [
          111,
          0
        ]
      ]
    }
  ]
}