{
  "image": {
    "path": "N63E016_0210.png",
    "size": {
      "height": 512,
      "width": 512
    }
  },
  "labels": [
    {
      "elevation": 300,
      "elevation_bbox_pixels": [
        366.36582383012677,
        359.66433693396715,
        58.3591417530007,
        34.85171059429932
      ],
      "contour_line_pixels": [
        [
          371,
          512
        ],
        [
          376,
          494
        ],
        [
          376,
          494
        ],
        [
          385,
          463
        ],
        [
          385,
          463
        ],
        [
          394,
          450
        ],
        [
          403,
          437
        ],
        [
          407,
          431
        ],
        [
          412,
          428
        ],
        [
          421,
          410
        ],
        [
          430,
          404
        ],
        [
          438,
          400
        ],
        [
          439,
          400
        ],
        [
          448,
          395
        ],
        [
          457,
          392
        ],
        [
          465,
          388
        ],
        [
          474,
          384
        ],
        [
          483,
          383
        ],
        [
          492,
          382
        ],
        [
          501,
          383
        ],
        [
          510,
          384
        ],
        [
          512,
          385
        ]
      ]
    },
    {
      "elevation": 325,
      "elevation_bbox_pixels": [
        455.5067407595261,
        358.5837268703065,
        57.25557405683685,
        35.7535469086082
      ],
      "contour_line_pixels": [
        [
          419,
          512
        ],
        [
          421,
          508
        ],
        [
          428,
          494
        ],
        [
          430,
          491
        ],
        [
          439,
          478
        ],
        [
          448,
          473
        ],
        [
          457,
          467
        ],
        [
          462,
          463
        ],
        [
          465,
          459
        ],
        [
          474,
          450
        ],
        [
          483,
          447
        ],
        [
          492,
          446
        ],
        [
          501,
          446
        ],
        [
          510,
          446
        ],
        [
          512,
          446
        ]
      ]
    },
    {
      "elevation": 350,
      "elevation_bbox_pixels": [
        470.0874114874191,
        401.52058569804876,
        30.29825771261949,
        18.49611380794795
      ],
      "contour_line_pixels": [
        [
          476,
          512
        ],
        [
          483,
          502
        ],
        [
          492,
          497
        ],
        [
          497,
          494
        ],
        [
          501,
          492
        ],
        [
          510,
          488
        ],
        [
          512,
          488
        ]
      ]
    },
    {
      "elevation": 275,
      "elevation_bbox_pixels": [
        359.302139379378,
        317.9001433997441,
        54.92700212553041,
        28.804163971631283
      ],
      "contour_line_pixels": [
        [
          328,
          512
        ],
        [
          328,
          494
        ],
        [
          330,
          463
        ],
        [
          332,
          456
        ],
        [
          340,
          431
        ],
        [
          341,
          431
        ],
        [
          349,
          422
        ],
        [
          358,
          407
        ],
        [
          363,
          400
        ],
        [
          367,
          394
        ],
        [
          376,
          384
        ],
        [
          385,
          378
        ],
        [
          394,
          371
        ],
        [
          399,
          369
        ],
        [
          403,
          366
        ],
        [
          412,
          362
        ],
        [
          421,
          358
        ],
        [
          430,
          356
        ],
        [
          439,
          352
        ],
        [
          448,
          346
        ],
        [
          457,
          345
        ],
        [
          465,
          343
        ],
        [
          474,
          342
        ],
        [
          483,
          339
        ],
        [
          488,
          337
        ],
        [
          492,
          336
        ],
        [
          501,
          337
        ],
        [
          501,
          337
        ],
        [
          510,
          342
        ],
        [
          512,
          342
        ]
      ]
    },
    {
      "elevation": 125,
      "elevation_bbox_pixels": [
        181.34085511740744,
        174.91117606137573,
        38.258936065452076,
        21.586265993068537
      ],
      "contour_line_pixels": []
    },
    {
      "elevation": 150,
      "elevation_bbox_pixels": [
        115.3225568291472,
        251.79578798200322,
        28.179884552064493,
        17.805839913313463
      ],