{
  "image": {
    "path": "N63E016_1250.png",
    "size": {
      "height": 512,
      "width": 512
    }
  },
  "labels": [
    {
      "elevation": 350,
      "elevation_bbox_pixels": [
        171.96522069204602,
        -3.643521627216842,
        29.560843269859873,
        14.128664488981087
      ],
      "contour_line_pixels": [
        [
          210,
          0
        ],
        [
          207,
          1
        ],
        [
          197,
          3
        ],
        [
          187,
          3
        ],
        [
          177,
          4
        ],
        [
          167,
          4
        ],
        [
          157,
          4
        ],
        [
          147,
          4
        ],
        [
          137,
          3
        ],
        [
          126,
          3
        ],
        [
          116,
          2
        ],
        [
          108,
          0
        ]
      ]
    },
    {
      "elevation": 325,
      "elevation_bbox_pixels": [
        238.94257075891514,
        23.987563419561013,
        36.44263587489539,
        24.35470634804085
      ],
      "contour_line_pixels": []
    },
    {
      "elevation": 275,
      "elevation_bbox_pixels": [
        391.5459003487961,
        160.09753914149962,
        36.146416585506245,
        22.168120271609723
      ],
      "contour_line_pixels": [
        [
          512,
          179
        ],
        [
          510,
          177
        ],
        [
          509,
          175
        ],
        [
          509,
          161
        ],
        [
          510,
          154
        ],
        [
          512,
          149
        ]
      ]
    },
    {
      "elevation": 325,
      "elevation_bbox_pixels": [
        83.6503679359665,
        140.61423329557482,
        61.9242920528489,
        33.20130444289737
      ],
      "contour_line_pixels": [
        [
          0,
          48
        ],
        [
          2,
          50
        ],
        [
          4,
          64
        ],
        [
          5,
          67
        ],
        [
          13,
          78
        ],
        [
          15,
          83
        ],
        [
          22,
          92
        ],
        [
          18,
          106
        ],
        [
          15,
          110
        ],
        [
          11,
          120
        ],
        [
          10,
          134
        ],
        [
          15,
          145
        ],
        [
          17,
          148
        ],
        [
          25,
          161
        ],
        [
          25,
          161
        ],
        [
          25,
          162
        ],
        [
          15,
          167
        ],
        [
          5,
          171
        ],
        [
          0,
          171
        ]
      ]
    },
    {
      "elevation": 300,
      "elevation_bbox_pixels": [
        133.49613734642932,
        194.23352534974072,
        38.68262790254636,
        21.48355378819474
      ],
      "contour_line_pixels": []
    },
    {
      "elevation": 300,
      "elevation_bbox_pixels": [
        83.16716256899196,
        292.6716131141626,
        49.76180205537901,
        24.024474254393454
      ],
      "contour_line_pixels": [
        [
          0,
          291
        ],
        [
          5,
          294
        ],
        [
          10,
          301
        ],
        [
          15,
          311
        ],
        [
          17,
          315
        ],
        [
          17,
          329
        ],
        [
          15,
          330
        ],
        [
          5,
          340
        ],
        [
          3,
          343
        ],
        [
          0,
          344
        ]
      ]
    },
    {
      "elevation": 275,
      "elevation_bbox_pixels": [
        151.9329749046843,
        263.9496037141404,
        27.50528721401571,
        17.32493652664448
      ],
      "contour_line_pixels": [
        [
          409,
          0
        ],
        [
          409,
          1
        ],
        [
          412,
          8
        ],
        [
          419,
          18
        ],
        [
          423,
          22
        ],
        [
          430,
          32
        ],
        [
          433,
          36
        ],
        [
          440,
          45
        ],
        [
          445,
          50
        ],
        [
          448,
          64
        ],
        [
          440,
          73
        ],
        [
          430,
          78
        ],
        [
          430,
          78
        ],
        [
          419,
          78
        ],
        [
          419,
          78
        ],
        [
          409,
          74
        ],
        [
          399,
          72
        ],
        [
          389,
          70
        ],
        [
          379,
          72
        ],
        [
          373,
          78
        ],
        [
          373,
          92
        ],
        [
          374,
          106
        ],
        [
          372,
          120
        ],
        [
          369,
          134
        ],
        [
          369,
          148
        ],
        [
          376,
          161
        ],
        [
          379,
          165
        ],
        [
          386,
          175
        ],
        [
          389,
          179
        ],
        [
          396,
          189
        ],
        [
          398,
          203
        ],
        [
          396,
          217
        ],
        [
          399,
          226
        ],
        [
          400,
          231
        ],
        [
          408,
          245
        ],
        [
          409,
          247
        ],
        [
          416,
          259
        ],
        [
          419,
          273
        ],
        [
          419,
          273
        ],
        [
          419,
          273
        ],
        [
          409,
          282
        ],
        [
          399,
          282
        ],
        [
          389,
          280
        ],
        [
          379,
          276
        ],
        [
          373,
          273
        ],
        [
          369,
          268
        ],
        [
          359,
          263
        ],
        [
          349,
          259
        ],
        [
          339,
          261
        ],
        [
          328,
          263
        ],
        [
          318,
          266
        ],
        [
          308,
          268
        ],
        [
          298,
          271
        ],
        [
          288,
          271
        ],
        [
          278,
          271
        ],
        [
          268,
          271
        ],
        [
          258,
          268
        ],
        [
          248,
          265
        ],
        [
          238,
          259
        ],
        [
          237,
          259
        ],
        [
          227,
          251
        ],
        [
          221,
          245
        ],
        [
          217,
          239
        ],
        [
          212,
          231
        ],
        [
          207,
          221
        ],
        [
          206,
          217
        ],
        [
          197,
          208
        ],
        [
          187,
          203
        ],
        [
          187,
          203
        ],
        [
          177,
          198
        ],
        [
          167,
          194
        ],
        [
          157,
          193
        ],
        [
          147,
          191
        ],
        [
          137,
          193
        ],
        [
          126,
          203
        ],
        [
          129,
          217
        ],
        [
          129,
          231
        ],
        [
          126,
          234
        ],
        [
          116,
          239
        ],
        [
          106,
          245
        ],
        [
          106,
          245
        ],
        [
