{
  "image": {
    "path": "N63E016_1550.png",
    "size": {
      "height": 512,
      "width": 512
    }
  },
  "labels": [
    {
      "elevation": 350,
      "elevation_bbox_pixels": [
        387.8780912030932,
        137.74661704610304,
        55.30163911482521,
        26.912985686376373
      ],
      "contour_line_pixels": [
        [
          512,
          311
        ],
        [
          502,
          303
        ],
        [
          491,
          299
        ],
        [
          481,
          297
        ],
        [
          470,
          297
        ],
        [
          460,
          302
        ],
        [
          449,
          308
        ],
        [
          444,
          314
        ],
        [
          439,
          319
        ],
        [
          428,
          328
        ],
        [
          418,
          331
        ],
        [
          407,
          326
        ],
        [
          396,
          318
        ],
        [
          394,
          314
        ],
        [
          386,
          303
        ],
        [
          375,
          296
        ],
        [
          371,
          292
        ],
        [
          365,
          283
        ],
        [
          354,
          276
        ],
        [
          348,
          271
        ],
        [
          344,
          263
        ],
        [
          333,
          254
        ],
        [
          330,
          250
        ],
        [
          324,
          228
        ],
        [
          329,
          207
        ],
        [
          333,
          191
        ],
        [
          336,
          186
        ],
        [
          344,
          168
        ],
        [
          346,
          164
        ],
        [
          354,
          157
        ],
        [
          365,
          151
        ],
        [
          375,
          148
        ],
        [
          386,
          146
        ],
        [
          396,
          147
        ],
        [
          407,
          147
        ],
        [
          418,
          148
        ],
        [
          428,
          151
        ],
        [
          439,
          151
        ],
        [
          449,
          151
        ],
        [
          460,
          151
        ],
        [
          470,
          148
        ],
        [
          478,
          143
        ],
        [
          478,
          122
        ],
        [
          470,
          111
        ],
        [
          463,
          101
        ],
        [
          460,
          95
        ],
        [
          451,
          79
        ],
        [
          449,
          76
        ],
        [
          439,
          61
        ],
        [
          436,
          58
        ],
        [
          428,
          42
        ],
        [
          425,
          37
        ],
        [
          428,
          26
        ],
        [
          433,
          15
        ],
        [
          439,
          12
        ],
        [
          449,
          7
        ],
        [
          460,
          5
        ],
        [
          470,
          3
        ],
        [
          481,
          2
        ],
        [
          488,
          0
        ]
      ]
    },
    {
      "elevation": 325,
      "elevation_bbox_pixels": [
        313.6220698827553,
        275.5039027794953,
        54.40444731292757,
        29.14821459711726
      ],
      "contour_line_pixels": [
        [
          512,
          381
        ],
        [
          510,
          378
        ],
        [
          502,
          370
        ],
        [
          491,
          363
        ],
        [
          485,
          356
        ],
        [
          481,
          353
        ],
        [
          470,
          356
        ],
        [
          470,
          356
        ],
        [
          460,
          359
        ],
        [
          449,
          361
        ],
        [
          439,
          360
        ],
        [
          428,
          357
        ],
        [
          425,
          356
        ],
        [
          418,
          354
        ],
        [
          407,
          352
        ],
        [
          396,
          345
        ],
        [
          391,
          335
        ],
        [
          386,
          327
        ],
        [
          379,
          314
        ],
        [
          375,
          310
        ],
        [
          365,
          301
        ],
        [
          355,
          292
        ],
        [
          354,
          291
        ],
        [
          344,
          287
        ],
        [
          333,
          280
        ],
        [
          323,
          273
        ],
        [
          321,
          271
        ],
        [
          312,
          253
        ],
        [
          310,
          250
        ],
        [
          301,
          230
        ],
        [
          301,
          228
        ],
        [
          301,
          218
        ],
        [
          302,
          207
        ],
        [
          301,
          200
        ],
        [
          297,
          186
        ],
        [
          291,
          170
        ],
        [
          288,
          164
        ],
        [
          288,
          143
        ],
        [
          291,
          138
        ],
        [
          299,
          122
        ],
        [
          301,
          101
        ],
        [
          301,
          79
        ],
        [
          301,
          58
        ],
        [
          301,
          37
        ],
        [
          301,
          36
        ],
        [
          312,
          22
        ],
        [
          316,
          15
        ],
        [
          323,
          7
        ],
        [
          327,
          0
        ]
      ]
    },
    {
      "elevation": 300,
      "elevation_bbox_pixels": [
        375.1507994659131,
        358.119730226043,
        34.48508407921713,
        20.15301885679486
      ],
      "contour_line_pixels": []
    },
    {
      "elevation": 275,
      "elevation_bbox_pixels": [
        241.38040242404327,
        220.91741549011823,
        49.659316743160616,
        25.376537109770993
      ],