{
  "image": {
    "path": "N63E016_0950.png",
    "size": {
      "height": 512,
      "width": 512
    }
  },
  "labels": [
    {
      "elevation": 275,
      "elevation_bbox_pixels": [
        210.24051725242083,
        475.89922285027745,
        38.1183886625123,
        22.145881029424473
      ],
      "contour_line_pixels": [
        [
          0,
          488
        ],
        [
          25,
          488
        ],
        [
          113,
          486
        ],
        [
          158,
          492
        ],
        [
          202,
          506
        ],
        [
          223,
          512
        ]
      ]
    },
    {
      "elevation": 250,
      "elevation_bbox_pixels": [
        250.07312208928192,
        10.14333901919116,
        31.654536217879013,
        17.99011498053244
      ],
      "contour_line_pixels": []
    },
    {
      "elevation": 225,
      "elevation_bbox_pixels": [
        217.77366698647603,
        298.164710229551,
        38.47715613942853,
        21.165224043075852
      ],
      "contour_line_pixels": []
    },
    {
      "elevation": 250,
      "elevation_bbox_pixels": [
        254.65311804854164,
        352.4502679043444,
        34.66304796507407,
        24.149173460622535
      ],
      "contour_line_pixels": [
        [
          0,
          348
        ],
        [
          25,
          348
        ],
        [
          113,
          350
        ],
        [
          202,
          356
        ],
        [
          246,
          358
        ],
        [
          290,
          360
        ],
        [
          379,
          365
        ],
        [
          467,
          372
        ],
        [
          512,
          373
        ]
      ]
    }
  ]
}