{
  "image": {
    "path": "N63E016_1455.png",
    "size": {
      "height": 512,
      "width": 512
    }
  },
  "labels": [
    {
      "elevation": 300,
      "elevation_bbox_pixels": [
        290.86717760877957,
        171.19056156141943,
        35.88746199208231,
        23.127591820819703
      ],
      "contour_line_pixels": [
        [
          335,
          421
        ],
        [
          334,
          421
        ],
        [
          326,
          411
        ],
        [
          317,
          403
        ],
        [
          308,
          399
        ],
        [
          299,
          396
        ],
        [
          290,
          395
        ],
        [
          281,
          395
        ],
        [
          272,
          394
        ],
        [
          263,
          391
        ],
        [
          263,
          391
        ],
        [
          254,
          361
        ],
        [
          254,
          361
        ],
        [
          254,
          331
        ],
        [
          254,
          330
        ],
        [
          263,
          301
        ],
        [
          254,
          271
        ],
        [
          254,
          271
        ],
        [
          245,
          241
        ],
        [
          245,
          240
        ],
        [
          245,
          240
        ],
        [
          254,
          210
        ],
        [
          254,
          210
        ],
        [
          263,
          210
        ],
        [
          272,
          210
        ],
        [
          280,
          180
        ],
        [
          281,
          179
        ],
        [
          290,
          179
        ],
        [
          298,
          150
        ],
        [
          299,
          149
        ],
        [
          307,
          120
        ],
        [
          308,
          120
        ],
        [
          317,
          120
        ],
        [
          326,
          110
        ],
        [
          335,
          115
        ],
        [
          344,
          120
        ],
        [
          344,
          120
        ],
        [
          344,
          120
        ],
        [
          335,
          135
        ],
        [
          326,
          135
        ],
        [
          317,
          121
        ],
        [
          308,
          150
        ],
        [
          308,
          151
        ],
        [
          299,
          180
        ],
        [
          299,
          181
        ],
        [
          290,
          210
        ],
        [
          290,
          240
        ],
        [
          299,
          270
        ],
        [
          299,
          271
        ],
        [
          299,
          301
        ],
        [
          308,
          330
        ],
        [
          308,
          331
        ],
        [
          317,
          346
        ],
        [
          326,
          361
        ],
        [
          326,
          361
        ],
        [
          335,
          376
        ],
        [
          344,
          391
        ],
        [
          344,
          391
        ],
        [
          344,
          421
        ],
        [
          344,
          421
        ],
        [
          335,
          421
        ]
      ]
    },
    {
      "elevation": 275,
      "elevation_bbox_pixels": [
        349.617123146184,
        117.73345370119506,
        57.25557405683685,
        35.7535469086082
      ],
      "contour_line_pixels": []
    },
    {
      "elevation": 250,
      "elevation_bbox_pixels": [
        68.23756095432553,
        138.421122539296,
        30.298257712619517,
        18.49611380794795
      ],
      "contour_line_pixels": []
    },
    {
      "elevation": 225,
      "elevation_bbox_pixels": [
        302.7116063687164,
        401.46915355432105,
        54.92700212553041,
        28.804163971631255
      ],
      "contour_line_pixels": []
    },
    {
      "elevation": 175,
      "elevation_bbox_pixels": [
        37.41361709589587,
        366.3610782321791,
        38.25893606545206,
        21.58626599306848
      ],
      "contour_line_pixels": [
        [
          137,
          512
        ],
        [
          137,
          512
        ],
        [
          128,
          497
        ],
        [
          119,
          482
        ],
        [
          119,
          482
        ],
        [
          110,
          474
        ],
        [
          101,
          474
        ],
        [
          92,
          472
        ],
        [
          83,
          472
        ],
        [
          74,
          452
        ],
        [
          74,
          452
        ],
        [
          65,
          436
        ],
        [
          56,
          436
        ],
        [
          47,
          436
        ],
        [
          38,
          452
        ],
        [
          38,
          452
        ],
        [
          29,
          452
        ],
        [
          20,
          482
        ],
        [
          20,
          482
        ],
        [
          11,
          512
        ],
        [
          11,
          512
        ]
      ]
    },
    {
      "elevation": 200,
      "elevation_bbox_pixels": [
        72.72990471269316,
        310.503776683805,
        28.056305055232542,
        17.787048746165908
      ],
      "contour_line_pixels": []
    }
  ]
}