{
  "image": {
    "path": "N63E016_0600.png",
    "size": {
      "height": 512,
      "width": 512
    }
  },
  "labels": [
    {
      "elevation": 175,
      "elevation_bbox_pixels": [
        206.56191386262051,
        220.16663761293546,
        44.37232340109807,
        25.61993092957823
      ],
      "contour_line_pixels": [
        [
          275,
          0
        ],
        [
          275,
          4
        ],
        [
          271,
          15
        ],
        [
          267,
          48
        ],
        [
          262,
          92
        ],
        [
          259,
          136
        ],
        [
          255,
          159
        ],
        [
          250,
          181
        ],
        [
          239,
          210
        ],
        [
          231,
          225
        ],
        [
          223,
          234
        ],
        [
          207,
          251
        ],
        [
          196,
          269
        ],
        [
          191,
          278
        ],
        [
          175,
          313
        ],
        [
          175,
          313
        ],
        [
          159,
          340
        ],
        [
          148,
          357
        ],
        [
          143,
          366
        ],
        [
          127,
          372
        ],
        [
          111,
          372
        ],
        [
          95,
          357
        ],
        [
          94,
          356
        ],
        [
          86,
          313
        ],
        [
          78,
          291
        ],
        [
          70,
          269
        ],
        [
          63,
          225
        ],
        [
          62,
          224
        ],
        [
          52,
          181
        ],
        [
          46,
          136
        ],
        [
          46,
          135
        ],
        [
          38,
          92
        ],
        [
          30,
          70
        ],
        [
          22,
          48
        ],
        [
          14,
          26
        ],
        [
          0,
          6
        ]
      ]
    },
    {
      "elevation": 275,
      "elevation_bbox_pixels": [
        472.37053787890704,
        357.68828356183167,
        56.10400039209753,
        31.787387887741644
      ],
      "contour_line_pixels": [
        [
          480,
          512
        ],
        [
          480,
          490
        ],
        [
          480,
          489
        ],
        [
          491,
          446
        ],
        [
          497,
          416
        ],
        [
          501,
          401
        ],
        [
          512,
          370
        ]
      ]
    },
    {
      "elevation": 250,
      "elevation_bbox_pixels": [
        439.0388270175463,
        273.08311500498047,
        38.48543053652975,
        24.289931505826303
      ],
      "contour_line_pixels": [
        [
          421,
          512
        ],
        [
          422,
          490
        ],
        [
          427,
          446
        ],
        [
          432,
          410
        ],
        [
          434,
          401
        ],
        [
          440,
          357
        ],
        [
          448,
          326
        ],
        [
          453,
          313
        ],
        [
          464,
          269
        ],
        [
          464,
          269
        ],
        [
          477,
          225
        ],
        [
          480,
          219
        ],
        [
          497,
          192
        ],
        [
          505,
          181
        ],
        [
          512,
          170
        ]
      ]
    },
    {
      "elevation": 225,
      "elevation_bbox_pixels": [
        363.37374210032675,
        285.10517582320324,
        33.06652394901414,
        20.6516822981705
      ],
      "contour_line_pixels": [
        [
          364,
          512
        ],
        [
          365,
          490
        ],
        [
          365,
          446
        ],
        [
          368,
          401
        ],
        [
          368,
          400
        ],
        [
          372,
          357
        ],
        [
          378,
          313
        ],
        [
          384,
          291
        ],
        [
          390,
          269
        ],
        [
          400,
          236
        ],
        [
          403,
          225
        ],
        [
          410,
          181
        ],
        [
          416,
          163
        ],
        [
          426,
          136
        ],
        [
          432,
          122
        ],
        [
          448,
          102
        ],
        [
          464,
          92
        ],
        [
          464,
          92
        ],
        [
          480,
          79
        ],
        [
          497,
          72
        ],
        [
          512,
          69
        ]
      ]
    },
    {
      "elevation": 200,
      "elevation_bbox_pixels": [
        328.58597202854014,
        144.853973873084,
        31.495534670096504,
        17.58736268964867
      ],
      "contour_line_pixels": [
        [
          297,
          512
        ],
        [
          297,
          490
        ],
        [
          300,
          446
        ],
        [
          300,
          401
        ],
        [
          303,
          357
        ],
        [
          303,
          313
        ],
        [
          304,
          312
        ],
        [
          312,
          269
        ],
        [
          320,
          247
        ],
        [
          322,
          225
        ],
        [
          336,
          181
        ],
        [
          336,
          180
        ],
        [
          342,
          136
        ],
        [
          352,
          103
        ],
        [
          360,
          92
        ],
        [
          368,
          78
        ],
        [
          384,
          48
        ],
        [
          384,
          48
        ],
        [
          400,
          39
        ],
        [
          416,
          23
        ],
        [
          432,
          13
        ],
        [
          448,
          10
        ],
        [
          464,
          9
        ],
        [
          480,
          9
        ],
        [
          497,
          9
        ],
        [
          512,
          9
        ]
      ]
    }
  ]
}