{
  "image": {
    "path": "N63E016_0636.png",
    "size": {
      "height": 512,
      "width": 512
    }
  },
  "labels": [
    {
      "elevation": 275,
      "elevation_bbox_pixels": [
        76.65241629290824,
        165.85259653269253,
        40.73817538939488,
        22.044159978815628
      ],
      "contour_line_pixels": [
        [
          0,
          160
        ],
        [
          2,
          163
        ],
        [
          2,
          163
        ],
        [
          5,
          177
        ],
        [
          2,
          179
        ],
        [
          0,
          180
        ]
      ]
    },
    {
      "elevation": 100,
      "elevation_bbox_pixels": [
        382.5689451724844,
        -1.375060281216406,
        63.88561766808266,
        38.906999902265625
      ],
      "contour_line_pixels": [
        [
          495,
          0
        ],
        [
          495,
          4
        ],
        [
          505,
          18
        ],
        [
          512,
          18
        ]
      ]
    },
    {
      "elevation": 250,
      "elevation_bbox_pixels": [
        113.62471972016685,
        225.5758048298075,
        24.81016887682121,
        15.05680001252233
      ],
      "contour_line_pixels": [
        [
          0,
          0
        ],
        [
          2,
          2
        ],
        [
          4,
          4
        ],
        [
          13,
          16
        ],
        [
          15,
          18
        ],
        [
          23,
          30
        ],
        [
          25,
          33
        ],
        [
          33,
          42
        ],
        [
          37,
          47
        ],
        [
          41,
          62
        ],
        [
          43,
          76
        ],
        [
          44,
          76
        ],
        [
          43,
          76
        ],
        [
          40,
          90
        ],
        [
          38,
          105
        ],
        [
          43,
          112
        ],
        [
          47,
          119
        ],
        [
          54,
          134
        ],
        [
          54,
          134
        ],
        [
          60,
          148
        ],
        [
          64,
          162
        ],
        [
          64,
          163
        ],
        [
          68,
          177
        ],
        [
          70,
          191
        ],
        [
          70,
          206
        ],
        [
          64,
          220
        ],
        [
          64,
          220
        ],
        [
          54,
          231
        ],
        [
          49,
          235
        ],
        [
          43,
          239
        ],
        [
          33,
          249
        ],
        [
          33,
          263
        ],
        [
          34,
          278
        ],
        [
          39,
          292
        ],
        [
          42,
          307
        ],
        [
          33,
          314
        ],
        [
          23,
          315
        ],
        [
          13,
          315
        ],
        [
          2,
          313
        ],
        [
          0,
          313
        ]
      ]
    },
    {
      "elevation": 225,
      "elevation_bbox_pixels": [
        145.9351532291421,
        294.8511748695241,
        38.69710994870911,
        20.08193373503957
      ],
      "contour_line_pixels": []
    },
    {
      "elevation": 225,
      "elevation_bbox_pixels": [
        130.26832056098516,
        400.2078416263961,
        40.46668062573269,
        24.663699071799044
      ],
      "contour_line_pixels": [
        [
          105,
          437
        ],
        [
          102,
          436
        ],
        [
          95,
          435
        ],
        [
          85,
          431
        ],
        [
          74,
          422
        ],
        [
          74,
          422
        ],
        [
          74,
          422
        ],
        [
          85,
          413
        ],
        [
          95,
          412
        ],
        [
          105,
          412
        ],
        [
          115,
          414
        ],
        [
          123,
          422
        ],
        [
          118,
          436
        ],
        [
          115,
          437
        ],
        [
          105,
          437
        ]
      ]
    },
    {
      "elevation": 200,
      "elevation_bbox_pixels": [
        173.58027057158233,
        34.4182751010041,
        39.61411421086996,
        24.301492211621394
      ],
      "contour_line_pixels": []
    },
    {
      "elevation": 175,
      "elevation_bbox_pixels": [
        119.67214203983463,
        482.84745091233657,
        26.05852364935845,
        17.38953556285658
      ],
      "contour_line_pixels": []
    },
    {
      "elevation": 150,
      "elevation_bbox_pixels": [
        327.6037542004028,
        160.76639558506588,
        48.94769773641474,
        28.76919290159981
      ],
      "contour_line_pixels": []
    }
  ]
}