{
  "image": {
    "path": "N63E016_0775.png",
    "size": {
      "height": 512,
      "width": 512
    }
  },
  "labels": [
    {
      "elevation": 350,
      "elevation_bbox_pixels": [
        212.35648375578043,
        -9.760423159475067,
        39.18696240652599,
        19.803141137150305
      ],
      "contour_line_pixels": []
    },
    {
      "elevation": 350,
      "elevation_bbox_pixels": [
        273.85959501376186,
        53.41141209598777,
        29.77169617300126,
        16.55252976764632
      ],
      "contour_line_pixels": [
        [
          268,
          122
        ],
        [
          267,
          122
        ],
        [
          259,
          120
        ],
        [
          251,
          119
        ],
        [
          242,
          118
        ],
        [
          235,
          115
        ],
        [
          234,
          114
        ],
        [
          225,
          112
        ],
        [
          217,
          112
        ],
        [
          208,
          111
        ],
        [
          203,
          108
        ],
        [
          200,
          106
        ],
        [
          191,
          102
        ],
        [
          189,
          101
        ],
        [
          186,
          94
        ],
        [
          183,
          90
        ],
        [
          181,
          87
        ],
        [
          174,
          82
        ],
        [
          170,
          80
        ],
        [
          166,
          78
        ],
        [
          158,
          76
        ],
        [
          149,
          74
        ],
        [
          146,
          73
        ],
        [
          141,
          70
        ],
        [
          136,
          66
        ],
        [
          141,
          61
        ],
        [
          142,
          59
        ],
        [
          149,
          56
        ],
        [
          156,
          52
        ],
        [
          158,
          51
        ],
        [
          166,
          50
        ],
        [
          174,
          49
        ],
        [
          183,
          49
        ],
        [
          191,
          47
        ],
        [
          200,
          45
        ],
        [
          200,
          45
        ],
        [
          208,
          42
        ],
        [
          217,
          40
        ],
        [
          225,
          38
        ],
        [
          225,
          38
        ],
        [
          233,
          31
        ],
        [
          234,
          31
        ],
        [
          242,
          31
        ],
        [
          251,
          31
        ],
        [
          251,
          31
        ],
        [
          259,
          35
        ],
        [
          268,
          38
        ],
        [
          268,
          38
        ],
        [
          276,
          42
        ],
        [
          284,
          45
        ],
        [
          293,
          45
        ],
        [
          293,
          45
        ],
        [
          301,
          47
        ],
        [
          310,
          52
        ],
        [
          318,
          52
        ],
        [
          327,
          52
        ],
        [
          327,
          52
        ],
        [
          335,
          57
        ],
        [
          344,
          59
        ],
        [
          344,
          59
        ],
        [
          344,
          66
        ],
        [
          344,
          73
        ],
        [
          352,
          80
        ],
        [
          352,
          80
        ],
        [
          361,
          87
        ],
        [
          369,
          87
        ],
        [
          369,
          87
        ],
        [
          369,
          87
        ],
        [
          361,
          94
        ],
        [
          361,
          94
        ],
        [
          352,
          96
        ],
        [
          344,
          98
        ],
        [
          342,
          101
        ],
        [
          342,
          108
        ],
        [
          344,
          111
        ],
        [
          349,
          115
        ],
        [
          352,
          118
        ],
        [
          358,
          122
        ],
        [
          352,
          129
        ],
        [
          352,
          130
        ],
        [
          344,
          133
        ],
        [
          335,
          136
        ],
        [
          335,
          137
        ],
        [
          327,
          139
        ],
        [
          318,
          138
        ],
        [
          310,
          137
        ],
        [
          301,
          136
        ],
        [
          293,
          136
        ],
        [
          293,
          136
        ],
        [
          284,
          129
        ],
        [
          284,
          129
        ],
        [
          276,
          125
        ],
        [
          268,
          122
        ]
      ]
    },
    {
      "elevation": 350,
      "elevation_bbox_pixels": [
        275.6660579841807,
        139.41450547515853,
        37.08522136617876,
        20.39787750676328
      ],
      "contour_line_pixels": [
        [
          344,
          151
        ],
        [
          341,
          151
        ],
        [
          344,
          147
        ],
        [
          352,
          147
        ],
        [
          361,
          150
        ],
        [
          369,
          150
        ],
        [
          369,
          151
        ],
        [
          369,
          151
        ],
        [
          361,
          151
        ],
        [
          352,
          151
        ],
        [
          344,
          151
        ]
      ]
    },
    {
      "elevation": 325,
      "elevation_bbox_pixels": [
        171.96427479397923,
        41.67110664560772,
        48.83514233502598,
        25.5365867086158
      ],
      "contour_line_pixels": []
    },
    {
      "elevation": 275,
      "elevation_bbox_pixels": [
        159.69080567553584,
        82.7841378098961,
        46.1093000151717,
        20.54343675912321
      ],
      "contour_line_pixels": []
    },
    {
      "elevation": 325,
      "elevation_bbox_pixels": [
        254.0851738649314,
        258.6494944032787,
        52.424566189870006,
        32.9661375307399
      ],