{
  "image": {
    "path": "N63E016_0130.png",
    "size": {
      "height": 512,
      "width": 512
    }
  },
  "labels": [
    {
      "elevation": 325,
      "elevation_bbox_pixels": [
        192.00214314422414,
        430.55415169184107,
        40.38661473798413,
        22.901891505587578
      ],
      "contour_line_pixels": [
        [
          0,
          418
        ],
        [
          33,
          423
        ],
        [
          54,
          426
        ],
        [
          74,
          437
        ],
        [
          85,
          448
        ],
        [
          74,
          454
        ],
        [
          54,
          471
        ],
        [
          45,
          493
        ],
        [
          48,
          512
        ]
      ]
    },
    {
      "elevation": 325,
      "elevation_bbox_pixels": [
        246.57179721002146,
        464.0465252886607,
        47.62508859666477,
        25.122391052434907
      ],
      "contour_line_pixels": [
        [
          294,
          512
        ],
        [
          292,
          493
        ],
        [
          322,
          471
        ],
        [
          322,
          471
        ],
        [
          363,
          454
        ],
        [
          394,
          448
        ],
        [
          405,
          447
        ],
        [
          446,
          447
        ],
        [
          454,
          448
        ],
        [
          487,
          454
        ],
        [
          512,
          459
        ]
      ]
    },
    {
      "elevation": 300,
      "elevation_bbox_pixels": [
        220.21841224395277,
        393.1248892814916,
        27.561087741715312,
        15.044662787286882
      ],
      "contour_line_pixels": []
    },
    {
      "elevation": 225,
      "elevation_bbox_pixels": [
        265.754573394915,
        168.84800923891913,
        55.53576086177884,
        26.882630300306005
      ],
      "contour_line_pixels": [
        [
          512,
          135
        ],
        [
          487,
          144
        ],
        [
          446,
          153
        ],
        [
          438,
          155
        ],
        [
          405,
          177
        ],
        [
          418,
          200
        ],
        [
          446,
          222
        ],
        [
          446,
          223
        ],
        [
          487,
          245
        ],
        [
          488,
          245
        ],
        [
          512,
          259
        ]
      ]
    },
    {
      "elevation": 250,
      "elevation_bbox_pixels": [
        227.5451957965135,
        108.34169308825813,
        51.27961159267363,
        27.35727112026052
      ],
      "contour_line_pixels": []
    },
    {
      "elevation": 275,
      "elevation_bbox_pixels": [
        211.4224898443069,
        60.63349112115816,
        34.558649357086836,
        16.313405865486402
      ],
      "contour_line_pixels": []
    }
  ]
}