{
  "image": {
    "path": "N63E016_0810.png",
    "size": {
      "height": 512,
      "width": 512
    }
  },
  "labels": [
    {
      "elevation": 300,
      "elevation_bbox_pixels": [
        76.18272684578973,
        119.8308370641351,
        40.36368486278545,
        22.024619111900734
      ],
      "contour_line_pixels": [
        [
          76,
          131
        ],
        [
          76,
          131
        ],
        [
          76,
          131
        ],
        [
          87,
          131
        ],
        [
          87,
          131
        ],
        [
          87,
          131
        ],
        [
          76,
          131
        ]
      ]
    },
    {
      "elevation": 325,
      "elevation_bbox_pixels": [
        432.50531678470145,
        160.9911044717643,
        63.88561766808266,
        38.906999902265625
      ],
      "contour_line_pixels": [
        [
          435,
          223
        ],
        [
          435,
          223
        ],
        [
          424,
          209
        ],
        [
          413,
          200
        ],
        [
          413,
          200
        ],
        [
          401,
          194
        ],
        [
          390,
          190
        ],
        [
          379,
          188
        ],
        [
          368,
          185
        ],
        [
          362,
          177
        ],
        [
          356,
          165
        ],
        [
          351,
          154
        ],
        [
          351,
          131
        ],
        [
          349,
          108
        ],
        [
          356,
          93
        ],
        [
          368,
          97
        ],
        [
          379,
          108
        ],
        [
          379,
          108
        ],
        [
          390,
          111
        ],
        [
          401,
          116
        ],
        [
          413,
          120
        ],
        [
          424,
          121
        ],
        [
          435,
          122
        ],
        [
          441,
          131
        ],
        [
          446,
          136
        ],
        [
          458,
          141
        ],
        [
          469,
          142
        ],
        [
          480,
          145
        ],
        [
          486,
          154
        ],
        [
          483,
          177
        ],
        [
          488,
          200
        ],
        [
          491,
          211
        ],
        [
          497,
          223
        ],
        [
          491,
          227
        ],
        [
          480,
          227
        ],
        [
          469,
          230
        ],
        [
          458,
          231
        ],
        [
          446,
          230
        ],
        [
          435,
          223
        ]
      ]
    },
    {
      "elevation": 300,
      "elevation_bbox_pixels": [
        286.39599198528947,
        150.36494033196914,
        25.059182077682863,
        15.07899068165625
      ],
      "contour_line_pixels": [
        [
          512,
          268
        ],
        [
          502,
          266
        ],
        [
          491,
          265
        ],
        [
          480,
          261
        ],
        [
          469,
          255
        ],
        [
          458,
          255
        ],
        [
          446,
          254
        ],
        [
          436,
          246
        ],
        [
          435,
          245
        ],
        [
          424,
          240
        ],
        [
          413,
          237
        ],
        [
          401,
          236
        ],
        [
          390,
          241
        ],
        [
          379,
          244
        ],
        [
          368,
          238
        ],
        [
          359,
          223
        ],
        [
          356,
          220
        ],
        [
          345,
          210
        ],
        [
          335,
          200
        ],
        [
          334,
          198
        ],
        [
          323,
          190
        ],
        [
          312,
          181
        ],
        [
          304,
          177
        ],
        [
          303,
          154
        ],
        [
          300,
          132
        ],
        [
          300,
          131
        ],
        [
          289,
          128
        ],
        [
          278,
          120
        ],
        [
          267,
          108
        ],
        [
          267,
          108
        ],
        [
          255,
          85
        ],
        [
          255,
          85
        ],
        [
          255,
          62
        ],
        [
          255,
          39
        ],
        [
          244,
          16
        ],
        [
          244,
          16
        ],
        [
          233,
          5
        ],
        [
          228,
          0
        ]
      ]
    },
    {
      "elevation": 275,
      "elevation_bbox_pixels": [
        140.51965259691005,
        142.37652227055275,
        38.82191452307856,
        20.0889207384364
      ],