{
  "image": {
    "path": "N63E016_0486.png",
    "size": {
      "height": 512,
      "width": 512
    }
  },
  "labels": [
    {
      "elevation": 175,
      "elevation_bbox_pixels": [
        375.0238773406527,
        -9.309698973775085,
        42.480322425908525,
        21.545637900926465
      ],
      "contour_line_pixels": [
        [
          512,
          3
        ],
        [
          504,
          2
        ],
        [
          489,
          0
        ]
      ]
    },
    {
      "elevation": 125,
      "elevation_bbox_pixels": [
        300.98430300694343,
        159.99393034537968,
        60.05093798167002,
        34.349396723365544
      ],
      "contour_line_pixels": [
        [
          244,
          176
        ],
        [
          228,
          175
        ],
        [
          244,
          173
        ],
        [
          260,
          173
        ],
        [
          277,
          173
        ],
        [
          293,
          173
        ],
        [
          309,
          173
        ],
        [
          325,
          171
        ],
        [
          342,
          171
        ],
        [
          358,
          171
        ],
        [
          374,
          171
        ],
        [
          391,
          169
        ],
        [
          407,
          169
        ],
        [
          423,
          175
        ],
        [
          407,
          177
        ],
        [
          391,
          177
        ],
        [
          374,
          177
        ],
        [
          358,
          177
        ],
        [
          342,
          177
        ],
        [
          325,
          177
        ],
        [
          309,
          176
        ],
        [
          293,
          176
        ],
        [
          277,
          176
        ],
        [
          260,
          176
        ],
        [
          244,
          176
        ]
      ]
    },
    {
      "elevation": 325,
      "elevation_bbox_pixels": [
        319.2589180859483,
        307.49296331382584,
        31.44222669420253,
        18.520638406272212
      ],
      "contour_line_pixels": [
        [
          293,
          367
        ],
        [
          279,
          360
        ],
        [
          277,
          358
        ],
        [
          260,
          340
        ],
        [
          260,
          340
        ],
        [
          244,
          321
        ],
        [
          243,
          319
        ],
        [
          244,
          317
        ],
        [
          260,
          299
        ],
        [
          260,
          299
        ],
        [
          277,
          298
        ],
        [
          293,
          295
        ],
        [
          309,
          295
        ],
        [
          325,
          299
        ],
        [
          326,
          299
        ],
        [
          342,
          301
        ],
        [
          358,
          303
        ],
        [
          374,
          304
        ],
        [
          391,
          314
        ],
        [
          397,
          319
        ],
        [
          403,
          340
        ],
        [
          400,
          360
        ],
        [
          391,
          366
        ],
        [
          374,
          374
        ],
        [
          358,
          374
        ],
        [
          342,
          375
        ],
        [
          325,
          374
        ],
        [
          309,
          374
        ],
        [
          293,
          367
        ]
      ]
    },
    {
      "elevation": 300,
      "elevation_bbox_pixels": [
        197.14392787500287,
        500.9288355106412,
        26.050159235079718,
        14.32644215060057
      ],
      "contour_line_pixels": [
        [
          173,
          512
        ],
        [
          179,
          505
        ],
        [
          179,
          505
        ],
        [
          179,
          505
        ],
        [
          185,
          512
        ]
      ]
    },
    {
      "elevation": 300,
      "elevation_bbox_pixels": [
        103.15607086859922,
        409.7694008499335,
        43.55274530378313,
        25.969580116691503
      ],
      "contour_line_pixels": [
        [
          0,
          402
        ],
        [
          0,
          402
        ],
        [
          0,
          402
        ],
        [
          16,
          411
        ],
        [
          27,
          422
        ],
        [
          33,
          443
        ],
        [
          33,
          443
        ],
        [
          42,
          464
        ],
        [
          49,
          484
        ],
        [
          49,
          484
        ],
        [
          60,
          505
        ],
        [
          62,
          512
        ]
      ]
    },
    {
      "elevation": 300,
      "elevation_bbox_pixels": [
        228.316890990356,
        261.0552299087203,
        52.10093881551825,
        33.87037627132855
      ],
      "contour_line_pixels": []
    },
    {
      "elevation": 275,
      "elevation_bbox_pixels": [
        178.27964092281948,
        442.524360433447,
        54.4420349925021,
        30.18688413315857
      ],