{
  "image": {
    "path": "N63E016_1384.png",
    "size": {
      "height": 512,
      "width": 512
    }
  },
  "labels": [
    {
      "elevation": 275,
      "elevation_bbox_pixels": [
        290.63575521049097,
        76.9365955555848,
        38.129050867191836,
        19.008129692256603
      ],
      "contour_line_pixels": [
        [
          435,
          512
        ],
        [
          435,
          506
        ],
        [
          431,
          484
        ],
        [
          435,
          462
        ],
        [
          438,
          450
        ],
        [
          443,
          439
        ],
        [
          456,
          428
        ],
        [
          469,
          417
        ],
        [
          473,
          394
        ],
        [
          456,
          372
        ],
        [
          456,
          372
        ],
        [
          449,
          350
        ],
        [
          442,
          327
        ],
        [
          442,
          305
        ],
        [
          438,
          300
        ],
        [
          427,
          282
        ],
        [
          421,
          275
        ],
        [
          404,
          260
        ],
        [
          404,
          260
        ],
        [
          386,
          240
        ],
        [
          384,
          238
        ],
        [
          372,
          215
        ],
        [
          369,
          212
        ],
        [
          358,
          193
        ],
        [
          352,
          171
        ],
        [
          352,
          171
        ],
        [
          347,
          148
        ],
        [
          335,
          126
        ],
        [
          335,
          126
        ],
        [
          331,
          103
        ],
        [
          335,
          98
        ],
        [
          352,
          85
        ],
        [
          369,
          81
        ],
        [
          369,
          81
        ],
        [
          386,
          77
        ],
        [
          404,
          77
        ],
        [
          421,
          81
        ],
        [
          438,
          81
        ],
        [
          439,
          81
        ],
        [
          456,
          86
        ],
        [
          473,
          87
        ],
        [
          490,
          89
        ],
        [
          507,
          81
        ],
        [
          507,
          59
        ],
        [
          507,
          58
        ],
        [
          512,
          52
        ]
      ]
    },
    {
      "elevation": 250,
      "elevation_bbox_pixels": [
        225.45713881011227,
        105.03578843579521,
        54.81661331279224,
        32.0018756714112
      ],
      "contour_line_pixels": [
        [
          349,
          512
        ],
        [
          346,
          506
        ],
        [
          346,
          484
        ],
        [
          346,
          462
        ],
        [
          342,
          439
        ],
        [
          348,
          417
        ],
        [
          352,
          409
        ],
        [
          361,
          394
        ],
        [
          361,
          372
        ],
        [
          356,
          350
        ],
        [
          359,
          327
        ],
        [
          355,
          305
        ],
        [
          352,
          283
        ],
        [
          352,
          282
        ],
        [
          335,
          260
        ],
        [
          335,
          260
        ],
        [
          317,
          245
        ],
        [
          312,
          238
        ],
        [
          305,
          215
        ],
        [
          300,
          208
        ],
        [
          292,
          193
        ],
        [
          291,
          171
        ],
        [
          283,
          159
        ],
        [
          274,
          148
        ],
        [
          265,
          138
        ],
        [
          255,
          126
        ],
        [
          248,
          118
        ],
        [
          235,
          103
        ],
        [
          231,
          97
        ],
        [
          220,
          81
        ],
        [
          214,
          64
        ],
        [
          211,
          59
        ],
        [
          214,
          36
        ],
        [
          214,
          36
        ],
        [
          231,
          18
        ],
        [
          237,
          14
        ],
        [
          248,
          3
        ],
        [
          252,
          0
        ]
      ]
    },
    {
      "elevation": 225,
      "elevation_bbox_pixels": [
        232.54732780841073,
        254.3747995833557,
        41.340639223372364,
        22.604252340706466
      ],
      "contour_line_pixels": [
        [
          0,
          368
        ],
        [
          6,
          372
        ],
        [
          7,
          372
        ],
        [
          24,
          378
        ],
        [
          41,
          383
        ],
        [
          58,
          394
        ],
        [
          75,
          394
        ],
        [
          76,
          394
        ],
        [
          93,
          402
        ],
        [
          110,
          409
        ],
        [
          127,
          417
        ],
        [
          145,
          416
        ],
        [
          162,
          406
        ],
        [
          179,
          394
        ],
        [
          179,
          394
        ],
        [
          196,
          387
        ],
        [
          213,
          372
        ],
        [
          214,
          371
        ],
        [
          222,
          350
        ],
        [
          231,
          338
        ],
        [
          237,
          327
        ],
        [
          248,
          305
        ],
        [
          248,
          304
        ],
        [
          253,
          282
        ],
        [
          251,
          260
        ],
        [
          248,
          249
        ],
        [
          245,
          238
        ],
        [
          234,
          215
        ],
        [
          243,
          193
        ],
        [
          231,
          174
        ],
        [
          228,
          171
        ],
        [
          224,
          148
        ],
        [
          214,
          139
        ],
        [
          204,
          126
        ],
        [
          196,
          118
        ],
        [
          183,
          103
        ],
        [
          179,
          99
        ],
        [
          162,
          87
        ],
        [
          156,
          81
        ],
        [
          145,
          70
        ],
        [
          127,
          59
        ],
        [
          127,
          59
        ],
        [
          117,
          36
        ],
        [
          114,
          14
        ],
        [
          114,
          0
        ]
      ]
    }
  ]
}