{
  "image": {
    "path": "N63E016_0095.png",
    "size": {
      "height": 512,
      "width": 512
    }
  },
  "labels": [
    {
      "elevation": 275,
      "elevation_bbox_pixels": [
        253.62193256937564,
        14.745637337392509,
        28.028250122076997,
        13.60506264642936
      ],
      "contour_line_pixels": [
        [
          512,
          19
        ],
        [
          485,
          19
        ],
        [
          455,
          19
        ],
        [
          425,
          19
        ],
        [
          395,
          19
        ],
        [
          365,
          19
        ],
        [
          335,
          18
        ],
        [
          305,
          19
        ],
        [
          275,
          22
        ],
        [
          245,
          24
        ],
        [
          215,
          24
        ],
        [
          186,
          24
        ],
        [
          156,
          23
        ],
        [
          126,
          23
        ],
        [
          96,
          23
        ],
        [
          66,
          24
        ],
        [
          36,
          28
        ],
        [
          6,
          34
        ],
        [
          0,
          35
        ]
      ]
    },
    {
      "elevation": 250,
      "elevation_bbox_pixels": [
        291.2795235172316,
        34.41151538598638,
        48.09033702478155,
        28.83677307580956
      ],
      "contour_line_pixels": [
        [
          512,
          50
        ],
        [
          485,
          50
        ],
        [
          455,
          49
        ],
        [
          425,
          49
        ],
        [
          395,
          49
        ],
        [
          365,
          49
        ],
        [
          335,
          49
        ],
        [
          305,
          51
        ],
        [
          275,
          57
        ],
        [
          245,
          61
        ],
        [
          215,
          65
        ],
        [
          186,
          66
        ],
        [
          156,
          66
        ],
        [
          126,
          66
        ],
        [
          96,
          64
        ],
        [
          66,
          66
        ],
        [
          36,
          74
        ],
        [
          36,
          75
        ],
        [
          6,
          79
        ],
        [
          0,
          79
        ]
      ]
    },
    {
      "elevation": 350,
      "elevation_bbox_pixels": [
        129.81760401398915,
        373.8777084601086,
        26.744023073854976,
        14.9498119682126
      ],
      "contour_line_pixels": [
        [
          0,
          437
        ],
        [
          6,
          436
        ],
        [
          16,
          426
        ],
        [
          36,
          405
        ],
        [
          53,
          391
        ],
        [
          36,
          374
        ],
        [
          6,
          370
        ],
        [
          0,
          372
        ]
      ]
    },
    {
      "elevation": 225,
      "elevation_bbox_pixels": [
        174.11900300295528,
        87.05762123887229,
        57.19150512883499,
        28.965167199023313
      ],
      "contour_line_pixels": [
        [
          512,
          82
        ],
        [
          485,
          82
        ],
        [
          455,
          81
        ],
        [
          425,
          81
        ],
        [
          395,
          81
        ],
        [
          365,
          81
        ],
        [
          335,
          81
        ],
        [
          305,
          84
        ],
        [
          275,
          89
        ],
        [
          245,
          93
        ],
        [
          215,
          96
        ],
        [
          186,
          98
        ],
        [
          156,
          102
        ],
        [
          126,
          105
        ],
        [
          96,
          108
        ],
        [
          81,
          110
        ],
        [
          66,
          112
        ],
        [
          36,
          114
        ],
        [
          6,
          115
        ],
        [
          0,
          116
        ]
      ]
    },
    {
      "elevation": 300,
      "elevation_bbox_pixels": [
        136.50734737846903,
        305.15198317126953,
        52.166065622244105,
        30.72480440971202
      ],
      "contour_line_pixels": [
        [
          0,
          325
        ],
        [
          6,
          324
        ],
        [
          35,
          321
        ],
        [
          36,
          321
        ],
        [
          66,
          321
        ],
        [
          96,
          321
        ],
        [
          126,
          321
        ],
        [
          126,
          321
        ],
        [
          156,
          336
        ],
        [
          174,
          356
        ],
        [
          170,
          391
        ],
        [
          156,
          405
        ],
        [
          132,
          426
        ],
        [
          126,
          437
        ],
        [
          102,
          461
        ],
        [
          96,
          479
        ],
        [
          81,
          496
        ],
        [
          76,
          512
        ]
      ]
    },
    {
      "elevation": 275,
      "elevation_bbox_pixels": [
        196.00710447141745,
        306.8985423485309,
        40.472312593882265,
        20.287845618551955
      ],
      "contour_line_pixels": [
        [
          0,
          306
        ],
        [
          6,
          304
        ],
        [
          36,
          299
        ],
        [
          66,
          299
        ],
        [
          96,
          299
        ],
        [
          126,
          300
        ],
        [
          156,
          305
        ],
        [
          186,
          319
        ],
        [
          189,
          321
        ],
        [
          215,
          352
        ],
        [
          218,
          356
        ],
        [
          216,
          391
        ],
        [
          215,
          391
        ],
        [
          186,
          421
        ],
        [
          181,
          426
        ],
        [
          175,
          461
        ],
        [
          156,
          482
        ],
        [
          145,
          496
        ],
        [
          144,
          512
        ]
      ]
    },
    {
      "elevation": 225,
      "elevation_bbox_pixels": [
        209.03338909151523,
        261.20921476381534,
        30.108743908651604,
        18.34557288585819
      ],