{
  "image": {
    "path": "N63E016_1358.png",
    "size": {
      "height": 512,
      "width": 512
    }
  },
  "labels": [
    {
      "elevation": 300,
      "elevation_bbox_pixels": [
        274.70520435501487,
        316.7377021873587,
        41.787051398057656,
        26.07145643937713
      ],
      "contour_line_pixels": [
        [
          277,
          330
        ],
        [
          277,
          330
        ],
        [
          266,
          320
        ],
        [
          254,
          314
        ],
        [
          242,
          310
        ],
        [
          242,
          310
        ],
        [
          242,
          309
        ],
        [
          254,
          300
        ],
        [
          266,
          300
        ],
        [
          277,
          310
        ],
        [
          289,
          310
        ],
        [
          289,
          310
        ],
        [
          300,
          329
        ],
        [
          312,
          330
        ],
        [
          312,
          330
        ],
        [
          312,
          330
        ],
        [
          300,
          330
        ],
        [
          289,
          330
        ],
        [
          277,
          330
        ]
      ]
    },
    {
      "elevation": 275,
      "elevation_bbox_pixels": [
        138.05940423934865,
        176.34805742484747,
        63.20963299239696,
        38.260480874287964
      ],
      "contour_line_pixels": []
    },
    {
      "elevation": 250,
      "elevation_bbox_pixels": [
        307.184182153117,
        215.4586398439801,
        30.505895558037196,
        17.164007826923807
      ],
      "contour_line_pixels": []
    },
    {
      "elevation": 225,
      "elevation_bbox_pixels": [
        232.31342380652848,
        92.9881697280178,
        44.444153442477045,
        20.433316359886135
      ],
      "contour_line_pixels": [
        [
          175,
          0
        ],
        [
          181,
          10
        ],
        [
          184,
          15
        ],
        [
          194,
          30
        ],
        [
          196,
          31
        ],
        [
          208,
          40
        ],
        [
          216,
          50
        ],
        [
          219,
          53
        ],
        [
          231,
          65
        ],
        [
          234,
          70
        ],
        [
          242,
          83
        ],
        [
          247,
          90
        ],
        [
          254,
          103
        ],
        [
          258,
          110
        ],
        [
          266,
          119
        ],
        [
          277,
          125
        ],
        [
          285,
          130
        ],
        [
          289,
          132
        ],
        [
          300,
          140
        ],
        [
          312,
          148
        ],
        [
          315,
          150
        ],
        [
          323,
          155
        ],
        [
          335,
          165
        ],
        [
          340,
          170
        ],
        [
          347,
          176
        ],
        [
          358,
          190
        ],
        [
          358,
          190
        ],
        [
          370,
          197
        ],
        [
          381,
          208
        ],
        [
          384,
          210
        ],
        [
          393,
          219
        ],
        [
          403,
          230
        ],
        [
          405,
          233
        ],
        [
          413,
          250
        ],
        [
          414,
          270
        ],
        [
          416,
          274
        ],
        [
          428,
          290
        ],
        [
          428,
          290
        ],
        [
          439,
          303
        ],
        [
          443,
          310
        ],
        [
          451,
          330
        ],
        [
          451,
          330
        ],
        [
          463,
          350
        ],
        [
          463,
          350
        ],
        [
          474,
          370
        ],
        [
          474,
          370
        ],
        [
          486,
          378
        ],
        [
          496,
          390
        ],
        [
          497,
          391
        ],
        [
          509,
          396
        ],
        [
          512,
          396
        ]
      ]
    },
    {
      "elevation": 200,
      "elevation_bbox_pixels": [
        300.53832723236934,
        102.5870002176074,
        49.34777940590982,
        27.13891417655691
      ],
      "contour_line_pixels": []
    }
  ]
}