{
  "image": {
    "path": "N63E016_1206.png",
    "size": {
      "height": 512,
      "width": 512
    }
  },
  "labels": [
    {
      "elevation": 425,
      "elevation_bbox_pixels": [
        246.88961325957013,
        483.9041497827203,
        30.560639581495593,
        16.999785298263106
      ],
      "contour_line_pixels": [
        [
          9,
          512
        ],
        [
          10,
          512
        ],
        [
          51,
          503
        ],
        [
          91,
          498
        ],
        [
          132,
          497
        ],
        [
          173,
          495
        ],
        [
          173,
          495
        ],
        [
          214,
          493
        ],
        [
          255,
          491
        ],
        [
          295,
          493
        ],
        [
          326,
          495
        ],
        [
          336,
          496
        ],
        [
          377,
          499
        ],
        [
          418,
          501
        ],
        [
          444,
          512
        ]
      ]
    },
    {
      "elevation": 375,
      "elevation_bbox_pixels": [
        194.77705458563847,
        382.6887716744926,
        25.818522519479018,
        15.967150735036967
      ],
      "contour_line_pixels": []
    },
    {
      "elevation": 350,
      "elevation_bbox_pixels": [
        252.32857906487618,
        228.28588537926623,
        55.66074471569459,
        26.88463934494507
      ],
      "contour_line_pixels": [
        [
          0,
          222
        ],
        [
          10,
          220
        ],
        [
          30,
          218
        ],
        [
          51,
          217
        ],
        [
          91,
          213
        ],
        [
          132,
          212
        ],
        [
          173,
          212
        ],
        [
          214,
          215
        ],
        [
          255,
          218
        ],
        [
          255,
          218
        ],
        [
          295,
          223
        ],
        [
          336,
          227
        ],
        [
          369,
          237
        ],
        [
          377,
          242
        ],
        [
          397,
          255
        ],
        [
          393,
          273
        ],
        [
          391,
          292
        ],
        [
          377,
          299
        ],
        [
          354,
          310
        ],
        [
          336,
          325
        ],
        [
          329,
          329
        ],
        [
          316,
          347
        ],
        [
          336,
          357
        ],
        [
          353,
          366
        ],
        [
          377,
          370
        ],
        [
          418,
          376
        ],
        [
          459,
          377
        ],
        [
          499,
          377
        ],
        [
          512,
          377
        ]
      ]
    },
    {
      "elevation": 325,
      "elevation_bbox_pixels": [
        217.387914193572,
        174.49381883627683,
        51.154906233460224,
        27.34869362741813
      ],
      "contour_line_pixels": [
        [
          0,
          191
        ],
        [
          10,
          190
        ],
        [
          51,
          185
        ],
        [
          91,
          183
        ],
        [
          132,
          183
        ],
        [
          173,
          185
        ],
        [
          214,
          192
        ],
        [
          255,
          195
        ],
        [
          295,
          199
        ],
        [
          299,
          200
        ],
        [
          336,
          207
        ],
        [
          377,
          214
        ],
        [
          395,
          218
        ],
        [
          418,
          227
        ],
        [
          439,
          237
        ],
        [
          459,
          246
        ],
        [
          488,
          255
        ],
        [
          499,
          273
        ],
        [
          500,
          273
        ],
        [
          512,
          291
        ]
      ]
    }
  ]
}