{
  "image": {
    "path": "N63E016_0273.png",
    "size": {
      "height": 512,
      "width": 512
    }
  },
  "labels": [
    {
      "elevation": 400,
      "elevation_bbox_pixels": [
        172.1961171933662,
        107.0088274522634,
        51.94457291156698,
        25.244771309300177
      ],
      "contour_line_pixels": [
        [
          0,
          106
        ],
        [
          18,
          118
        ],
        [
          63,
          123
        ],
        [
          64,
          123
        ],
        [
          63,
          124
        ],
        [
          18,
          136
        ],
        [
          0,
          138
        ]
      ]
    },
    {
      "elevation": 375,
      "elevation_bbox_pixels": [
        260.02043842384376,
        203.63930226119362,
        31.508081349548547,
        18.987617342227395
      ],
      "contour_line_pixels": [
        [
          0,
          50
        ],
        [
          18,
          60
        ],
        [
          37,
          71
        ],
        [
          63,
          80
        ],
        [
          109,
          89
        ],
        [
          134,
          97
        ],
        [
          155,
          109
        ],
        [
          176,
          123
        ],
        [
          201,
          139
        ],
        [
          229,
          149
        ],
        [
          247,
          158
        ],
        [
          292,
          173
        ],
        [
          300,
          176
        ],
        [
          318,
          202
        ],
        [
          338,
          218
        ],
        [
          347,
          228
        ],
        [
          384,
          249
        ],
        [
          394,
          254
        ],
        [
          384,
          258
        ],
        [
          338,
          263
        ],
        [
          292,
          262
        ],
        [
          247,
          260
        ],
        [
          201,
          261
        ],
        [
          155,
          266
        ],
        [
          118,
          281
        ],
        [
          109,
          286
        ],
        [
          73,
          307
        ],
        [
          63,
          308
        ],
        [
          18,
          312
        ],
        [
          0,
          312
        ]
      ]
    },
    {
      "elevation": 325,
      "elevation_bbox_pixels": [
        243.1911330052768,
        341.54556852878284,
        48.375376819586336,
        27.929993180162683
      ],
      "contour_line_pixels": []
    },
    {
      "elevation": 350,
      "elevation_bbox_pixels": [
        292.49903040279276,
        170.1584491677704,
        43.6080412192598,
        23.868485300963584
      ],
      "contour_line_pixels": []
    },
    {
      "elevation": 300,
      "elevation_bbox_pixels": [
        266.70694949563364,
        390.36612622289897,
        52.74556051664047,
        32.89953912489162
      ],
      "contour_line_pixels": []
    }
  ]
}