{
  "image": {
    "path": "N63E016_0832.png",
    "size": {
      "height": 512,
      "width": 512
    }
  },
  "labels": [
    {
      "elevation": 250,
      "elevation_bbox_pixels": [
        453.9086607369168,
        248.28889684431448,
        37.19088823367292,
        19.181309576496346
      ],
      "contour_line_pixels": []
    },
    {
      "elevation": 250,
      "elevation_bbox_pixels": [
        215.35444815373663,
        228.49363694647667,
        26.392657166672223,
        14.26934644476762
      ],
      "contour_line_pixels": [
        [
          356,
          265
        ],
        [
          347,
          262
        ],
        [
          347,
          262
        ],
        [
          339,
          262
        ],
        [
          330,
          253
        ],
        [
          321,
          253
        ],
        [
          313,
          251
        ],
        [
          305,
          245
        ],
        [
          304,
          244
        ],
        [
          296,
          244
        ],
        [
          287,
          244
        ],
        [
          279,
          244
        ],
        [
          270,
          244
        ],
        [
          262,
          244
        ],
        [
          253,
          244
        ],
        [
          244,
          244
        ],
        [
          236,
          236
        ],
        [
          227,
          236
        ],
        [
          219,
          236
        ],
        [
          210,
          236
        ],
        [
          202,
          227
        ],
        [
          202,
          209
        ],
        [
          210,
          191
        ],
        [
          219,
          191
        ],
        [
          219,
          191
        ],
        [
          227,
          174
        ],
        [
          236,
          174
        ],
        [
          244,
          174
        ],
        [
          253,
          174
        ],
        [
          262,
          174
        ],
        [
          270,
          174
        ],
        [
          279,
          174
        ],
        [
          287,
          191
        ],
        [
          287,
          191
        ],
        [
          296,
          191
        ],
        [
          304,
          191
        ],
        [
          313,
          209
        ],
        [
          313,
          209
        ],
        [
          321,
          209
        ],
        [
          330,
          209
        ],
        [
          339,
          209
        ],
        [
          347,
          209
        ],
        [
          356,
          209
        ],
        [
          364,
          209
        ],
        [
          373,
          227
        ],
        [
          373,
          245
        ],
        [
          373,
          262
        ],
        [
          364,
          266
        ],
        [
          356,
          265
        ]
      ]
    },
    {
      "elevation": 300,
      "elevation_bbox_pixels": [
        321.69015080194845,
        378.1254698356054,
        58.83101301678607,
        33.860291075632176
      ],
      "contour_line_pixels": [
        [
          270,
          387
        ],
        [
          270,
          387
        ],
        [
          268,
          370
        ],
        [
          270,
          364
        ],
        [
          277,
          352
        ],
        [
          279,
          351
        ],
        [
          287,
          349
        ],
        [
          296,
          347
        ],
        [
          304,
          347
        ],
        [
          313,
          349
        ],
        [
          321,
          350
        ],
        [
          330,
          352
        ],
        [
          330,
          352
        ],
        [
          339,
          358
        ],
        [
          347,
          368
        ],
        [
          350,
          370
        ],
        [
          356,
          381
        ],
        [
          358,
          387
        ],
        [
          358,
          405
        ],
        [
          356,
          414
        ],
        [
          347,
          423
        ],
        [
          347,
          423
        ],
        [
          339,
          426
        ],
        [
          330,
          426
        ],
        [
          321,
          426
        ],
        [
          313,
          423
        ],
        [
          313,
          423
        ],
        [
          304,
          419
        ],
        [
          296,
          413
        ],
        [
          287,
          405
        ],
        [
          287,
          405
        ],
        [
          279,
          398
        ],
        [
          270,
          387
        ]
      ]
    },
    {
      "elevation": 275,
      "elevation_bbox_pixels": [
        77.37444191226102,
        498.1474995275041,
        28.635231759265167,
        15.314058881343534
      ],
      "contour_line_pixels": [
        [
          56,
          496
        ],
        [
          56,
          494
        ],
        [
          56,
          492
        ],
        [
          64,
          477
        ],
        [
          65,
          475
        ],
        [
          73,
          472
        ],
        [
          82,
          472
        ],
        [
          88,
          477
        ],
        [
          90,
          494
        ],
        [
          90,
          494
        ],
        [
          90,
          495
        ],
        [
          82,
          506
        ],
        [
          73,
          506
        ],
        [
          65,
          503
        ],
        [
          56,
          496
        ]
      ]
    },
    {
      "elevation": 300,
      "elevation_bbox_pixels": [
        424.3754152863247,
        468.8992602810623,
        61.27302188831004,
        31.706639714653477
      ],
      "contour_line_pixels": [
        [
          484,
          512
        ],
        [
          480,
          494
        ],
        [
          475,
          489
        ],
        [
          467,
          483
        ],
        [
          458,
          477
        ],
        [
          458,
          477
        ],
        [
          458,
          459
        ],
        [
          458,
          459
        ],
        [
          467,
          441
        ],
        [
          467,
          441
        ],
        [
          475,
          438
        ],
        [
          484,
          434
        ],
        [
          493,
          434
        ],
        [
          501,
          434
        ],
        [
          510,
          434
        ],
        [
          512,
          434
        ]
      ]
    },
    {
      "elevation": 275,
      "elevation_bbox_pixels": [
        211.98581506724332,
        346.53577979600414,
        50.41145416589495,
        31.201052758053322
      ],