{
  "image": {
    "path": "N63E016_1165.png",
    "size": {
      "height": 512,
      "width": 512
    }
  },
  "labels": [
    {
      "elevation": 375,
      "elevation_bbox_pixels": [
        302.57960992740175,
        -7.819530708572984,
        39.41517386300143,
        20.93057051924461
      ],
      "contour_line_pixels": [
        [
          468,
          0
        ],
        [
          462,
          2
        ],
        [
          458,
          3
        ],
        [
          442,
          3
        ],
        [
          427,
          3
        ],
        [
          411,
          3
        ],
        [
          406,
          2
        ],
        [
          396,
          0
        ],
        [
          394,
          0
        ]
      ]
    },
    {
      "elevation": 325,
      "elevation_bbox_pixels": [
        217.068202157999,
        29.2803827724876,
        61.532970016561535,
        32.87853180654531
      ],
      "contour_line_pixels": [
        [
          512,
          37
        ],
        [
          504,
          36
        ],
        [
          489,
          34
        ],
        [
          473,
          34
        ],
        [
          458,
          34
        ],
        [
          442,
          35
        ],
        [
          427,
          36
        ],
        [
          411,
          36
        ],
        [
          396,
          36
        ],
        [
          380,
          35
        ],
        [
          365,
          34
        ],
        [
          350,
          33
        ],
        [
          334,
          32
        ],
        [
          319,
          32
        ],
        [
          303,
          34
        ],
        [
          288,
          36
        ],
        [
          272,
          38
        ],
        [
          262,
          39
        ],
        [
          257,
          40
        ],
        [
          241,
          45
        ],
        [
          226,
          47
        ],
        [
          210,
          47
        ],
        [
          195,
          45
        ],
        [
          180,
          43
        ],
        [
          164,
          41
        ],
        [
          159,
          39
        ],
        [
          149,
          37
        ],
        [
          133,
          36
        ],
        [
          118,
          34
        ],
        [
          102,
          30
        ],
        [
          90,
          27
        ],
        [
          87,
          26
        ],
        [
          71,
          25
        ],
        [
          56,
          24
        ],
        [
          40,
          24
        ],
        [
          25,
          24
        ],
        [
          10,
          22
        ],
        [
          0,
          20
        ]
      ]
    },
    {
      "elevation": 275,
      "elevation_bbox_pixels": [
        155.29314621389554,
        189.43271318627785,
        35.79310895336556,
        19.08830714919077
      ],
      "contour_line_pixels": [
        [
          195,
          214
        ],
        [
          195,
          214
        ],
        [
          210,
          214
        ],
        [
          226,
          201
        ],
        [
          226,
          201
        ],
        [
          241,
          189
        ],
        [
          241,
          177
        ],
        [
          226,
          164
        ],
        [
          210,
          164
        ],
        [
          195,
          164
        ],
        [
          195,
          164
        ],
        [
          180,
          152
        ],
        [
          164,
          152
        ],
        [
          149,
          152
        ],
        [
          133,
          152
        ],
        [
          118,
          152
        ],
        [
          102,
          152
        ],
        [
          87,
          152
        ],
        [
          71,
          152
        ],
        [
          56,
          152
        ],
        [
          41,
          164
        ],
        [
          40,
          164
        ],
        [
          25,
          177
        ],
        [
          25,
          177
        ],
        [
          10,
          189
        ],
        [
          25,
          201
        ],
        [
          25,
          201
        ],
        [
          40,
          214
        ],
        [
          41,
          214
        ],
        [
          56,
          226
        ],
        [
          71,
          226
        ],
        [
          87,
          226
        ],
        [
          102,
          226
        ],
        [
          118,
          226
        ],
        [
          133,
          226
        ],
        [
          149,
          226
        ],
        [
          164,
          226
        ],
        [
          180,
          226
        ],
        [
          195,
          214
        ]
      ]
    },
    {
      "elevation": 325,
      "elevation_bbox_pixels": [
        210.8486292802432,
        486.07891584300864,
        25.570191073896126,
        15.507195079997912
      ],
      "contour_line_pixels": []
    },
    {
      "elevation": 300,
      "elevation_bbox_pixels": [
        244.61428258262993,
        449.5397389422539,
        43.705227715971205,
        23.58892394445921
      ],
      "contour_line_pixels": []
    }
  ]
}