{
  "image": {
    "path": "N63E016_0740.png",
    "size": {
      "height": 512,
      "width": 512
    }
  },
  "labels": [
    {
      "elevation": 350,
      "elevation_bbox_pixels": [
        470.0026764269773,
        22.144553234960313,
        52.02420158214517,
        31.546056035121183
      ],
      "contour_line_pixels": [
        [
          512,
          51
        ],
        [
          511,
          50
        ],
        [
          502,
          34
        ],
        [
          502,
          34
        ],
        [
          493,
          14
        ],
        [
          493,
          14
        ],
        [
          488,
          0
        ]
      ]
    },
    {
      "elevation": 325,
      "elevation_bbox_pixels": [
        389.05270908288514,
        48.44492494280831,
        57.5790610518568,
        35.68682220786047
      ],
      "contour_line_pixels": [
        [
          512,
          188
        ],
        [
          511,
          188
        ],
        [
          502,
          178
        ],
        [
          497,
          173
        ],
        [
          493,
          169
        ],
        [
          483,
          163
        ],
        [
          474,
          153
        ],
        [
          474,
          153
        ],
        [
          465,
          148
        ],
        [
          456,
          138
        ],
        [
          451,
          133
        ],
        [
          447,
          128
        ],
        [
          438,
          120
        ],
        [
          435,
          113
        ],
        [
          428,
          94
        ],
        [
          428,
          93
        ],
        [
          424,
          74
        ],
        [
          422,
          54
        ],
        [
          422,
          34
        ],
        [
          419,
          14
        ],
        [
          419,
          14
        ],
        [
          413,
          0
        ]
      ]
    },
    {
      "elevation": 300,
      "elevation_bbox_pixels": [
        341.3013006176504,
        304.63510543388645,
        35.899594689510764,
        22.12838424693132
      ],
      "contour_line_pixels": [
        [
          512,
          343
        ],
        [
          511,
          342
        ],
        [
          502,
          332
        ],
        [
          493,
          332
        ],
        [
          492,
          332
        ],
        [
          483,
          322
        ],
        [
          474,
          319
        ],
        [
          465,
          312
        ],
        [
          465,
          312
        ],
        [
          456,
          293
        ],
        [
          447,
          292
        ],
        [
          447,
          292
        ],
        [
          438,
          273
        ],
        [
          428,
          273
        ],
        [
          419,
          292
        ],
        [
          419,
          292
        ],
        [
          410,
          312
        ],
        [
          410,
          312
        ],
        [
          401,
          312
        ],
        [
          392,
          312
        ],
        [
          383,
          312
        ],
        [
          373,
          312
        ],
        [
          364,
          312
        ],
        [
          355,
          332
        ],
        [
          355,
          332
        ],
        [
          346,
          352
        ],
        [
          346,
          352
        ],
        [
          337,
          352
        ],
        [
          328,
          354
        ],
        [
          318,
          354
        ],
        [
          309,
          353
        ],
        [
          300,
          352
        ],
        [
          300,
          352
        ],
        [
          291,
          337
        ],
        [
          282,
          332
        ],
        [
          282,
          332
        ],
        [
          281,
          312
        ],
        [
          282,
          292
        ],
        [
          273,
          275
        ],
        [
          271,
          272
        ],
        [
          263,
          259
        ],
        [
          260,
          252
        ],
        [
          263,
          242
        ],
        [
          273,
          242
        ],
        [
          282,
          242
        ],
        [
          291,
          252
        ],
        [
          300,
          252
        ],
        [
          309,
          252
        ],
        [
          318,
          252
        ],
        [
          327,
          232
        ],
        [
          328,
          232
        ],
        [
          332,
          213
        ],
        [
          337,
          193
        ],
        [
          337,
          192
        ],
        [
          346,
          183
        ],
        [
          351,
          173
        ],
        [
          346,
          163
        ],
        [
          337,
          153
        ],
        [
          337,
          153
        ],
        [
          328,
          143
        ],
        [
          318,
          133
        ],
        [
          318,
          133
        ],
        [
          309,
          113
        ],
        [
          309,
          113
        ],
        [
          300,
          98
        ],
        [
          298,
          93
        ],
        [
          300,
          74
        ],
        [
          300,
          73
        ],
        [
          309,
          73
        ],
        [
          318,
          73
        ],
        [
          328,
          73
        ],
        [
          337,
          54
        ],
        [
          337,
          34
        ],
        [
          328,
          14
        ],
        [
          327,
          14
        ],
        [
          321,
          0
        ]
      ]
    },
    {
      "elevation": 275,
      "elevation_bbox_pixels": [
        272.6018779217629,
        367.41746779070684,
        55.63137768550962,
        33.11565303606018
      ],