{
  "image": {
    "path": "N63E016_0687.png",
    "size": {
      "height": 512,
      "width": 512
    }
  },
  "labels": [
    {
      "elevation": 275,
      "elevation_bbox_pixels": [
        309.0802828806059,
        376.499389243068,
        38.08441296094395,
        18.444920640927137
      ],
      "contour_line_pixels": []
    },
    {
      "elevation": 250,
      "elevation_bbox_pixels": [
        313.86567448800554,
        353.2214554391679,
        29.84534705580313,
        16.196894838359356
      ],
      "contour_line_pixels": []
    },
    {
      "elevation": 225,
      "elevation_bbox_pixels": [
        267.0086050614985,
        332.70175125453596,
        29.426761136260552,
        18.22853543718395
      ],
      "contour_line_pixels": [
        [
          512,
          489
        ],
        [
          501,
          489
        ],
        [
          488,
          488
        ],
        [
          474,
          487
        ],
        [
          474,
          487
        ],
        [
          461,
          485
        ],
        [
          447,
          484
        ],
        [
          433,
          483
        ],
        [
          420,
          483
        ],
        [
          406,
          483
        ],
        [
          393,
          483
        ],
        [
          379,
          483
        ],
        [
          366,
          484
        ],
        [
          362,
          487
        ],
        [
          354,
          497
        ],
        [
          352,
          498
        ],
        [
          338,
          502
        ],
        [
          325,
          504
        ],
        [
          311,
          504
        ],
        [
          298,
          502
        ],
        [
          292,
          497
        ],
        [
          292,
          487
        ],
        [
          298,
          476
        ],
        [
          295,
          465
        ],
        [
          284,
          459
        ],
        [
          279,
          455
        ],
        [
          270,
          450
        ],
        [
          258,
          444
        ],
        [
          257,
          442
        ],
        [
          245,
          433
        ],
        [
          243,
          431
        ],
        [
          234,
          423
        ],
        [
          238,
          412
        ],
        [
          243,
          408
        ],
        [
          250,
          401
        ],
        [
          249,
          391
        ],
        [
          243,
          386
        ],
        [
          235,
          380
        ],
        [
          230,
          373
        ],
        [
          226,
          369
        ],
        [
          216,
          359
        ],
        [
          216,
          358
        ],
        [
          203,
          348
        ],
        [
          202,
          348
        ],
        [
          189,
          337
        ],
        [
          189,
          337
        ],
        [
          189,
          337
        ],
        [
          203,
          335
        ],
        [
          209,
          337
        ],
        [
          216,
          341
        ],
        [
          230,
          342
        ],
        [
          243,
          341
        ],
        [
          257,
          340
        ],
        [
          270,
          340
        ],
        [
          284,
          339
        ],
        [
          298,
          340
        ],
        [
          311,
          341
        ],
        [
          325,
          342
        ],
        [
          338,
          342
        ],
        [
          352,
          342
        ],
        [
          366,
          342
        ],
        [
          379,
          341
        ],
        [
          393,
          341
        ],
        [
          406,
          338
        ],
        [
          420,
          337
        ],
        [
          420,
          337
        ],
        [
          433,
          335
        ],
        [
          447,
          335
        ],
        [
          461,
          337
        ],
        [
          474,
          337
        ],
        [
          488,
          337
        ],
        [
          501,
          337
        ],
        [
          502,
          337
        ],
        [
          512,
          338
        ]
      ]
    },
    {
      "elevation": 150,
      "elevation_bbox_pixels": [
        165.95197742765623,
        459.3307067813815,
        41.323975819919156,
        20.15302372765784
      ],
      "contour_line_pixels": [
        [
          0,
          457
        ],
        [
          12,
          460
        ],
        [
          26,
          463
        ],
        [
          39,
          465
        ],
        [
          40,
          465
        ],
        [
          53,
          468
        ],
        [
          67,
          471
        ],
        [
          80,
          473
        ],
        [
          94,
          473
        ],
        [
          107,
          473
        ],
        [
          121,
          476
        ],
        [
          121,
          476
        ],
        [
          135,
          480
        ],
        [
          148,
          487
        ],
        [
          148,
          487
        ],
        [
          162,
          494
        ],
        [
          169,
          497
        ],
        [
          175,
          500
        ],
        [
          186,
          508
        ],
        [
          189,
          509
        ],
        [
          203,
          511
        ],
        [
          204,
          512
        ]
      ]
    },
    {
      "elevation": 175,
      "elevation_bbox_pixels": [
        285.6841061361542,
        197.88416208958637,
        61.34024662654258,
        37.46379624044687
      ],
      "contour_line_pixels": []
    },
    {
      "elevation": 200,
      "elevation_bbox_pixels": [
        320.9981007330557,
        490.1779004232193,
        31.264511490025143,
        19.464136037197285
      ],
      "contour_line_pixels": []
    }
  ]
}