{
  "image": {
    "path": "N63E016_1022.png",
    "size": {
      "height": 512,
      "width": 512
    }
  },
  "labels": [
    {
      "elevation": 275,
      "elevation_bbox_pixels": [
        218.6263599642251,
        313.134169214237,
        35.47302816069197,
        20.830132497810837
      ],
      "contour_line_pixels": []
    },
    {
      "elevation": 225,
      "elevation_bbox_pixels": [
        233.50752083282012,
        209.5497046751929,
        57.962183596333006,
        29.64959081988229
      ],
      "contour_line_pixels": [
        [
          0,
          225
        ],
        [
          5,
          225
        ],
        [
          157,
          226
        ],
        [
          310,
          224
        ],
        [
          463,
          223
        ],
        [
          512,
          222
        ]
      ]
    },
    {
      "elevation": 250,
      "elevation_bbox_pixels": [
        237.51462329577473,
        263.4983045035916,
        50.52326168359153,
        29.202486418944147
      ],
      "contour_line_pixels": [
        [
          0,
          277
        ],
        [
          5,
          277
        ],
        [
          157,
          278
        ],
        [
          310,
          278
        ],
        [
          463,
          278
        ],
        [
          512,
          278
        ]
      ]
    }
  ]
}