{
  "image": {
    "path": "N63E016_1257.png",
    "size": {
      "height": 512,
      "width": 512
    }
  },
  "labels": [
    {
      "elevation": 300,
      "elevation_bbox_pixels": [
        141.93973847454785,
        487.8708601264996,
        59.222149672434455,
        31.96628594039649
      ],
      "contour_line_pixels": [
        [
          0,
          493
        ],
        [
          2,
          494
        ],
        [
          3,
          495
        ],
        [
          19,
          502
        ],
        [
          35,
          507
        ],
        [
          35,
          507
        ],
        [
          41,
          512
        ]
      ]
    },
    {
      "elevation": 275,
      "elevation_bbox_pixels": [
        188.27070920732703,
        452.08573516909644,
        37.65039685877474,
        22.814796961431227
      ],
      "contour_line_pixels": [
        [
          0,
          466
        ],
        [
          3,
          467
        ],
        [
          11,
          468
        ],
        [
          19,
          470
        ],
        [
          35,
          472
        ],
        [
          50,
          471
        ],
        [
          55,
          468
        ],
        [
          66,
          466
        ],
        [
          81,
          465
        ],
        [
          97,
          465
        ],
        [
          112,
          464
        ],
        [
          128,
          463
        ],
        [
          143,
          462
        ],
        [
          159,
          462
        ],
        [
          174,
          460
        ],
        [
          190,
          460
        ],
        [
          206,
          460
        ],
        [
          218,
          468
        ],
        [
          213,
          481
        ],
        [
          206,
          492
        ],
        [
          203,
          494
        ],
        [
          199,
          507
        ],
        [
          204,
          512
        ]
      ]
    },
    {
      "elevation": 225,
      "elevation_bbox_pixels": [
        216.58333080717367,
        415.536937634374,
        29.629697473429758,
        16.473322496922748
      ],
      "contour_line_pixels": []
    }
  ]
}