{
  "image": {
    "path": "N63E016_1108.png",
    "size": {
      "height": 512,
      "width": 512
    }
  },
  "labels": [
    {
      "elevation": 375,
      "elevation_bbox_pixels": [
        262.08269921491114,
        -11.32921149555375,
        41.6643499621664,
        26.04759522335172
      ],
      "contour_line_pixels": []
    },
    {
      "elevation": 350,
      "elevation_bbox_pixels": [
        241.9903974340844,
        54.2511492821713,
        63.33210462043769,
        38.28549487686735
      ],
      "contour_line_pixels": []
    },
    {
      "elevation": 300,
      "elevation_bbox_pixels": [
        266.54990415749256,
        165.64171479084945,
        44.56914742239053,
        20.434543138342974
      ],
      "contour_line_pixels": [
        [
          512,
          212
        ],
        [
          500,
          208
        ],
        [
          491,
          206
        ],
        [
          452,
          199
        ],
        [
          412,
          181
        ],
        [
          404,
          177
        ],
        [
          356,
          159
        ],
        [
          332,
          156
        ],
        [
          308,
          152
        ],
        [
          259,
          136
        ],
        [
          211,
          132
        ],
        [
          211,
          132
        ],
        [
          163,
          125
        ],
        [
          115,
          120
        ],
        [
          67,
          114
        ],
        [
          19,
          109
        ],
        [
          0,
          109
        ]
      ]
    }
  ]
}