{
  "image": {
    "path": "N63E016_0516.png",
    "size": {
      "height": 512,
      "width": 512
    }
  },
  "labels": [
    {
      "elevation": 350,
      "elevation_bbox_pixels": [
        366.0031665289609,
        57.85501990684975,
        40.510941201435,
        22.91485030513786
      ],
      "contour_line_pixels": [
        [
          512,
          98
        ],
        [
          475,
          88
        ],
        [
          436,
          72
        ],
        [
          397,
          62
        ],
        [
          357,
          48
        ],
        [
          345,
          39
        ],
        [
          318,
          12
        ],
        [
          299,
          0
        ]
      ]
    },
    {
      "elevation": 325,
      "elevation_bbox_pixels": [
        366.18753159258307,
        245.9929530649061,
        47.625088596664796,
        25.122391052434892
      ],
      "contour_line_pixels": [
        [
          512,
          335
        ],
        [
          480,
          308
        ],
        [
          475,
          301
        ],
        [
          436,
          266
        ],
        [
          412,
          241
        ],
        [
          397,
          207
        ],
        [
          377,
          174
        ],
        [
          357,
          157
        ],
        [
          318,
          117
        ],
        [
          310,
          106
        ],
        [
          279,
          89
        ],
        [
          239,
          61
        ],
        [
          222,
          39
        ],
        [
          200,
          16
        ],
        [
          187,
          0
        ]
      ]
    },
    {
      "elevation": 300,
      "elevation_bbox_pixels": [
        250.11689828954943,
        229.0382519621931,
        27.56108774171534,
        15.044662787286939
      ],
      "contour_line_pixels": [
        [
          512,
          441
        ],
        [
          475,
          409
        ],
        [
          436,
          391
        ],
        [
          397,
          376
        ],
        [
          397,
          376
        ],
        [
          357,
          331
        ],
        [
          335,
          308
        ],
        [
          318,
          293
        ],
        [
          279,
          251
        ],
        [
          269,
          241
        ],
        [
          239,
          190
        ],
        [
          223,
          174
        ],
        [
          200,
          157
        ],
        [
          161,
          117
        ],
        [
          153,
          106
        ],
        [
          121,
          39
        ],
        [
          121,
          39
        ],
        [
          86,
          0
        ]
      ]
    },
    {
      "elevation": 275,
      "elevation_bbox_pixels": [
        203.9076169782997,
        319.4557220961115,
        55.53576086177884,
        26.882630300306005
      ],
      "contour_line_pixels": [
        [
          438,
          512
        ],
        [
          436,
          511
        ],
        [
          436,
          511
        ],
        [
          397,
          472
        ],
        [
          357,
          443
        ],
        [
          357,
          443
        ],
        [
          318,
          413
        ],
        [
          279,
          384
        ],
        [
          270,
          376
        ],
        [
          239,
          342
        ],
        [
          200,
          317
        ],
        [
          190,
          308
        ],
        [
          161,
          272
        ],
        [
          128,
          241
        ],
        [
          121,
          233
        ],
        [
          86,
          174
        ],
        [
          82,
          165
        ],
        [
          42,
          111
        ],
        [
          37,
          106
        ],
        [
          7,
          39
        ],
        [
          3,
          31
        ],
        [
          0,
          27
        ]
      ]
    },
    {
      "elevation": 250,
      "elevation_bbox_pixels": [
        200.1328557187091,
        434.52155655607066,
        51.27961159267363,
        27.35727112026055
      ],
      "contour_line_pixels": [
        [
          329,
          512
        ],
        [
          328,
          511
        ],
        [
          318,
          504
        ],
        [
          279,
          482
        ],
        [
          239,
          463
        ],
        [
          210,
          443
        ],
        [
          200,
          434
        ],
        [
          161,
          392
        ],
        [
          145,
          376
        ],
        [
          121,
          353
        ],
        [
          82,
          325
        ],
        [
          67,
          308
        ],
        [
          42,
          275
        ],
        [
          12,
          241
        ],
        [
          3,
          224
        ],
        [
          0,
          218
        ]
      ]
    },
    {
      "elevation": 225,
      "elevation_bbox_pixels": [
        73.84447666289543,
        398.7611719708886,
        34.43374428322021,
        16.308535288275067
      ],
      "contour_line_pixels": [
        [
          0,
          358
        ],
        [
          3,
          362
        ],
        [
          18,
          376
        ],
        [
          42,
          406
        ],
        [
          82,
          431
        ],
        [
          99,
          443
        ],
        [
          121,
          470
        ],
        [
          161,
          494
        ],
        [
          183,
          511
        ],
        [
          184,
          512
        ]
      ]
    }
  ]
}