{
  "image": {
    "path": "N63E016_1142.png",
    "size": {
      "height": 512,
      "width": 512
    }
  },
  "labels": [
    {
      "elevation": 400,
      "elevation_bbox_pixels": [
        231.55411353944683,
        10.92381989225288,
        27.4850380280661,
        18.913541055926885
      ],
      "contour_line_pixels": [
        [
          392,
          29
        ],
        [
          352,
          30
        ],
        [
          311,
          30
        ],
        [
          270,
          29
        ],
        [
          250,
          29
        ],
        [
          229,
          26
        ],
        [
          189,
          25
        ],
        [
          148,
          19
        ],
        [
          141,
          19
        ],
        [
          148,
          17
        ],
        [
          189,
          13
        ],
        [
          229,
          15
        ],
        [
          270,
          17
        ],
        [
          311,
          18
        ],
        [
          321,
          19
        ],
        [
          352,
          23
        ],
        [
          392,
          28
        ],
        [
          413,
          29
        ],
        [
          392,
          29
        ]
      ]
    },
    {
      "elevation": 350,
      "elevation_bbox_pixels": [
        254.27603661205993,
        45.998368421876535,
        37.08522136617873,
        20.39787750676328
      ],
      "contour_line_pixels": []
    },
    {
      "elevation": 300,
      "elevation_bbox_pixels": [
        243.01070728411818,
        72.32327664507477,
        34.737305377875856,
        18.343560778695746
      ],
      "contour_line_pixels": [
        [
          512,
          83
        ],
        [
          474,
          85
        ],
        [
          433,
          86
        ],
        [
          392,
          85
        ],
        [
          352,
          84
        ],
        [
          311,
          82
        ],
        [
          270,
          80
        ],
        [
          243,
          78
        ],
        [
          229,
          77
        ],
        [
          189,
          76
        ],
        [
          148,
          74
        ],
        [
          107,
          68
        ],
        [
          107,
          68
        ],
        [
          67,
          65
        ],
        [
          26,
          63
        ],
        [
          0,
          62
        ]
      ]
    },
    {
      "elevation": 300,
      "elevation_bbox_pixels": [
        206.96721118014452,
        126.97874293814783,
        45.984308831605006,
        20.541952161334507
      ],
      "contour_line_pixels": [
        [
          0,
          137
        ],
        [
          12,
          137
        ],
        [
          0,
          138
        ]
      ]
    },
    {
      "elevation": 400,
      "elevation_bbox_pixels": [
        219.34859083614964,
        422.5356114064383,
        52.424566189870006,
        32.96613753073989
      ],
      "contour_line_pixels": []
    },
    {
      "elevation": 350,
      "elevation_bbox_pixels": [
        215.65031975539364,
        356.1395100869608,
        39.70407311770441,
        24.573189741252577
      ],
      "contour_line_pixels": []
    },
    {
      "elevation": 300,
      "elevation_bbox_pixels": [
        235.66437015217696,
        464.6843066637112,
        54.71432840298462,
        27.78708105647266
      ],
      "contour_line_pixels": []
    },
    {
      "elevation": 275,
      "elevation_bbox_pixels": [
        251.83234431206225,
        309.8235271189126,
        32.596188935215395,
        17.007951407181793
      ],
      "contour_line_pixels": [
        [
          0,
          301
        ],
        [
          26,
          301
        ],
        [
          67,
          301
        ],
        [
          107,
          301
        ],
        [
          148,
          302
        ],
        [
          189,
          304
        ],
        [
          216,
          305
        ],
        [
          229,
          307
        ],
        [
          270,
          311
        ],
        [
          311,
          314
        ],
        [
          331,
          315
        ],
        [
          352,
          317
        ],
        [
          392,
          320
        ],
        [
          433,
          319
        ],
        [
          474,
          318
        ],
        [
          512,
          317
        ]
      ]
    }
  ]
}