{
  "image": {
    "path": "N63E016_1302.png",
    "size": {
      "height": 512,
      "width": 512
    }
  },
  "labels": [
    {
      "elevation": 250,
      "elevation_bbox_pixels": [
        218.64547997468094,
        285.90453492913025,
        48.424762533056764,
        29.60936075509335
      ],
      "contour_line_pixels": [
        [
          232,
          368
        ],
        [
          245,
          368
        ],
        [
          258,
          368
        ],
        [
          271,
          337
        ],
        [
          258,
          305
        ],
        [
          245,
          305
        ],
        [
          232,
          305
        ],
        [
          219,
          337
        ],
        [
          232,
          368
        ]
      ]
    },
    {
      "elevation": 300,
      "elevation_bbox_pixels": [
        482.70785015782803,
        311.6347008775368,
        57.25557405683685,
        35.7535469086082
      ],
      "contour_line_pixels": [
        [
          512,
          339
        ],
        [
          511,
          337
        ],
        [
          511,
          337
        ],
        [
          511,
          336
        ],
        [
          512,
          336
        ]
      ]
    },
    {
      "elevation": 300,
      "elevation_bbox_pixels": [
        78.46517189830132,
        439.3616172078781,
        30.174975943880895,
        18.475459377510845
      ],
      "contour_line_pixels": [
        [
          122,
          512
        ],
        [
          112,
          500
        ],
        [
          112,
          499
        ],
        [
          99,
          489
        ],
        [
          94,
          467
        ],
        [
          96,
          434
        ],
        [
          99,
          431
        ],
        [
          112,
          432
        ],
        [
          125,
          434
        ],
        [
          126,
          434
        ],
        [
          139,
          456
        ],
        [
          148,
          467
        ],
        [
          152,
          478
        ],
        [
          165,
          496
        ],
        [
          170,
          499
        ],
        [
          177,
          512
        ]
      ]
    },
    {
      "elevation": 275,
      "elevation_bbox_pixels": [
        421.55315268691913,
        308.8623306738704,
        54.92700212553041,
        28.804163971631283
      ],
      "contour_line_pixels": [
        [
          512,
          448
        ],
        [
          511,
          445
        ],
        [
          507,
          434
        ],
        [
          498,
          418
        ],
        [
          489,
          402
        ],
        [
          484,
          396
        ],
        [
          471,
          369
        ],
        [
          471,
          369
        ],
        [
          458,
          347
        ],
        [
          453,
          337
        ],
        [
          445,
          320
        ],
        [
          438,
          304
        ],
        [
          435,
          271
        ],
        [
          431,
          239
        ],
        [
          431,
          239
        ],
        [
          431,
          239
        ],
        [
          445,
          216
        ],
        [
          453,
          206
        ],
        [
          458,
          202
        ],
        [
          471,
          206
        ],
        [
          471,
          206
        ],
        [
          484,
          210
        ],
        [
          498,
          221
        ],
        [
          511,
          236
        ],
        [
          512,
          237
        ]
      ]
    },
    {
      "elevation": 275,
      "elevation_bbox_pixels": [
        125.00495410419433,
        378.43929004014035,
        38.38361880113575,
        21.595166297693993
      ],
      "contour_line_pixels": [
        [
          48,
          512
        ],
        [
          48,
          499
        ],
        [
          50,
          467
        ],
        [
          50,
          434
        ],
        [
          51,
          402
        ],
        [
          56,
          369
        ],
        [
          59,
          365
        ],
        [
          72,
          356
        ],
        [
          86,
          356
        ],
        [
          99,
          362
        ],
        [
          112,
          369
        ],
        [
          112,
          369
        ],
        [
          125,
          383
        ],
        [
          139,
          395
        ],
        [
          144,
          402
        ],
        [
          152,
          410
        ],
        [
          165,
          428
        ],
        [
          169,
          434
        ],
        [
          179,
          453
        ],
        [
          187,
          467
        ],
        [
          192,
          473
        ],
        [
          205,
          485
        ],
        [
          217,
          499
        ],
        [
          218,
          501
        ],
        [
          228,
          512
        ]
      ]
    },
    {
      "elevation": 225,
      "elevation_bbox_pixels": [
        -8.44431752371873,
        48.05707875998456,
        28.056305055232556,
        17.78704874616585
      ],
      "contour_line_pixels": [
        [
          0,
          187
        ],
        [
          6,
          180
        ],
        [
          11,
          174
        ],
        [
          19,
          149
        ],
        [
          21,
          141
        ],
        [
          19,
          125
        ],
        [
          16,
          109
        ],
        [
          10,
          76
        ],
        [
          6,
          44
        ],
        [
          6,
          43
        ],
        [
          6,
          11
        ],
        [
          6,
          11
        ],
        [
          19,
          0
        ]
      ]
    },
    {
      "elevation": 250,
      "elevation_bbox_pixels": [
        274.1408390647076,
        255.91623593947338,
        48.8366265116872,
        28.102938314220864
      ],
      "contour_line_pixels": []
    }
  ]
}