{
  "image": {
    "path": "N63E016_0358.png",
    "size": {
      "height": 512,
      "width": 512
    }
  },
  "labels": [
    {
      "elevation": 400,
      "elevation_bbox_pixels": [
        262.8391391492947,
        111.68031427842396,
        42.454469071811104,
        26.147024169642123
      ],
      "contour_line_pixels": []
    },
    {
      "elevation": 450,
      "elevation_bbox_pixels": [
        249.76163700706473,
        453.94124376777086,
        50.754073783747685,
        30.50460706039348
      ],
      "contour_line_pixels": [
        [
          0,
          480
        ],
        [
          20,
          476
        ],
        [
          81,
          475
        ],
        [
          143,
          479
        ],
        [
          204,
          480
        ],
        [
          265,
          476
        ],
        [
          327,
          472
        ],
        [
          388,
          467
        ],
        [
          388,
          467
        ],
        [
          450,
          467
        ],
        [
          450,
          467
        ],
        [
          511,
          474
        ],
        [
          512,
          474
        ]
      ]
    },
    {
      "elevation": 425,
      "elevation_bbox_pixels": [
        205.2163794815953,
        208.13718440747925,
        51.19622476178813,
        26.140333702487624
      ],
      "contour_line_pixels": []
    }
  ]
}