{
  "image": {
    "path": "N63E016_1134.png",
    "size": {
      "height": 512,
      "width": 512
    }
  },
  "labels": [
    {
      "elevation": 350,
      "elevation_bbox_pixels": [
        69.47301150408053,
        83.63282000857441,
        59.0414895887218,
        36.54134409079256
      ],
      "contour_line_pixels": [
        [
          0,
          36
        ],
        [
          10,
          41
        ],
        [
          54,
          66
        ],
        [
          74,
          99
        ],
        [
          74,
          186
        ],
        [
          54,
          218
        ],
        [
          10,
          244
        ],
        [
          0,
          259
        ]
      ]
    },
    {
      "elevation": 325,
      "elevation_bbox_pixels": [
        97.4323629517145,
        460.37116040257234,
        50.50746393850271,
        30.463575557517586
      ],
      "contour_line_pixels": [
        [
          85,
          0
        ],
        [
          98,
          12
        ],
        [
          98,
          12
        ],
        [
          142,
          73
        ],
        [
          167,
          99
        ],
        [
          177,
          186
        ],
        [
          142,
          247
        ],
        [
          128,
          273
        ],
        [
          98,
          320
        ],
        [
          54,
          354
        ],
        [
          49,
          359
        ],
        [
          22,
          446
        ],
        [
          54,
          470
        ],
        [
          98,
          475
        ],
        [
          142,
          481
        ],
        [
          186,
          484
        ],
        [
          231,
          490
        ],
        [
          275,
          503
        ],
        [
          291,
          512
        ]
      ]
    },
    {
      "elevation": 300,
      "elevation_bbox_pixels": [
        219.4945244059295,
        258.9728683987073,
        51.07122523335693,
        26.139990348480808
      ],
      "contour_line_pixels": [
        [
          185,
          0
        ],
        [
          186,
          1
        ],
        [
          198,
          12
        ],
        [
          231,
          53
        ],
        [
          255,
          99
        ],
        [
          254,
          186
        ],
        [
          243,
          273
        ],
        [
          231,
          299
        ],
        [
          191,
          359
        ],
        [
          231,
          395
        ],
        [
          275,
          425
        ],
        [
          313,
          446
        ],
        [
          319,
          449
        ],
        [
          363,
          464
        ],
        [
          407,
          482
        ],
        [
          451,
          511
        ],
        [
          452,
          512
        ]
      ]
    },
    {
      "elevation": 275,
      "elevation_bbox_pixels": [
        318.2446209478328,
        363.70731572652664,
        59.53927389282808,
        30.791775225951085
      ],
      "contour_line_pixels": [
        [
          270,
          0
        ],
        [
          275,
          7
        ],
        [
          279,
          12
        ],
        [
          319,
          99
        ],
        [
          319,
          99
        ],
        [
          323,
          186
        ],
        [
          319,
          215
        ],
        [
          314,
          273
        ],
        [
          319,
          358
        ],
        [
          319,
          359
        ],
        [
          363,
          379
        ],
        [
          407,
          398
        ],
        [
          451,
          417
        ],
        [
          496,
          433
        ],
        [
          512,
          442
        ]
      ]
    },
    {
      "elevation": 250,
      "elevation_bbox_pixels": [
        381.69908023748883,
        179.18135004246864,
        47.43069982910788,
        27.64178303557867
      ],
      "contour_line_pixels": [
        [
          379,
          0
        ],
        [
          385,
          12
        ],
        [
          407,
          52
        ],
        [
          429,
          99
        ],
        [
          429,
          186
        ],
        [
          423,
          273
        ],
        [
          451,
          323
        ],
        [
          496,
          344
        ],
        [
          512,
          358
        ]
      ]
    }
  ]
}