{
  "image": {
    "path": "N63E016_1132.png",
    "size": {
      "height": 512,
      "width": 512
    }
  },
  "labels": [
    {
      "elevation": 300,
      "elevation_bbox_pixels": [
        336.59356687998763,
        -7.779083873868672,
        41.787051398057656,
        26.071456439377187
      ],
      "contour_line_pixels": [
        [
          512,
          5
        ],
        [
          494,
          5
        ],
        [
          445,
          5
        ],
        [
          444,
          5
        ],
        [
          418,
          0
        ]
      ]
    },
    {
      "elevation": 425,
      "elevation_bbox_pixels": [
        117.53322157909773,
        405.2444116570638,
        63.20963299239696,
        38.26048087428791
      ],
      "contour_line_pixels": [
        [
          0,
          382
        ],
        [
          3,
          384
        ],
        [
          23,
          400
        ],
        [
          52,
          434
        ],
        [
          72,
          456
        ],
        [
          101,
          482
        ],
        [
          139,
          512
        ]
      ]
    },
    {
      "elevation": 400,
      "elevation_bbox_pixels": [
        177.85906413637625,
        380.31973239991487,
        30.381676974053278,
        17.15005277790783
      ],
      "contour_line_pixels": [
        [
          0,
          295
        ],
        [
          3,
          296
        ],
        [
          52,
          329
        ],
        [
          77,
          343
        ],
        [
          101,
          361
        ],
        [
          143,
          400
        ],
        [
          150,
          408
        ],
        [
          195,
          456
        ],
        [
          199,
          460
        ],
        [
          249,
          487
        ],
        [
          298,
          503
        ],
        [
          345,
          512
        ]
      ]
    },
    {
      "elevation": 375,
      "elevation_bbox_pixels": [
        161.88891352971896,
        281.543440630673,
        44.569147422390586,
        20.434543138342917
      ],
      "contour_line_pixels": [
        [
          0,
          238
        ],
        [
          3,
          239
        ],
        [
          52,
          264
        ],
        [
          101,
          283
        ],
        [
          109,
          287
        ],
        [
          150,
          328
        ],
        [
          165,
          343
        ],
        [
          199,
          368
        ],
        [
          231,
          400
        ],
        [
          249,
          419
        ],
        [
          286,
          456
        ],
        [
          298,
          463
        ],
        [
          347,
          476
        ],
        [
          396,
          489
        ],
        [
          445,
          511
        ],
        [
          447,
          512
        ]
      ]
    },
    {
      "elevation": 350,
      "elevation_bbox_pixels": [
        257.15568293257326,
        390.9947665225176,
        49.34777940590982,
        27.138914176556938
      ],
      "contour_line_pixels": [
        [
          0,
          189
        ],
        [
          3,
          190
        ],
        [
          52,
          207
        ],
        [
          85,
          231
        ],
        [
          101,
          239
        ],
        [
          150,
          257
        ],
        [
          189,
          287
        ],
        [
          199,
          298
        ],
        [
          241,
          343
        ],
        [
          249,
          351
        ],
        [
          298,
          400
        ],
        [
          298,
          400
        ],
        [
          347,
          425
        ],
        [
          396,
          451
        ],
        [
          416,
          456
        ],
        [
          445,
          462
        ],
        [
          494,
          494
        ],
        [
          512,
          512
        ]
      ]
    },
    {
      "elevation": 300,
      "elevation_bbox_pixels": [
        206.0718747226542,
        139.85821049924851,
        24.921440708819375,
        17.09314163804231
      ],
      "contour_line_pixels": [
        [
          0,
          69
        ],
        [
          3,
          70
        ],
        [
          52,
          92
        ],
        [
          101,
          110
        ],
        [
          138,
          118
        ],
        [
          150,
          121
        ],
        [
          199,
          164
        ],
        [
          209,
          174
        ],
        [
          249,
          206
        ],
        [
          266,
          231
        ],
        [
          298,
          269
        ],
        [
          320,
          287
        ],
        [
          347,
          307
        ],
        [
          396,
          331
        ],
        [
          445,
          343
        ],
        [
          445,
          343
        ],
        [
          494,
          363
        ],
        [
          512,
          373
        ]
      ]
    },
    {
      "elevation": 275,
      "elevation_bbox_pixels": [
        304.6248780247065,
        229.7754187026713,
        31.261180837008396,
        18.887914776485445
      ],
      "contour_line_pixels": [
        [
          512,
          94
        ],
        [
          494,
          90
        ],
        [
          445,
          86
        ],
        [
          396,
          87
        ],
        [
          347,
          107
        ],
        [
          335,
          118
        ],
        [
          337,
          174
        ],
        [
          347,
          190
        ],
        [
          371,
          231
        ],
        [
          396,
          248
        ],
        [
          445,
          271
        ],
        [
          476,
          287
        ],
        [
          494,
          295
        ],
        [
          512,
          304
        ]
      ]
    }
  ]
}