{
  "image": {
    "path": "N63E016_0162.png",
    "size": {
      "height": 512,
      "width": 512
    }
  },
  "labels": [
    {
      "elevation": 200,
      "elevation_bbox_pixels": [
        235.51647858161408,
        -6.882424322908264,
        58.3591417530007,
        34.85171059429928
      ],
      "contour_line_pixels": [
        [
          512,
          13
        ],
        [
          510,
          13
        ],
        [
          468,
          13
        ],
        [
          426,
          12
        ],
        [
          383,
          12
        ],
        [
          341,
          11
        ],
        [
          299,
          11
        ],
        [
          257,
          11
        ],
        [
          215,
          11
        ],
        [
          173,
          11
        ],
        [
          172,
          11
        ],
        [
          131,
          6
        ],
        [
          90,
          11
        ],
        [
          89,
          11
        ],
        [
          47,
          11
        ],
        [
          46,
          11
        ],
        [
          5,
          6
        ],
        [
          0,
          5
        ]
      ]
    },
    {
      "elevation": 300,
      "elevation_bbox_pixels": [
        260.7838421287242,
        491.38284123025534,
        30.174975943880895,
        18.47545937751085
      ],
      "contour_line_pixels": [
        [
          287,
          512
        ],
        [
          284,
          507
        ],
        [
          299,
          503
        ],
        [
          341,
          500
        ],
        [
          383,
          501
        ],
        [
          426,
          503
        ],
        [
          468,
          504
        ],
        [
          510,
          504
        ],
        [
          512,
          505
        ]
      ]
    },
    {
      "elevation": 150,
      "elevation_bbox_pixels": [
        199.8267056011555,
        62.74176275966511,
        38.13425332976834,
        21.577365688443024
      ],
      "contour_line_pixels": []
    },
    {
      "elevation": 175,
      "elevation_bbox_pixels": [
        273.5622125274767,
        360.79777660110346,
        28.179884552064436,
        17.80583991331349
      ],
      "contour_line_pixels": [
        [
          0,
          374
        ],
        [
          5,
          374
        ],
        [
          47,
          374
        ],
        [
          89,
          372
        ],
        [
          131,
          374
        ],
        [
          173,
          374
        ],
        [
          215,
          375
        ],
        [
          257,
          374
        ],
        [
          299,
          374
        ],
        [
          341,
          371
        ],
        [
          383,
          370
        ],
        [
          426,
          370
        ],
        [
          468,
          369
        ],
        [
          510,
          371
        ],
        [
          512,
          371
        ]
      ]
    },
    {
      "elevation": 200,
      "elevation_bbox_pixels": [
        270.5545289803805,
        398.6765131017794,
        48.8366265116872,
        28.102938314220864
      ],
      "contour_line_pixels": [
        [
          0,
          422
        ],
        [
          5,
          421
        ],
        [
          47,
          419
        ],
        [
          89,
          415
        ],
        [
          131,
          412
        ],
        [
          131,
          412
        ],
        [
          173,
          412
        ],
        [
          215,
          412
        ],
        [
          257,
          412
        ],
        [
          299,
          412
        ],
        [
          300,
          412
        ],
        [
          341,
          413
        ],
        [
          383,
          413
        ],
        [
          426,
          413
        ],
        [
          468,
          413
        ],
        [
          510,
          413
        ],
        [
          512,
          413
        ]
      ]
    },
    {
      "elevation": 250,
      "elevation_bbox_pixels": [
        233.23314518145017,
        444.4484059814449,
        45.302536746173445,
        26.99928213020946
      ],
      "contour_line_pixels": [
        [
          37,
          512
        ],
        [
          42,
          507
        ],
        [
          47,
          504
        ],
        [
          89,
          483
        ],
        [
          89,
          483
        ],
        [
          131,
          473
        ],
        [
          173,
          469
        ],
        [
          215,
          462
        ],
        [
          236,
          459
        ],
        [
          257,
          458
        ],
        [
          299,
          454
        ],
        [
          341,
          449
        ],
        [
          383,
          448
        ],
        [
          426,
          448
        ],
        [
          468,
          449
        ],
        [
          510,
          450
        ],
        [
          512,
          450
        ]
      ]
    }
  ]
}