{
  "image": {
    "path": "N63E016_1689.png",
    "size": {
      "height": 512,
      "width": 512
    }
  },
  "labels": [
    {
      "elevation": 450,
      "elevation_bbox_pixels": [
        142.0878934225702,
        420.980628392262,
        33.83850624122539,
        16.06173154046087
      ],
      "contour_line_pixels": [
        [
          0,
          385
        ],
        [
          1,
          385
        ],
        [
          29,
          386
        ],
        [
          58,
          397
        ],
        [
          87,
          412
        ],
        [
          87,
          412
        ],
        [
          116,
          449
        ],
        [
          119,
          453
        ],
        [
          145,
          479
        ],
        [
          155,
          494
        ],
        [
          170,
          512
        ]
      ]
    },
    {
      "elevation": 425,
      "elevation_bbox_pixels": [
        341.3694660179336,
        421.9414003601239,
        56.7091779748406,
        32.858478309970906
      ],
      "contour_line_pixels": [
        [
          497,
          512
        ],
        [
          491,
          507
        ],
        [
          478,
          494
        ],
        [
          462,
          473
        ],
        [
          447,
          453
        ],
        [
          433,
          429
        ],
        [
          422,
          412
        ],
        [
          404,
          371
        ],
        [
          404,
          371
        ],
        [
          404,
          330
        ],
        [
          404,
          329
        ],
        [
          433,
          289
        ],
        [
          433,
          289
        ],
        [
          462,
          271
        ],
        [
          491,
          268
        ],
        [
          512,
          268
        ]
      ]
    },
    {
      "elevation": 425,
      "elevation_bbox_pixels": [
        261.45083371829077,
        42.42214785051095,
        46.501811773985196,
        27.43421521781886
      ],
      "contour_line_pixels": [
        [
          512,
          9
        ],
        [
          491,
          9
        ],
        [
          462,
          9
        ],
        [
          433,
          14
        ],
        [
          404,
          23
        ],
        [
          375,
          30
        ],
        [
          346,
          37
        ],
        [
          327,
          43
        ],
        [
          318,
          50
        ],
        [
          289,
          61
        ],
        [
          260,
          76
        ],
        [
          250,
          84
        ],
        [
          231,
          102
        ],
        [
          207,
          125
        ],
        [
          202,
          130
        ],
        [
          173,
          153
        ],
        [
          145,
          166
        ],
        [
          145,
          166
        ],
        [
          116,
          176
        ],
        [
          87,
          176
        ],
        [
          58,
          172
        ],
        [
          44,
          166
        ],
        [
          29,
          163
        ],
        [
          1,
          148
        ],
        [
          0,
          147
        ]
      ]
    }
  ]
}