{
  "image": {
    "path": "N63E016_1046.png",
    "size": {
      "height": 512,
      "width": 512
    }
  },
  "labels": [
    {
      "elevation": 325,
      "elevation_bbox_pixels": [
        120.99687441148464,
        222.1903722643831,
        58.23638408204039,
        34.82814039658251
      ],
      "contour_line_pixels": []
    },
    {
      "elevation": 300,
      "elevation_bbox_pixels": [
        280.0428409205569,
        263.76301298558417,
        30.174975943880895,
        18.475459377510845
      ],
      "contour_line_pixels": [
        [
          367,
          289
        ],
        [
          366,
          289
        ],
        [
          359,
          281
        ],
        [
          352,
          281
        ],
        [
          352,
          281
        ],
        [
          344,
          273
        ],
        [
          337,
          273
        ],
        [
          337,
          273
        ],
        [
          337,
          265
        ],
        [
          337,
          265
        ],
        [
          344,
          264
        ],
        [
          352,
          264
        ],
        [
          359,
          263
        ],
        [
          367,
          264
        ],
        [
          370,
          265
        ],
        [
          374,
          269
        ],
        [
          381,
          273
        ],
        [
          382,
          273
        ],
        [
          389,
          281
        ],
        [
          389,
          281
        ],
        [
          389,
          289
        ],
        [
          389,
          289
        ],
        [
          381,
          289
        ],
        [
          374,
          289
        ],
        [
          367,
          289
        ]
      ]
    },
    {
      "elevation": 300,
      "elevation_bbox_pixels": [
        322.27191067081515,
        346.3169755965579,
        54.802177631431505,
        28.797542365106608
      ],
      "contour_line_pixels": [
        [
          512,
          409
        ],
        [
          508,
          408
        ],
        [
          506,
          407
        ],
        [
          500,
          405
        ],
        [
          493,
          401
        ],
        [
          487,
          399
        ],
        [
          485,
          398
        ],
        [
          478,
          393
        ],
        [
          472,
          391
        ],
        [
          471,
          391
        ],
        [
          463,
          384
        ],
        [
          462,
          384
        ],
        [
          458,
          376
        ],
        [
          456,
          372
        ],
        [
          455,
          368
        ],
        [
          454,
          360
        ],
        [
          448,
          353
        ],
        [
          441,
          352
        ],
        [
          441,
          352
        ],
        [
          441,
          344
        ],
        [
          433,
          336
        ],
        [
          433,
          336
        ],
        [
          433,
          336
        ],
        [
          441,
          328
        ],
        [
          441,
          328
        ],
        [
          448,
          328
        ],
        [
          456,
          328
        ],
        [
          463,
          328
        ],
        [
          471,
          328
        ],
        [
          478,
          328
        ],
        [
          478,
          328
        ],
        [
          485,
          334
        ],
        [
          488,
          336
        ],
        [
          493,
          341
        ],
        [
          494,
          344
        ],
        [
          497,
          352
        ],
        [
          500,
          354
        ],
        [
          508,
          357
        ],
        [
          512,
          359
        ]
      ]
    },
    {
      "elevation": 225,
      "elevation_bbox_pixels": [
        313.3702913296137,
        427.04482911034984,
        38.38361880113575,
        21.595166297693986
      ],
      "contour_line_pixels": [
        [
          404,
          441
        ],
        [
          397,
          439
        ],
        [
          404,
          431
        ],
        [
          411,
          438
        ],
        [
          419,
          438
        ],
        [
          421,
          439
        ],
        [
          419,
          441
        ],
        [
          411,
          441
        ],
        [
          404,
          441
        ]
      ]
    },
    {
      "elevation": 250,
      "elevation_bbox_pixels": [
        296.5297927925918,
        503.0850759784062,
        28.056305055232542,
        17.7870487461659
      ],
      "contour_line_pixels": []
    },
    {
      "elevation": 275,
      "elevation_bbox_pixels": [
        250.12998883185637,
        208.23664159221994,
        48.83662651168723,
        28.102938314220864
      ],
      "contour_line_pixels": []
    },
    {
      "elevation": 225,
      "elevation_bbox_pixels": [
        198.90661612586754,
        480.7623856425406,
        54.81905836367406,
        28.561633903229705
      ],
      "contour_line_pixels": []
    }
  ]
}