{
  "image": {
    "path": "N63E016_0524.png",
    "size": {
      "height": 512,
      "width": 512
    }
  },
  "labels": [
    {
      "elevation": 425,
      "elevation_bbox_pixels": [
        201.77968698394938,
        -2.16669187568732,
        58.3591417530007,
        34.85171059429928
      ],
      "contour_line_pixels": []
    },
    {
      "elevation": 425,
      "elevation_bbox_pixels": [
        207.45609141709338,
        51.69198139064548,
        57.25557405683685,
        35.7535469086082
      ],
      "contour_line_pixels": [
        [
          155,
          67
        ],
        [
          152,
          66
        ],
        [
          139,
          54
        ],
        [
          137,
          53
        ],
        [
          139,
          50
        ],
        [
          155,
          47
        ],
        [
          171,
          47
        ],
        [
          184,
          53
        ],
        [
          188,
          55
        ],
        [
          204,
          64
        ],
        [
          207,
          66
        ],
        [
          204,
          68
        ],
        [
          188,
          73
        ],
        [
          171,
          73
        ],
        [
          155,
          67
        ]
      ]
    },
    {
      "elevation": 400,
      "elevation_bbox_pixels": [
        266.42585963006366,
        322.42820989809223,
        30.051694175142302,
        18.45480494707374
      ],
      "contour_line_pixels": [
        [
          350,
          358
        ],
        [
          346,
          358
        ],
        [
          334,
          356
        ],
        [
          318,
          353
        ],
        [
          302,
          346
        ],
        [
          300,
          345
        ],
        [
          302,
          339
        ],
        [
          317,
          332
        ],
        [
          318,
          332
        ],
        [
          334,
          331
        ],
        [
          350,
          327
        ],
        [
          367,
          323
        ],
        [
          383,
          323
        ],
        [
          399,
          328
        ],
        [
          416,
          331
        ],
        [
          426,
          332
        ],
        [
          432,
          334
        ],
        [
          448,
          344
        ],
        [
          450,
          345
        ],
        [
          453,
          358
        ],
        [
          448,
          367
        ],
        [
          432,
          369
        ],
        [
          416,
          369
        ],
        [
          399,
          369
        ],
        [
          383,
          367
        ],
        [
          367,
          365
        ],
        [
          350,
          358
        ]
      ]
    },
    {
      "elevation": 425,
      "elevation_bbox_pixels": [
        233.78460284864116,
        412.6541863448478,
        54.92700212553041,
        28.804163971631255
      ],
      "contour_line_pixels": [
        [
          220,
          443
        ],
        [
          212,
          434
        ],
        [
          220,
          428
        ],
        [
          237,
          424
        ],
        [
          252,
          421
        ],
        [
          253,
          421
        ],
        [
          253,
          421
        ],
        [
          269,
          426
        ],
        [
          285,
          434
        ],
        [
          285,
          434
        ],
        [
          289,
          447
        ],
        [
          285,
          453
        ],
        [
          277,
          460
        ],
        [
          269,
          466
        ],
        [
          253,
          466
        ],
        [
          237,
          460
        ],
        [
          236,
          460
        ],
        [
          226,
          447
        ],
        [
          220,
          443
        ]
      ]
    },
    {
      "elevation": 375,
      "elevation_bbox_pixels": [
        220.3587824651408,
        156.3246646989225,
        48.961123873755355,
        28.114136833679936
      ],