{
  "image": {
    "path": "N63E016_0542.png",
    "size": {
      "height": 512,
      "width": 512
    }
  },
  "labels": [
    {
      "elevation": 425,
      "elevation_bbox_pixels": [
        381.45270388896273,
        -8.576314423020449,
        58.3591417530007,
        34.85171059429928
      ],
      "contour_line_pixels": []
    },
    {
      "elevation": 425,
      "elevation_bbox_pixels": [
        313.8364776026783,
        40.40702108544366,
        57.25557405683685,
        35.7535469086082
      ],
      "contour_line_pixels": [
        [
          321,
          48
        ],
        [
          314,
          40
        ],
        [
          321,
          28
        ],
        [
          332,
          27
        ],
        [
          342,
          28
        ],
        [
          347,
          40
        ],
        [
          342,
          56
        ],
        [
          332,
          52
        ],
        [
          321,
          48
        ]
      ]
    },
    {
      "elevation": 425,
      "elevation_bbox_pixels": [
        50.64890118933043,
        73.65494413228816,
        30.298257712619517,
        18.49611380794795
      ],
      "contour_line_pixels": [
        [
          38,
          148
        ],
        [
          30,
          135
        ],
        [
          28,
          111
        ],
        [
          28,
          111
        ],
        [
          28,
          111
        ],
        [
          38,
          97
        ],
        [
          49,
          89
        ],
        [
          52,
          87
        ],
        [
          59,
          82
        ],
        [
          70,
          80
        ],
        [
          80,
          80
        ],
        [
          91,
          82
        ],
        [
          96,
          87
        ],
        [
          101,
          92
        ],
        [
          112,
          99
        ],
        [
          118,
          111
        ],
        [
          122,
          120
        ],
        [
          129,
          135
        ],
        [
          129,
          158
        ],
        [
          122,
          171
        ],
        [
          112,
          180
        ],
        [
          106,
          182
        ],
        [
          101,
          185
        ],
        [
          91,
          189
        ],
        [
          80,
          189
        ],
        [
          70,
          182
        ],
        [
          70,
          182
        ],
        [
          59,
          174
        ],
        [
          49,
          158
        ],
        [
          49,
          158
        ],
        [
          38,
          148
        ]
      ]
    },
    {
      "elevation": 425,
      "elevation_bbox_pixels": [
        307.9471758672472,
        191.9390821861129,
        54.92700212553041,
        28.804163971631283
      ],
      "contour_line_pixels": [
        [
          321,
          233
        ],
        [
          317,
          229
        ],
        [
          318,
          205
        ],
        [
          321,
          202
        ],
        [
          332,
          202
        ],
        [
          335,
          205
        ],
        [
          342,
          212
        ],
        [
          353,
          229
        ],
        [
          353,
          229
        ],
        [
          353,
          229
        ],
        [
          342,
          244
        ],
        [
          332,
          242
        ],
        [
          321,
          233
        ]
      ]
    },
    {
      "elevation": 400,
      "elevation_bbox_pixels": [
        -3.806434796626462,
        191.78908986694933,
        38.13425332976835,
        21.577365688443024
      ],
      "contour_line_pixels": []
    },
    {
      "elevation": 400,
      "elevation_bbox_pixels": [
        303.26055716070425,
        276.40252879271975,
        28.056305055232542,
        17.787048746165908
      ],
      "contour_line_pixels": [
        [
          311,
          346
        ],
        [
          321,
          346
        ],
        [
          332,
          346
        ],
        [
          342,
          346
        ],
        [
          353,
          346
        ],
        [
          363,
          323
        ],
        [
          353,
          300
        ],
        [
          352,
          300
        ],
        [
          342,
          297
        ],
        [
          332,
          292
        ],
        [
          321,
          277
        ],
        [
          311,
          300
        ],
        [
          311,
          300
        ],
        [
          301,
          323
        ],
        [
          311,
          346
        ]
      ]
    },
    {
      "elevation": 425,
      "elevation_bbox_pixels": [
        303.4971189002758,
        433.1169193342882,
        48.961123873755355,
        28.114136833679908
      ],
      "contour_line_pixels": [
        [
          318,
          512
        ],
        [
          311,
          504
        ],
        [
          300,
          499
        ],
        [
          290,
          497
        ],
        [
          279,
          493
        ],
        [
          272,
          489
        ],
        [
          271,
          465
        ],
        [
          279,
          456
        ],
        [
          290,
          441
        ],
        [
          290,
          441
        ],
        [
          300,
          428
        ],
        [
          311,
          428
        ],
        [
          321,
          438
        ],
        [
          323,
          441
        ],
        [
          332,
          457
        ],
        [
          335,
          465
        ],
        [
          336,
          489
        ],
        [
          337,
          512
        ]
      ]
    },
    {
      "elevation": 400,
      "elevation_bbox_pixels": [
        478.067468136404,
        171.3393752406472,
        54.81905836367406,
        28.561633903229676
      ],
      "contour_line_pixels": []
    },
    {
      "elevation": 400,
      "elevation_bbox_pixels": [
        101.6268257315943,
        274.0232037784102,
        45.54882513179268,
        27.042201020095774
      ],
      "contour_line_pixels": []
    }
  ]
}