{
  "image": {
    "path": "N63E016_1349.png",
    "size": {
      "height": 512,
      "width": 512
    }
  },
  "labels": [
    {
      "elevation": 200,
      "elevation_bbox_pixels": [
        221.5846949374547,
        287.9841529702029,
        34.80730049789193,
        21.7049526445183
      ],
      "contour_line_pixels": [
        [
          0,
          219
        ],
        [
          19,
          219
        ],
        [
          66,
          219
        ],
        [
          67,
          220
        ],
        [
          66,
          220
        ],
        [
          21,
          236
        ],
        [
          20,
          253
        ],
        [
          66,
          269
        ],
        [
          67,
          269
        ],
        [
          112,
          286
        ],
        [
          113,
          286
        ],
        [
          158,
          302
        ],
        [
          204,
          286
        ],
        [
          158,
          270
        ],
        [
          157,
          269
        ],
        [
          157,
          253
        ],
        [
          157,
          236
        ],
        [
          158,
          236
        ],
        [
          205,
          236
        ],
        [
          250,
          220
        ],
        [
          205,
          204
        ],
        [
          158,
          204
        ],
        [
          112,
          204
        ],
        [
          111,
          203
        ],
        [
          111,
          187
        ],
        [
          66,
          181
        ],
        [
          21,
          187
        ],
        [
          19,
          187
        ],
        [
          0,
          187
        ]
      ]
    },
    {
      "elevation": 200,
      "elevation_bbox_pixels": [
        222.95235737798555,
        118.86011233972926,
        41.11263881097443,
        22.867874497071284
      ],
      "contour_line_pixels": []
    },
    {
      "elevation": 225,
      "elevation_bbox_pixels": [
        240.70176273598514,
        493.2310886126674,
        26.094659575502078,
        14.2091263100111
      ],
      "contour_line_pixels": [
        [
          0,
          480
        ],
        [
          19,
          481
        ],
        [
          66,
          481
        ],
        [
          112,
          485
        ],
        [
          113,
          485
        ],
        [
          158,
          490
        ],
        [
          205,
          496
        ],
        [
          251,
          501
        ],
        [
          252,
          502
        ],
        [
          297,
          507
        ],
        [
          330,
          512
        ]
      ]
    }
  ]
}