{
  "image": {
    "path": "N63E016_0710.png",
    "size": {
      "height": 512,
      "width": 512
    }
  },
  "labels": [
    {
      "elevation": 300,
      "elevation_bbox_pixels": [
        329.29958972640964,
        122.96317585482018,
        39.33997282006453,
        22.93676345760491
      ],
      "contour_line_pixels": [
        [
          105,
          0
        ],
        [
          135,
          30
        ],
        [
          136,
          31
        ],
        [
          187,
          49
        ],
        [
          239,
          84
        ],
        [
          240,
          85
        ],
        [
          292,
          112
        ],
        [
          326,
          139
        ],
        [
          344,
          149
        ],
        [
          396,
          165
        ],
        [
          448,
          191
        ],
        [
          461,
          139
        ],
        [
          448,
          121
        ],
        [
          414,
          85
        ],
        [
          396,
          32
        ],
        [
          395,
          31
        ],
        [
          344,
          22
        ],
        [
          318,
          0
        ]
      ]
    }
  ]
}