{
  "image": {
    "path": "N63E016_1398.png",
    "size": {
      "height": 512,
      "width": 512
    }
  },
  "labels": [
    {
      "elevation": 250,
      "elevation_bbox_pixels": [
        328.9075847093315,
        61.207525760557246,
        35.879525909350036,
        18.619439927548683
      ],
      "contour_line_pixels": [
        [
          512,
          158
        ],
        [
          486,
          142
        ],
        [
          480,
          138
        ],
        [
          455,
          102
        ],
        [
          455,
          102
        ],
        [
          434,
          67
        ],
        [
          424,
          43
        ],
        [
          418,
          31
        ],
        [
          418,
          0
        ]
      ]
    },
    {
      "elevation": 225,
      "elevation_bbox_pixels": [
        229.24283224654835,
        34.05937411747789,
        49.84341540567607,
        30.096442825721397
      ],
      "contour_line_pixels": [
        [
          512,
          236
        ],
        [
          486,
          231
        ],
        [
          455,
          209
        ],
        [
          455,
          208
        ],
        [
          424,
          198
        ],
        [
          393,
          178
        ],
        [
          386,
          173
        ],
        [
          362,
          159
        ],
        [
          335,
          138
        ],
        [
          330,
          131
        ],
        [
          310,
          102
        ],
        [
          299,
          90
        ],
        [
          278,
          67
        ],
        [
          268,
          57
        ],
        [
          237,
          42
        ],
        [
          221,
          31
        ],
        [
          206,
          20
        ],
        [
          175,
          8
        ],
        [
          154,
          0
        ]
      ]
    }
  ]
}