{
  "image": {
    "path": "N63E016_0157.png",
    "size": {
      "height": 512,
      "width": 512
    }
  },
  "labels": [
    {
      "elevation": 300,
      "elevation_bbox_pixels": [
        144.28683808464655,
        485.96884311763955,
        40.63526766488599,
        22.927809104688208
      ],
      "contour_line_pixels": []
    },
    {
      "elevation": 175,
      "elevation_bbox_pixels": [
        196.68478091226686,
        74.76980786077553,
        47.62508859666474,
        25.122391052434864
      ],
      "contour_line_pixels": [
        [
          91,
          0
        ],
        [
          95,
          5
        ],
        [
          96,
          5
        ],
        [
          130,
          30
        ],
        [
          148,
          46
        ],
        [
          165,
          66
        ],
        [
          188,
          87
        ],
        [
          200,
          97
        ],
        [
          235,
          119
        ],
        [
          252,
          127
        ],
        [
          270,
          148
        ],
        [
          287,
          168
        ],
        [
          304,
          178
        ],
        [
          339,
          209
        ],
        [
          340,
          209
        ],
        [
          374,
          225
        ],
        [
          409,
          241
        ],
        [
          420,
          250
        ],
        [
          444,
          263
        ],
        [
          479,
          282
        ],
        [
          490,
          290
        ],
        [
          512,
          309
        ]
      ]
    },
    {
      "elevation": 200,
      "elevation_bbox_pixels": [
        251.15504318913983,
        269.1400466581405,
        27.56108774171534,
        15.044662787286882
      ],
      "contour_line_pixels": [
        [
          0,
          41
        ],
        [
          5,
          46
        ],
        [
          26,
          68
        ],
        [
          45,
          87
        ],
        [
          61,
          96
        ],
        [
          95,
          117
        ],
        [
          107,
          127
        ],
        [
          130,
          153
        ],
        [
          146,
          168
        ],
        [
          165,
          182
        ],
        [
          193,
          209
        ],
        [
          200,
          216
        ],
        [
          235,
          249
        ],
        [
          235,
          250
        ],
        [
          270,
          274
        ],
        [
          289,
          290
        ],
        [
          304,
          304
        ],
        [
          339,
          331
        ],
        [
          340,
          331
        ],
        [
          374,
          343
        ],
        [
          401,
          372
        ],
        [
          409,
          377
        ],
        [
          444,
          405
        ],
        [
          461,
          412
        ],
        [
          479,
          417
        ],
        [
          512,
          449
        ]
      ]
    },
    {
      "elevation": 225,
      "elevation_bbox_pixels": [
        204.17170711102466,
        302.19927104256664,
        55.53576086177884,
        26.882630300306005
      ],
      "contour_line_pixels": [
        [
          0,
          104
        ],
        [
          26,
          125
        ],
        [
          29,
          127
        ],
        [
          61,
          156
        ],
        [
          72,
          168
        ],
        [
          95,
          187
        ],
        [
          127,
          209
        ],
        [
          130,
          213
        ],
        [
          165,
          249
        ],
        [
          165,
          250
        ],
        [
          184,
          290
        ],
        [
          200,
          308
        ],
        [
          231,
          331
        ],
        [
          235,
          335
        ],
        [
          270,
          368
        ],
        [
          275,
          372
        ],
        [
          304,
          385
        ],
        [
          339,
          405
        ],
        [
          349,
          412
        ],
        [
          374,
          422
        ],
        [
          409,
          435
        ],
        [
          433,
          453
        ],
        [
          444,
          460
        ],
        [
          479,
          473
        ],
        [
          503,
          494
        ],
        [
          512,
          500
        ]
      ]
    },
    {
      "elevation": 275,
      "elevation_bbox_pixels": [
        128.23313897817636,
        362.95690825178303,
        34.558649357086836,
        16.313405865486402
      ],
      "contour_line_pixels": [
        [
          0,
          260
        ],
        [
          26,
          270
        ],
        [
          61,
          284
        ],
        [
          69,
          290
        ],
        [
          74,
          331
        ],
        [
          61,
          345
        ],
        [
          47,
          372
        ],
        [
          41,
          412
        ],
        [
          57,
          453
        ],
        [
          61,
          455
        ],
        [
          95,
          461
        ],
        [
          130,
          461
        ],
        [
          165,
          461
        ],
        [
          200,
          461
        ],
        [
          235,
          462
        ],
        [
          270,
          467
        ],
        [
          304,
          472
        ],
        [
          339,
          479
        ],
        [
          374,
          487
        ],
        [
          393,
          494
        ],
        [
          409,
          500
        ],
        [
          431,
          512
        ]
      ]
    }
  ]
}