{
  "image": {
    "path": "N63E016_1007.png",
    "size": {
      "height": 512,
      "width": 512
    }
  },
  "labels": [
    {
      "elevation": 375,
      "elevation_bbox_pixels": [
        130.0488685206217,
        2.5656291511471636,
        44.37232340109807,
        25.61993092957823
      ],
      "contour_line_pixels": [
        [
          74,
          0
        ],
        [
          42,
          31
        ],
        [
          32,
          39
        ],
        [
          0,
          59
        ]
      ]
    },
    {
      "elevation": 325,
      "elevation_bbox_pixels": [
        317.7215078490169,
        94.32430607696102,
        56.10400039209753,
        31.787387887741602
      ],
      "contour_line_pixels": [
        [
          379,
          0
        ],
        [
          360,
          20
        ],
        [
          350,
          31
        ],
        [
          313,
          72
        ],
        [
          299,
          87
        ],
        [
          313,
          96
        ],
        [
          360,
          103
        ],
        [
          407,
          109
        ],
        [
          454,
          112
        ],
        [
          500,
          111
        ],
        [
          512,
          112
        ]
      ]
    },
    {
      "elevation": 350,
      "elevation_bbox_pixels": [
        371.0783724256243,
        295.9693647443748,
        38.361905563173536,
        24.27078520181351
      ],
      "contour_line_pixels": []
    },
    {
      "elevation": 300,
      "elevation_bbox_pixels": [
        368.14535512544666,
        12.073710396799811,
        33.189174721320455,
        20.67580258118437
      ],
      "contour_line_pixels": [
        [
          512,
          6
        ],
        [
          500,
          23
        ],
        [
          489,
          31
        ],
        [
          500,
          36
        ],
        [
          512,
          40
        ]
      ]
    }
  ]
}