{
  "image": {
    "path": "N63E016_1447.png",
    "size": {
      "height": 512,
      "width": 512
    }
  },
  "labels": [
    {
      "elevation": 400,
      "elevation_bbox_pixels": [
        111.62106063402206,
        391.5256427987546,
        49.28684431066142,
        26.690146108144546
      ],
      "contour_line_pixels": [
        [
          58,
          451
        ],
        [
          51,
          449
        ],
        [
          41,
          427
        ],
        [
          41,
          427
        ],
        [
          41,
          405
        ],
        [
          41,
          405
        ],
        [
          58,
          405
        ],
        [
          75,
          405
        ],
        [
          76,
          405
        ],
        [
          92,
          409
        ],
        [
          109,
          427
        ],
        [
          109,
          427
        ],
        [
          114,
          449
        ],
        [
          109,
          450
        ],
        [
          92,
          452
        ],
        [
          75,
          452
        ],
        [
          58,
          451
        ]
      ]
    },
    {
      "elevation": 375,
      "elevation_bbox_pixels": [
        162.68846670726288,
        459.24228099688963,
        49.44858927863936,
        26.616697584240114
      ],
      "contour_line_pixels": [
        [
          0,
          312
        ],
        [
          7,
          311
        ],
        [
          24,
          312
        ],
        [
          41,
          313
        ],
        [
          58,
          315
        ],
        [
          61,
          317
        ],
        [
          75,
          334
        ],
        [
          80,
          339
        ],
        [
          75,
          361
        ],
        [
          92,
          377
        ],
        [
          97,
          383
        ],
        [
          109,
          392
        ],
        [
          126,
          401
        ],
        [
          133,
          405
        ],
        [
          143,
          418
        ],
        [
          150,
          427
        ],
        [
          153,
          449
        ],
        [
          143,
          467
        ],
        [
          138,
          471
        ],
        [
          126,
          481
        ],
        [
          109,
          487
        ],
        [
          92,
          485
        ],
        [
          75,
          479
        ],
        [
          58,
          474
        ],
        [
          48,
          471
        ],
        [
          41,
          469
        ],
        [
          24,
          463
        ],
        [
          7,
          456
        ],
        [
          0,
          453
        ]
      ]
    },
    {
      "elevation": 350,
      "elevation_bbox_pixels": [
        165.100391688477,
        345.1581750976375,
        34.169915514975344,
        23.248453587575455
      ],
      "contour_line_pixels": []
    },
    {
      "elevation": 325,
      "elevation_bbox_pixels": [
        177.76385309144837,
        288.7838496607632,
        42.91348259309575,
        22.019586161263874
      ],
      "contour_line_pixels": []
    },
    {
      "elevation": 300,
      "elevation_bbox_pixels": [
        204.05073935282073,
        138.93219785107033,
        58.810088776640924,
        35.935427350574855
      ],
      "contour_line_pixels": [
        [
          0,
          129
        ],
        [
          7,
          132
        ],
        [
          24,
          137
        ],
        [
          41,
          142
        ],
        [
          58,
          142
        ],
        [
          75,
          142
        ],
        [
          92,
          142
        ],
        [
          109,
          142
        ],
        [
          126,
          142
        ],
        [
          127,
          142
        ],
        [
          143,
          164
        ],
        [
          160,
          164
        ],
        [
          177,
          164
        ],
        [
          194,
          164
        ],
        [
          211,
          164
        ],
        [
          228,
          142
        ],
        [
          228,
          142
        ],
        [
          245,
          142
        ],
        [
          245,
          142
        ],
        [
          262,
          164
        ],
        [
          262,
          164
        ],
        [
          262,
          165
        ],
        [
          245,
          165
        ],
        [
          228,
          165
        ],
        [
          211,
          165
        ],
        [
          194,
          165
        ],
        [
          177,
          165
        ],
        [
          161,
          186
        ],
        [
          160,
          208
        ],
        [
          160,
          230
        ],
        [
          173,
          252
        ],
        [
          177,
          255
        ],
        [
          194,
          274
        ],
        [
          194,
          274
        ],
        [
          211,
          295
        ],
        [
          211,
          296
        ],
        [
          228,
          317
        ],
        [
          228,
          317
        ],
        [
          234,
          339
        ],
        [
          245,
          361
        ],
        [
          245,
          361
        ],
        [
          246,
          383
        ],
        [
          262,
          404
        ],
        [
          262,
          405
        ],
        [
          262,
          427
        ],
        [
          279,
          448
        ],
        [
          279,
          449
        ],
        [
          279,
          471
        ],
        [
          279,
          471
        ],
        [
          277,
          492
        ],
        [
          279,
          512
        ]
      ]
    },
    {
      "elevation": 300,
      "elevation_bbox_pixels": [
        355.7089924070188,
        450.6296105497319,
        44.75664028827657,
        23.81716027841192
      ],
      "contour_line_pixels": [
        [
          438,
          512
        ],
        [
          438,
          492
        ],
        [
          449,
          471
        ],
        [
          449,
          470
        ],
        [
          466,
          463
        ],
        [
          483,
          460
        ],
        [
          500,
          463
        ],
        [
          512,
          468
        ]
      ]
    },
    {
      "elevation": 275,
      "elevation_bbox_pixels": [
        258.2115931172569,
        65.24332748374292,
        37.81711793100601,
        23.5266058245237
      ],