{
  "image": {
    "path": "N63E016_0415.png",
    "size": {
      "height": 512,
      "width": 512
    }
  },
  "labels": [
    {
      "elevation": 450,
      "elevation_bbox_pixels": [
        405.838980354615,
        9.580557880942877,
        47.84275211135025,
        24.710838641000578
      ],
      "contour_line_pixels": [
        [
          512,
          24
        ],
        [
          502,
          21
        ],
        [
          493,
          18
        ],
        [
          493,
          0
        ]
      ]
    },
    {
      "elevation": 425,
      "elevation_bbox_pixels": [
        398.0116455096022,
        49.69664789733258,
        36.96962571778022,
        18.972445566267425
      ],
      "contour_line_pixels": [
        [
          512,
          60
        ],
        [
          502,
          59
        ],
        [
          480,
          59
        ],
        [
          458,
          58
        ],
        [
          435,
          52
        ],
        [
          435,
          52
        ],
        [
          415,
          18
        ],
        [
          413,
          6
        ],
        [
          411,
          0
        ]
      ]
    },
    {
      "elevation": 400,
      "elevation_bbox_pixels": [
        350.4156586677682,
        56.544424063551105,
        25.694518395297564,
        15.951403443651543
      ],
      "contour_line_pixels": [
        [
          512,
          81
        ],
        [
          502,
          80
        ],
        [
          480,
          80
        ],
        [
          458,
          79
        ],
        [
          435,
          74
        ],
        [
          413,
          66
        ],
        [
          391,
          55
        ],
        [
          388,
          52
        ],
        [
          368,
          24
        ],
        [
          361,
          18
        ],
        [
          346,
          0
        ],
        [
          346,
          0
        ]
      ]
    },
    {
      "elevation": 350,
      "elevation_bbox_pixels": [
        328.99041085048134,
        116.60083954151668,
        51.154906233460224,
        27.34869362741813
      ],
      "contour_line_pixels": [
        [
          512,
          138
        ],
        [
          502,
          135
        ],
        [
          480,
          133
        ],
        [
          458,
          132
        ],
        [
          435,
          131
        ],
        [
          413,
          131
        ],
        [
          391,
          130
        ],
        [
          368,
          125
        ],
        [
          346,
          126
        ],
        [
          323,
          127
        ],
        [
          301,
          129
        ],
        [
          279,
          122
        ],
        [
          279,
          122
        ],
        [
          256,
          87
        ],
        [
          256,
          87
        ],
        [
          234,
          66
        ],
        [
          219,
          52
        ],
        [
          212,
          47
        ],
        [
          189,
          25
        ],
        [
          184,
          18
        ],
        [
          175,
          0
        ]
      ]
    }
  ]
}