{
  "image": {
    "path": "N63E016_0374.png",
    "size": {
      "height": 512,
      "width": 512
    }
  },
  "labels": [
    {
      "elevation": 325,
      "elevation_bbox_pixels": [
        415.8955986639225,
        14.482674613629172,
        30.316645966370857,
        18.00905118736125
      ],
      "contour_line_pixels": [
        [
          512,
          58
        ],
        [
          503,
          58
        ],
        [
          493,
          56
        ],
        [
          484,
          52
        ],
        [
          480,
          50
        ],
        [
          475,
          46
        ],
        [
          466,
          34
        ],
        [
          475,
          23
        ],
        [
          484,
          17
        ],
        [
          484,
          17
        ],
        [
          493,
          12
        ],
        [
          503,
          7
        ],
        [
          512,
          6
        ]
      ]
    },
    {
      "elevation": 300,
      "elevation_bbox_pixels": [
        111.21096705203081,
        118.34328680733842,
        39.82676598312992,
        24.003434691733332
      ],
      "contour_line_pixels": [
        [
          83,
          150
        ],
        [
          83,
          150
        ],
        [
          83,
          150
        ],
        [
          92,
          133
        ],
        [
          92,
          133
        ],
        [
          102,
          130
        ],
        [
          105,
          133
        ],
        [
          108,
          150
        ],
        [
          102,
          155
        ],
        [
          92,
          158
        ],
        [
          83,
          150
        ]
      ]
    },
    {
      "elevation": 300,
      "elevation_bbox_pixels": [
        95.5625774422164,
        175.12134719234632,
        26.744023073854976,
        14.949811968212543
      ],
      "contour_line_pixels": [
        [
          65,
          216
        ],
        [
          64,
          216
        ],
        [
          55,
          203
        ],
        [
          51,
          200
        ],
        [
          55,
          191
        ],
        [
          64,
          183
        ],
        [
          65,
          183
        ],
        [
          74,
          183
        ],
        [
          74,
          183
        ],
        [
          74,
          200
        ],
        [
          74,
          200
        ],
        [
          65,
          216
        ],
        [
          65,
          216
        ]
      ]
    },
    {
      "elevation": 300,
      "elevation_bbox_pixels": [
        203.61642138644302,
        368.254401616726,
        56.94186639217534,
        28.951732127048217
      ],
      "contour_line_pixels": [
        [
          204,
          382
        ],
        [
          204,
          382
        ],
        [
          195,
          366
        ],
        [
          195,
          365
        ],
        [
          195,
          365
        ],
        [
          204,
          362
        ],
        [
          211,
          365
        ],
        [
          214,
          371
        ],
        [
          223,
          381
        ],
        [
          228,
          382
        ],
        [
          223,
          384
        ],
        [
          214,
          385
        ],
        [
          204,
          382
        ]
      ]
    },
    {
      "elevation": 300,
      "elevation_bbox_pixels": [
        417.7505407797838,
        59.6101739658381,
        52.166065622244105,
        30.724804409711965
      ],
      "contour_line_pixels": [
        [
          512,
          78
        ],
        [
          503,
          76
        ],
        [
          493,
          76
        ],
        [
          484,
          74
        ],
        [
          475,
          70
        ],
        [
          470,
          67
        ],
        [
          465,
          64
        ],
        [
          456,
          57
        ],
        [
          451,
          50
        ],
        [
          451,
          34
        ],
        [
          455,
          17
        ],
        [
          456,
          14
        ],
        [
          465,
          2
        ],
        [
          467,
          0
        ],
        [
          467,
          0
        ]
      ]
    },
    {
      "elevation": 250,
      "elevation_bbox_pixels": [
        113.81623479426514,
        66.51876350339205,
        30.108743908651604,
        18.345572885858246
      ],
      "contour_line_pixels": []
    },
    {
      "elevation": 225,
      "elevation_bbox_pixels": [
        268.06495745265823,
        95.06228217104751,
        48.09785466545799,
        26.744833328401228
      ],
      "contour_line_pixels": []
    }
  ]
}