{
  "image": {
    "path": "N63E016_0896.png",
    "size": {
      "height": 512,
      "width": 512
    }
  },
  "labels": [
    {
      "elevation": 300,
      "elevation_bbox_pixels": [
        267.8559457740996,
        69.95042343107491,
        43.3187889464748,
        20.31691806399317
      ],
      "contour_line_pixels": []
    },
    {
      "elevation": 275,
      "elevation_bbox_pixels": [
        222.3327292284288,
        378.63580891949385,
        28.548454860039044,
        15.092269763009995
      ],
      "contour_line_pixels": [
        [
          178,
          512
        ],
        [
          179,
          507
        ],
        [
          182,
          498
        ],
        [
          185,
          472
        ],
        [
          188,
          462
        ],
        [
          196,
          447
        ],
        [
          196,
          447
        ],
        [
          204,
          432
        ],
        [
          213,
          428
        ],
        [
          221,
          427
        ],
        [
          229,
          428
        ],
        [
          238,
          432
        ],
        [
          246,
          442
        ],
        [
          248,
          447
        ],
        [
          254,
          472
        ],
        [
          254,
          472
        ],
        [
          258,
          498
        ],
        [
          258,
          512
        ]
      ]
    },
    {
      "elevation": 275,
      "elevation_bbox_pixels": [
        220.369469877402,
        185.3967643206651,
        50.37855897841567,
        30.71077599447392
      ],
      "contour_line_pixels": [
        [
          309,
          0
        ],
        [
          311,
          17
        ],
        [
          312,
          26
        ],
        [
          315,
          43
        ],
        [
          321,
          57
        ],
        [
          325,
          68
        ],
        [
          329,
          79
        ],
        [
          334,
          93
        ],
        [
          337,
          104
        ],
        [
          342,
          118
        ],
        [
          337,
          139
        ],
        [
          335,
          144
        ],
        [
          329,
          156
        ],
        [
          321,
          160
        ],
        [
          313,
          169
        ],
        [
          312,
          169
        ],
        [
          304,
          169
        ],
        [
          296,
          169
        ],
        [
          287,
          177
        ],
        [
          279,
          182
        ],
        [
          271,
          182
        ],
        [
          262,
          182
        ],
        [
          254,
          182
        ],
        [
          246,
          182
        ],
        [
          238,
          182
        ],
        [
          229,
          182
        ],
        [
          221,
          182
        ],
        [
          213,
          194
        ],
        [
          213,
          195
        ],
        [
          204,
          195
        ],
        [
          196,
          195
        ],
        [
          188,
          195
        ],
        [
          179,
          195
        ],
        [
          171,
          195
        ],
        [
          163,
          219
        ],
        [
          163,
          220
        ],
        [
          154,
          220
        ],
        [
          146,
          220
        ],
        [
          138,
          245
        ],
        [
          138,
          245
        ],
        [
          129,
          245
        ],
        [
          121,
          245
        ],
        [
          113,
          257
        ],
        [
          105,
          270
        ],
        [
          104,
          271
        ],
        [
          96,
          271
        ],
        [
          88,
          271
        ],
        [
          79,
          283
        ],
        [
          71,
          295
        ],
        [
          71,
          296
        ],
        [
          63,
          296
        ],
        [
          54,
          296
        ],
        [
          46,
          321
        ],
        [
          54,
          345
        ],
        [
          55,
          346
        ],
        [
          63,
          371
        ],
        [
          71,
          371
        ],
        [
          71,
          371
        ],
        [
          79,
          396
        ],
        [
          80,
          396
        ],
        [
          80,
          422
        ],
        [
          88,
          446
        ],
        [
          88,
          447
        ],
        [
          96,
          472
        ],
        [
          96,
          472
        ],
        [
          104,
          497
        ],
        [
          104,
          498
        ],
        [
          109,
          512
        ]
      ]
    },
    {
      "elevation": 275,
      "elevation_bbox_pixels": [
        487.11760872122494,
        97.27816428624203,
        30.860713353375615,
        19.48666536606629
      ],
      "contour_line_pixels": [
        [
          512,
          135
        ],
        [
          507,
          118
        ],
        [
          504,
          106
        ],
        [
          501,
          93
        ],
        [
          501,
          68
        ],
        [
          504,
          47
        ],
        [
          505,
          43
        ],
        [
          511,
          17
        ],
        [
          512,
          16
        ]
      ]
    }
  ]
}