{
  "image": {
    "path": "N63E016_0640.png",
    "size": {
      "height": 512,
      "width": 512
    }
  },
  "labels": [
    {
      "elevation": 150,
      "elevation_bbox_pixels": [
        431.52669545732095,
        106.95281206701083,
        36.24559145838941,
        19.740230860633005
      ],
      "contour_line_pixels": [
        [
          512,
          106
        ],
        [
          506,
          116
        ],
        [
          512,
          126
        ]
      ]
    },
    {
      "elevation": 150,
      "elevation_bbox_pixels": [
        351.9172977181351,
        121.6928904683291,
        33.445578455594045,
        19.124251820527206
      ],
      "contour_line_pixels": [
        [
          512,
          261
        ],
        [
          506,
          253
        ],
        [
          504,
          251
        ],
        [
          495,
          242
        ],
        [
          483,
          234
        ],
        [
          481,
          232
        ],
        [
          472,
          213
        ],
        [
          472,
          213
        ],
        [
          472,
          193
        ],
        [
          472,
          193
        ],
        [
          483,
          174
        ],
        [
          472,
          155
        ],
        [
          461,
          155
        ],
        [
          450,
          155
        ],
        [
          438,
          155
        ],
        [
          427,
          155
        ],
        [
          416,
          155
        ],
        [
          416,
          155
        ],
        [
          404,
          136
        ],
        [
          404,
          135
        ],
        [
          393,
          116
        ],
        [
          382,
          116
        ],
        [
          382,
          116
        ],
        [
          371,
          97
        ],
        [
          370,
          97
        ],
        [
          370,
          77
        ],
        [
          359,
          59
        ],
        [
          348,
          58
        ],
        [
          337,
          58
        ],
        [
          337,
          58
        ],
        [
          337,
          58
        ],
        [
          348,
          39
        ],
        [
          348,
          38
        ],
        [
          359,
          38
        ],
        [
          370,
          19
        ],
        [
          371,
          19
        ],
        [
          382,
          19
        ],
        [
          393,
          19
        ],
        [
          404,
          0
        ],
        [
          404,
          0
        ]
      ]
    },
    {
      "elevation": 125,
      "elevation_bbox_pixels": [
        292.6750969315625,
        129.6563549609935,
        33.39246304434914,
        17.34526480965576
      ],
      "contour_line_pixels": []
    },
    {
      "elevation": 150,
      "elevation_bbox_pixels": [
        135.56740465168753,
        405.2417614461414,
        45.65082602332291,
        21.216489902412945
      ],
      "contour_line_pixels": [
        [
          265,
          512
        ],
        [
          258,
          503
        ],
        [
          258,
          503
        ],
        [
          246,
          496
        ],
        [
          235,
          499
        ],
        [
          224,
          503
        ],
        [
          213,
          503
        ],
        [
          201,
          493
        ],
        [
          190,
          484
        ],
        [
          190,
          483
        ],
        [
          179,
          474
        ],
        [
          173,
          464
        ],
        [
          167,
          445
        ],
        [
          167,
          445
        ],
        [
          156,
          437
        ],
        [
          145,
          426
        ],
        [
          145,
          426
        ],
        [
          133,
          418
        ],
        [
          122,
          411
        ],
        [
          111,
          406
        ],
        [
          111,
          406
        ],
        [
          100,
          404
        ],
        [
          88,
          400
        ],
        [
          77,
          391
        ],
        [
          66,
          387
        ],
        [
          66,
          387
        ],
        [
          55,
          368
        ],
        [
          54,
          367
        ],
        [
          49,
          348
        ],
        [
          43,
          329
        ],
        [
          43,
          329
        ],
        [
          32,
          310
        ],
        [
          32,
          309
        ],
        [
          21,
          297
        ],
        [
          17,
          290
        ],
        [
          9,
          281
        ],
        [
          4,
          271
        ],
        [
          0,
          265
        ]
      ]
    },
    {
      "elevation": 175,
      "elevation_bbox_pixels": [
        54.87170903506859,
        480.240071408817,
        43.06710368336769,
        26.108263812226376
      ],
      "contour_line_pixels": [
        [
          42,
          512
        ],
        [
          32,
          503
        ],
        [
          32,
          503
        ],
        [
          21,
          490
        ],
        [
          9,
          487
        ],
        [
          0,
          484
        ]
      ]
    }
  ]
}