{
  "image": {
    "path": "N63E016_0290.png",
    "size": {
      "height": 512,
      "width": 512
    }
  },
  "labels": [
    {
      "elevation": 375,
      "elevation_bbox_pixels": [
        231.83912928510003,
        42.90385167330453,
        35.47302816069194,
        20.830132497810837
      ],
      "contour_line_pixels": [
        [
          512,
          100
        ],
        [
          456,
          90
        ],
        [
          355,
          77
        ],
        [
          321,
          71
        ],
        [
          187,
          53
        ],
        [
          153,
          48
        ],
        [
          52,
          35
        ],
        [
          0,
          30
        ]
      ]
    },
    {
      "elevation": 350,
      "elevation_bbox_pixels": [
        221.83028352161662,
        151.79073351864048,
        57.962183596333006,
        29.64959081988229
      ],
      "contour_line_pixels": [
        [
          512,
          197
        ],
        [
          489,
          195
        ],
        [
          456,
          190
        ],
        [
          321,
          176
        ],
        [
          187,
          165
        ],
        [
          186,
          165
        ],
        [
          52,
          148
        ],
        [
          0,
          145
        ]
      ]
    },
    {
      "elevation": 325,
      "elevation_bbox_pixels": [
        226.6300463779102,
        396.458101748859,
        50.39938700398781,
        29.18575131353458
      ],
      "contour_line_pixels": []
    }
  ]
}