{
  "image": {
    "path": "N63E016_0519.png",
    "size": {
      "height": 512,
      "width": 512
    }
  },
  "labels": [
    {
      "elevation": 400,
      "elevation_bbox_pixels": [
        365.429834327538,
        250.3320229133504,
        30.543777997152006,
        16.956923001277033
      ],
      "contour_line_pixels": [
        [
          364,
          391
        ],
        [
          359,
          388
        ],
        [
          339,
          359
        ],
        [
          332,
          351
        ],
        [
          313,
          315
        ],
        [
          313,
          315
        ],
        [
          288,
          279
        ],
        [
          288,
          279
        ],
        [
          280,
          242
        ],
        [
          263,
          207
        ],
        [
          263,
          206
        ],
        [
          238,
          170
        ],
        [
          238,
          170
        ],
        [
          238,
          134
        ],
        [
          238,
          97
        ],
        [
          238,
          96
        ],
        [
          243,
          61
        ],
        [
          263,
          25
        ],
        [
          263,
          24
        ],
        [
          288,
          16
        ],
        [
          313,
          17
        ],
        [
          339,
          24
        ],
        [
          339,
          25
        ],
        [
          364,
          43
        ],
        [
          389,
          61
        ],
        [
          389,
          61
        ],
        [
          414,
          79
        ],
        [
          439,
          88
        ],
        [
          464,
          97
        ],
        [
          464,
          97
        ],
        [
          464,
          98
        ],
        [
          439,
          134
        ],
        [
          439,
          170
        ],
        [
          451,
          206
        ],
        [
          447,
          242
        ],
        [
          445,
          279
        ],
        [
          445,
          315
        ],
        [
          445,
          351
        ],
        [
          445,
          388
        ],
        [
          439,
          400
        ],
        [
          414,
          415
        ],
        [
          389,
          412
        ],
        [
          364,
          391
        ]
      ]
    },
    {
      "elevation": 375,
      "elevation_bbox_pixels": [
        295.57950315126476,
        435.80179343936834,
        47.625088596664796,
        25.122391052434914
      ],
      "contour_line_pixels": []
    },
    {
      "elevation": 350,
      "elevation_bbox_pixels": [
        194.63167077111126,
        254.3699506971729,
        27.436471449089254,
        15.034876081398721
      ],
      "contour_line_pixels": [
        [
          376,
          512
        ],
        [
          364,
          505
        ],
        [
          354,
          497
        ],
        [
          339,
          485
        ],
        [
          313,
          469
        ],
        [
          305,
          460
        ],
        [
          288,
          438
        ],
        [
          276,
          424
        ],
        [
          263,
          407
        ],
        [
          249,
          388
        ],
        [
          238,
          372
        ],
        [
          224,
          351
        ],
        [
          218,
          315
        ],
        [
          213,
          308
        ],
        [
          193,
          279
        ],
        [
          188,
          270
        ],
        [
          171,
          242
        ],
        [
          163,
          222
        ],
        [
          156,
          206
        ],
        [
          144,
          170
        ],
        [
          138,
          159
        ],
        [
          119,
          134
        ],
        [
          119,
          97
        ],
        [
          113,
          86
        ],
        [
          96,
          61
        ],
        [
          88,
          51
        ],
        [
          70,
          25
        ],
        [
          68,
          0
        ]
      ]
    },
    {
      "elevation": 325,
      "elevation_bbox_pixels": [
        159.9657445086733,
        288.9769739374409,
        55.66074471569459,
        26.88463934494507
      ],
      "contour_line_pixels": [
        [
          305,
          512
        ],
        [
          291,
          497
        ],
        [
          288,
          494
        ],
        [
          263,
          466
        ],
        [
          259,
          460
        ],
        [
          238,
          433
        ],
        [
          230,
          424
        ],
        [
          213,
          402
        ],
        [
          205,
          388
        ],
        [
          188,
          363
        ],
        [
          182,
          351
        ],
        [
          163,
          323
        ],
        [
          158,
          315
        ],
        [
          141,
          279
        ],
        [
          138,
          271
        ],
        [
          127,
          242
        ],
        [
          113,
          222
        ],
        [
          102,
          206
        ],
        [
          88,
          170
        ],
        [
          88,
          170
        ],
        [
          66,
          134
        ],
        [
          63,
          126
        ],
        [
          49,
          97
        ],
        [
          41,
          61
        ],
        [
          38,
          57
        ],
        [
          16,
          25
        ],
        [
          13,
          19
        ],
        [
          5,
          0
        ]
      ]
    },
    {
      "elevation": 300,
      "elevation_bbox_pixels": [
        169.31709884571427,
        393.0730746489339,
        51.27961159267363,
        27.35727112026055
      ],
      "contour_line_pixels": [
        [
          241,
          512
        ],
        [
          238,
          509
        ],
        [
          228,
          497
        ],
        [
          213,
          477
        ],
        [
          197,
          460
        ],
        [
          188,
          450
        ],
        [
          174,
          424
        ],
        [
          163,
          407
        ],
        [
          149,
          388
        ],
        [
          138,
          367
        ],
        [
          127,
          351
        ],
        [
          113,
          333
        ],
        [
          99,
          315
        ],
        [
          88,
          300
        ],
        [
          76,
          279
        ],
        [
          63,
          261
        ],
        [
          51,
          242
        ],
        [
          38,
          223
        ],
        [
          22,
          206
        ],
        [
          13,
          192
        ],
        [
          2,
          170
        ],
        [
          0,
          167
        ]
      ]
    },
    {
      "elevation": 275,
      "elevation_bbox_pixels": [
        154.15500875887003,
        444.0008678065335,
        34.558649357086836,
        16.31340586548643
      ],