{
  "image": {
    "path": "N63E016_1439.png",
    "size": {
      "height": 512,
      "width": 512
    }
  },
  "labels": [
    {
      "elevation": 300,
      "elevation_bbox_pixels": [
        326.48476903899837,
        193.30499072988516,
        44.582520675735395,
        24.638549938593087
      ],
      "contour_line_pixels": [
        [
          426,
          206
        ],
        [
          426,
          205
        ],
        [
          426,
          205
        ],
        [
          439,
          205
        ],
        [
          439,
          205
        ],
        [
          439,
          206
        ],
        [
          426,
          206
        ]
      ]
    },
    {
      "elevation": 300,
      "elevation_bbox_pixels": [
        251.12869615347063,
        76.85331792957237,
        39.80966084099964,
        23.852882383110114
      ],
      "contour_line_pixels": []
    },
    {
      "elevation": 300,
      "elevation_bbox_pixels": [
        181.0900178034731,
        352.31731748773024,
        49.72821321601526,
        26.437156507163195
      ],
      "contour_line_pixels": [
        [
          153,
          380
        ],
        [
          152,
          380
        ],
        [
          140,
          366
        ],
        [
          140,
          366
        ],
        [
          128,
          352
        ],
        [
          115,
          351
        ],
        [
          115,
          351
        ],
        [
          103,
          337
        ],
        [
          103,
          337
        ],
        [
          103,
          337
        ],
        [
          103,
          337
        ],
        [
          115,
          351
        ],
        [
          128,
          351
        ],
        [
          140,
          351
        ],
        [
          140,
          351
        ],
        [
          153,
          365
        ],
        [
          165,
          366
        ],
        [
          165,
          366
        ],
        [
          177,
          380
        ],
        [
          178,
          380
        ],
        [
          177,
          381
        ],
        [
          165,
          380
        ],
        [
          153,
          380
        ]
      ]
    },
    {
      "elevation": 275,
      "elevation_bbox_pixels": [
        288.53643699383133,
        37.62095029848996,
        55.723377460499705,
        27.293997213963507
      ],
      "contour_line_pixels": []
    },
    {
      "elevation": 250,
      "elevation_bbox_pixels": [
        340.49880656257903,
        -2.401344893889359,
        53.894596593486085,
        34.47409315019445
      ],
      "contour_line_pixels": []
    }
  ]
}