{
  "image": {
    "path": "N63E016_0319.png",
    "size": {
      "height": 512,
      "width": 512
    }
  },
  "labels": [
    {
      "elevation": 400,
      "elevation_bbox_pixels": [
        245.56996571409553,
        43.81296254163294,
        32.91191820508959,
        17.352509179531353
      ],
      "contour_line_pixels": []
    },
    {
      "elevation": 375,
      "elevation_bbox_pixels": [
        287.3972028729006,
        348.0883415637464,
        23.816131555307493,
        13.350669753659417
      ],
      "contour_line_pixels": [
        [
          512,
          508
        ],
        [
          492,
          506
        ],
        [
          452,
          500
        ],
        [
          452,
          500
        ],
        [
          412,
          491
        ],
        [
          371,
          481
        ],
        [
          344,
          473
        ],
        [
          331,
          463
        ],
        [
          319,
          447
        ],
        [
          319,
          421
        ],
        [
          331,
          405
        ],
        [
          347,
          394
        ],
        [
          371,
          378
        ],
        [
          387,
          368
        ],
        [
          412,
          348
        ],
        [
          422,
          342
        ],
        [
          412,
          337
        ],
        [
          371,
          323
        ],
        [
          358,
          315
        ],
        [
          331,
          294
        ],
        [
          327,
          289
        ],
        [
          331,
          263
        ],
        [
          331,
          236
        ],
        [
          331,
          236
        ],
        [
          341,
          210
        ],
        [
          331,
          201
        ],
        [
          315,
          184
        ],
        [
          301,
          157
        ],
        [
          311,
          131
        ],
        [
          291,
          124
        ],
        [
          250,
          111
        ],
        [
          230,
          104
        ],
        [
          210,
          101
        ],
        [
          170,
          87
        ],
        [
          129,
          78
        ],
        [
          129,
          78
        ],
        [
          89,
          72
        ],
        [
          49,
          68
        ],
        [
          9,
          71
        ],
        [
          0,
          71
        ]
      ]
    },
    {
      "elevation": 350,
      "elevation_bbox_pixels": [
        196.81795205638082,
        276.33050782491614,
        42.94017535792591,
        20.680823272519376
      ],
      "contour_line_pixels": [
        [
          271,
          512
        ],
        [
          250,
          504
        ],
        [
          240,
          500
        ],
        [
          210,
          473
        ],
        [
          210,
          473
        ],
        [
          178,
          447
        ],
        [
          170,
          421
        ],
        [
          170,
          421
        ],
        [
          170,
          420
        ],
        [
          187,
          394
        ],
        [
          202,
          368
        ],
        [
          190,
          342
        ],
        [
          170,
          324
        ],
        [
          156,
          315
        ],
        [
          129,
          289
        ],
        [
          129,
          289
        ],
        [
          109,
          263
        ],
        [
          89,
          237
        ],
        [
          89,
          236
        ],
        [
          69,
          210
        ],
        [
          49,
          202
        ],
        [
          9,
          190
        ],
        [
          0,
          189
        ]
      ]
    }
  ]
}