{
  "image": {
    "path": "N63E016_0881.png",
    "size": {
      "height": 512,
      "width": 512
    }
  },
  "labels": [
    {
      "elevation": 275,
      "elevation_bbox_pixels": [
        214.65062032110615,
        84.67728217454459,
        42.454469071811104,
        26.147024169642123
      ],
      "contour_line_pixels": [
        [
          512,
          127
        ],
        [
          475,
          123
        ],
        [
          403,
          114
        ],
        [
          367,
          112
        ],
        [
          330,
          106
        ],
        [
          258,
          101
        ],
        [
          186,
          98
        ],
        [
          113,
          98
        ],
        [
          41,
          98
        ],
        [
          0,
          98
        ]
      ]
    },
    {
      "elevation": 325,
      "elevation_bbox_pixels": [
        202.82098538466164,
        367.8543556138451,
        50.507463938502724,
        30.463575557517586
      ],
      "contour_line_pixels": []
    },
    {
      "elevation": 300,
      "elevation_bbox_pixels": [
        212.90706507012737,
        152.22325335204596,
        51.07122523335693,
        26.13999034848075
      ],
      "contour_line_pixels": [
        [
          0,
          171
        ],
        [
          41,
          171
        ],
        [
          113,
          168
        ],
        [
          186,
          165
        ],
        [
          258,
          168
        ],
        [
          330,
          177
        ],
        [
          403,
          186
        ],
        [
          403,
          186
        ],
        [
          475,
          205
        ],
        [
          512,
          214
        ]
      ]
    }
  ]
}