{
  "image": {
    "path": "N63E016_0522.png",
    "size": {
      "height": 512,
      "width": 512
    }
  },
  "labels": [
    {
      "elevation": 400,
      "elevation_bbox_pixels": [
        86.71072532029325,
        102.44370474821869,
        46.677770868596326,
        21.917203928260506
      ],
      "contour_line_pixels": [
        [
          0,
          83
        ],
        [
          1,
          84
        ],
        [
          6,
          87
        ],
        [
          9,
          89
        ],
        [
          18,
          100
        ],
        [
          18,
          100
        ],
        [
          27,
          111
        ],
        [
          33,
          113
        ],
        [
          36,
          115
        ],
        [
          44,
          125
        ],
        [
          44,
          125
        ],
        [
          53,
          138
        ],
        [
          53,
          138
        ],
        [
          60,
          151
        ],
        [
          62,
          163
        ],
        [
          62,
          164
        ],
        [
          62,
          164
        ],
        [
          53,
          168
        ],
        [
          44,
          170
        ],
        [
          36,
          174
        ],
        [
          27,
          174
        ],
        [
          18,
          174
        ],
        [
          9,
          175
        ],
        [
          5,
          176
        ],
        [
          1,
          178
        ],
        [
          0,
          178
        ]
      ]
    },
    {
      "elevation": 375,
      "elevation_bbox_pixels": [
        123.44990801715555,
        420.90734080040903,
        49.448589278639375,
        26.616697584240114
      ],
      "contour_line_pixels": []
    },
    {
      "elevation": 350,
      "elevation_bbox_pixels": [
        167.39616687947284,
        272.958828523047,
        42.91348259309575,
        22.019586161263874
      ],
      "contour_line_pixels": []
    },
    {
      "elevation": 325,
      "elevation_bbox_pixels": [
        298.78674449002955,
        305.68070950085496,
        58.81008877664095,
        35.9354273505748
      ],
      "contour_line_pixels": [
        [
          512,
          413
        ],
        [
          509,
          410
        ],
        [
          504,
          405
        ],
        [
          500,
          401
        ],
        [
          491,
          394
        ],
        [
          489,
          392
        ],
        [
          483,
          388
        ],
        [
          474,
          380
        ],
        [
          474,
          380
        ],
        [
          465,
          373
        ],
        [
          458,
          367
        ],
        [
          456,
          365
        ],
        [
          447,
          354
        ],
        [
          447,
          354
        ],
        [
          439,
          350
        ],
        [
          430,
          348
        ],
        [
          421,
          348
        ],
        [
          412,
          341
        ],
        [
          412,
          341
        ],
        [
          404,
          339
        ],
        [
          395,
          338
        ],
        [
          386,
          335
        ],
        [
          377,
          331
        ],
        [
          374,
          329
        ],
        [
          369,
          325
        ],
        [
          360,
          320
        ],
        [
          351,
          316
        ],
        [
          351,
          316
        ],
        [
          342,
          315
        ],
        [
          334,
          312
        ],
        [
          325,
          310
        ],
        [
          316,
          307
        ],
        [
          307,
          303
        ],
        [
          307,
          303
        ],
        [
          299,
          298
        ],
        [
          290,
          294
        ],
        [
          284,
          291
        ],
        [
          281,
          289
        ],
        [
          272,
          288
        ],
        [
          263,
          287
        ],
        [
          255,
          289
        ],
        [
          250,
          291
        ],
        [
          246,
          295
        ],
        [
          237,
          303
        ],
        [
          237,
          316
        ],
        [
          237,
          329
        ],
        [
          242,
          341
        ],
        [
          243,
          354
        ],
        [
          246,
          367
        ],
        [
          246,
          367
        ],
        [
          248,
          380
        ],
        [
          255,
          389
        ],
        [
          257,
          392
        ],
        [
          263,
          402
        ],
        [
          266,
          405
        ],
        [
          272,
          410
        ],
        [
          281,
          418
        ],
        [
          281,
          418
        ],
        [
          290,
          430
        ],
        [
          290,
          430
        ],
        [
          297,
          443
        ],
        [
          299,
          449
        ],
        [
          300,
          456
        ],
        [
          307,
          468
        ],
        [
          307,
          468
        ],
        [
          316,
          475
        ],
        [
          323,
          481
        ],
        [
          325,
          482
        ],
        [
          334,
          485
        ],
        [
          341,
          494
        ],
        [
          342,
          496
        ],
        [
          350,
          507
        ],
        [
          351,
          511
        ],
        [
          352,
          512
        ]
      ]
    },
    {
      "elevation": 300,
      "elevation_bbox_pixels": [
        332.6996508015164,
        408.3589890815353,
        44.75664028827657,
        23.817160278411933
      ],
      "contour_line_pixels": [
        [
          467,
          512
        ],
        [
          469,
          507
        ],
        [
          469,
          494
        ],
        [
          465,
          481
        ],
        [
          465,
          481
        ],
        [
          465,
          468
        ],
        [
          465,
          456
        ],
        [
          456,
          443
        ],
        [
          456,
          443
        ],
        [
          447,
          431
        ],
        [
          439,
          431
        ],
        [
          438,
          430
        ],
        [
          430,
          426
        ],
        [
          421,
          424
        ],
        [
          412,
          424
        ],
        [
          404,
          418
        ],
        [
          395,
          430
        ],
        [
          395,
          443
        ],
        [
          395,
          443
        ],
        [
          391,
          456
        ],
        [
          386,
          468
        ],
        [
          386,
          469
        ],
        [
          382,
          481
        ],
        [
          386,
          488
        ],
        [
          391,
          494
        ],
        [
          395,
          506
        ],
        [
          395,
          507
        ],
        [
          399,
          512
        ]
      ]
    }
  ]
}