{
  "image": {
    "path": "N63E016_0582.png",
    "size": {
      "height": 512,
      "width": 512
    }
  },
  "labels": [
    {
      "elevation": 300,
      "elevation_bbox_pixels": [
        1.1196582576283305,
        110.95836114347225,
        42.46102086025754,
        24.550081897075074
      ],
      "contour_line_pixels": [
        [
          0,
          53
        ],
        [
          10,
          88
        ],
        [
          16,
          107
        ],
        [
          24,
          125
        ],
        [
          32,
          143
        ],
        [
          37,
          161
        ],
        [
          32,
          197
        ],
        [
          32,
          197
        ],
        [
          16,
          206
        ],
        [
          0,
          209
        ]
      ]
    },
    {
      "elevation": 275,
      "elevation_bbox_pixels": [
        214.24745521032833,
        360.6003666996121,
        56.10400039209753,
        31.787387887741644
      ],
      "contour_line_pixels": [
        [
          185,
          0
        ],
        [
          182,
          16
        ],
        [
          178,
          34
        ],
        [
          174,
          52
        ],
        [
          178,
          87
        ],
        [
          178,
          88
        ],
        [
          178,
          125
        ],
        [
          178,
          126
        ],
        [
          172,
          161
        ],
        [
          178,
          196
        ],
        [
          178,
          197
        ],
        [
          183,
          234
        ],
        [
          194,
          252
        ],
        [
          205,
          270
        ],
        [
          210,
          282
        ],
        [
          221,
          306
        ],
        [
          226,
          324
        ],
        [
          232,
          342
        ],
        [
          242,
          378
        ],
        [
          242,
          379
        ],
        [
          253,
          415
        ],
        [
          259,
          433
        ],
        [
          264,
          451
        ],
        [
          275,
          487
        ],
        [
          275,
          488
        ],
        [
          280,
          512
        ]
      ]
    },
    {
      "elevation": 250,
      "elevation_bbox_pixels": [
        407.75947214984626,
        163.7710741814687,
        38.48543053652975,
        24.289931505826303
      ],
      "contour_line_pixels": [
        [
          512,
          16
        ],
        [
          501,
          16
        ],
        [
          485,
          17
        ],
        [
          469,
          52
        ],
        [
          469,
          53
        ],
        [
          453,
          53
        ],
        [
          437,
          88
        ],
        [
          437,
          125
        ],
        [
          437,
          126
        ],
        [
          421,
          161
        ],
        [
          437,
          196
        ],
        [
          437,
          197
        ],
        [
          437,
          234
        ],
        [
          453,
          252
        ],
        [
          469,
          246
        ],
        [
          485,
          246
        ],
        [
          501,
          243
        ],
        [
          512,
          246
        ]
      ]
    }
  ]
}