{
  "image": {
    "path": "N63E016_0046.png",
    "size": {
      "height": 512,
      "width": 512
    }
  },
  "labels": [
    {
      "elevation": 300,
      "elevation_bbox_pixels": [
        302.09163480126267,
        263.119589917698,
        37.0998046621221,
        22.825124743653305
      ],
      "contour_line_pixels": [
        [
          512,
          349
        ],
        [
          492,
          343
        ],
        [
          446,
          332
        ],
        [
          445,
          331
        ],
        [
          445,
          297
        ],
        [
          445,
          262
        ],
        [
          446,
          262
        ],
        [
          492,
          262
        ],
        [
          512,
          260
        ]
      ]
    },
    {
      "elevation": 325,
      "elevation_bbox_pixels": [
        194.22288770439613,
        444.76879229402897,
        49.95136600438886,
        25.417769255921627
      ],
      "contour_line_pixels": []
    }
  ]
}