{
  "image": {
    "path": "N63E016_1536.png",
    "size": {
      "height": 512,
      "width": 512
    }
  },
  "labels": [
    {
      "elevation": 275,
      "elevation_bbox_pixels": [
        158.36895988346402,
        439.19015388047154,
        42.454469071811104,
        26.14702416964215
      ],
      "contour_line_pixels": [
        [
          0,
          345
        ],
        [
          15,
          348
        ],
        [
          35,
          354
        ],
        [
          61,
          387
        ],
        [
          66,
          395
        ],
        [
          74,
          435
        ],
        [
          61,
          456
        ],
        [
          38,
          476
        ],
        [
          15,
          485
        ],
        [
          0,
          486
        ]
      ]
    },
    {
      "elevation": 250,
      "elevation_bbox_pixels": [
        305.48169407605104,
        46.70933584121036,
        50.63076886112515,
        30.4840913089555
      ],
      "contour_line_pixels": [
        [
          512,
          219
        ],
        [
          483,
          192
        ],
        [
          468,
          172
        ],
        [
          452,
          152
        ],
        [
          422,
          125
        ],
        [
          407,
          111
        ],
        [
          422,
          101
        ],
        [
          442,
          71
        ],
        [
          457,
          30
        ],
        [
          468,
          23
        ],
        [
          511,
          0
        ]
      ]
    },
    {
      "elevation": 250,
      "elevation_bbox_pixels": [
        179.2627504592624,
        320.8803615387901,
        51.07122523335693,
        26.139990348480808
      ],
      "contour_line_pixels": [
        [
          0,
          293
        ],
        [
          15,
          298
        ],
        [
          61,
          308
        ],
        [
          83,
          314
        ],
        [
          106,
          322
        ],
        [
          151,
          348
        ],
        [
          164,
          354
        ],
        [
          196,
          370
        ],
        [
          236,
          395
        ],
        [
          241,
          415
        ],
        [
          248,
          435
        ],
        [
          242,
          476
        ],
        [
          241,
          476
        ],
        [
          231,
          512
        ]
      ]
    }
  ]
}