{
  "image": {
    "path": "N63E016_0333.png",
    "size": {
      "height": 512,
      "width": 512
    }
  },
  "labels": [
    {
      "elevation": 475,
      "elevation_bbox_pixels": [
        208.63617861185483,
        214.99682996966874,
        34.09836765369113,
        18.55590101825078
      ],
      "contour_line_pixels": []
    },
    {
      "elevation": 475,
      "elevation_bbox_pixels": [
        195.4553143899299,
        294.3322897365774,
        46.44880396103389,
        31.486644493697042
      ],
      "contour_line_pixels": [
        [
          371,
          379
        ],
        [
          350,
          384
        ],
        [
          310,
          386
        ],
        [
          269,
          390
        ],
        [
          228,
          388
        ],
        [
          188,
          386
        ],
        [
          147,
          383
        ],
        [
          127,
          379
        ],
        [
          106,
          372
        ],
        [
          86,
          365
        ],
        [
          66,
          358
        ],
        [
          45,
          351
        ],
        [
          38,
          337
        ],
        [
          25,
          329
        ],
        [
          17,
          322
        ],
        [
          18,
          308
        ],
        [
          25,
          307
        ],
        [
          66,
          302
        ],
        [
          106,
          300
        ],
        [
          147,
          301
        ],
        [
          188,
          305
        ],
        [
          228,
          308
        ],
        [
          229,
          308
        ],
        [
          229,
          322
        ],
        [
          269,
          326
        ],
        [
          310,
          332
        ],
        [
          330,
          337
        ],
        [
          350,
          344
        ],
        [
          371,
          351
        ],
        [
          391,
          365
        ],
        [
          391,
          365
        ],
        [
          391,
          365
        ],
        [
          371,
          379
        ]
      ]
    },
    {
      "elevation": 475,
      "elevation_bbox_pixels": [
        263.22671338590266,
        215.73546359319562,
        40.288711511871156,
        23.550202383578835
      ],
      "contour_line_pixels": []
    },
    {
      "elevation": 450,
      "elevation_bbox_pixels": [
        203.37142615345007,
        439.62695864590285,
        62.49356683037607,
        38.14892370947768
      ],
      "contour_line_pixels": [
        [
          197,
          512
        ],
        [
          188,
          507
        ],
        [
          187,
          507
        ],
        [
          147,
          493
        ],
        [
          147,
          493
        ],
        [
          140,
          478
        ],
        [
          147,
          471
        ],
        [
          160,
          464
        ],
        [
          147,
          462
        ],
        [
          106,
          457
        ],
        [
          76,
          450
        ],
        [
          66,
          448
        ],
        [
          25,
          442
        ],
        [
          0,
          437
        ]
      ]
    },
    {
      "elevation": 425,
      "elevation_bbox_pixels": [
        197.56402407913342,
        494.15164772442216,
        39.055126823643405,
        21.477664988531686
      ],
      "contour_line_pixels": [
        [
          22,
          512
        ],
        [
          13,
          507
        ],
        [
          0,
          502
        ]
      ]
    }
  ]
}