{
  "image": {
    "path": "N63E016_0597.png",
    "size": {
      "height": 512,
      "width": 512
    }
  },
  "labels": [
    {
      "elevation": 275,
      "elevation_bbox_pixels": [
        119.35233625298113,
        3.6749886606916107,
        44.37232340109807,
        25.61993092957823
      ],
      "contour_line_pixels": [
        [
          4,
          0
        ],
        [
          5,
          1
        ],
        [
          25,
          20
        ],
        [
          28,
          24
        ],
        [
          29,
          48
        ],
        [
          25,
          56
        ],
        [
          8,
          72
        ],
        [
          3,
          77
        ],
        [
          0,
          78
        ]
      ]
    },
    {
      "elevation": 250,
      "elevation_bbox_pixels": [
        123.62785743638757,
        104.89875435234086,
        56.10400039209752,
        31.787387887741602
      ],
      "contour_line_pixels": [
        [
          76,
          0
        ],
        [
          77,
          1
        ],
        [
          91,
          21
        ],
        [
          96,
          24
        ],
        [
          97,
          48
        ],
        [
          91,
          56
        ],
        [
          83,
          72
        ],
        [
          69,
          96
        ],
        [
          69,
          96
        ],
        [
          47,
          117
        ],
        [
          44,
          120
        ],
        [
          25,
          135
        ],
        [
          12,
          143
        ],
        [
          3,
          149
        ],
        [
          0,
          150
        ]
      ]
    },
    {
      "elevation": 175,
      "elevation_bbox_pixels": [
        316.7268481883366,
        96.23140797954937,
        38.48543053652975,
        24.289931505826303
      ],
      "contour_line_pixels": [
        [
          512,
          240
        ],
        [
          510,
          238
        ],
        [
          509,
          238
        ],
        [
          487,
          227
        ],
        [
          480,
          215
        ],
        [
          465,
          191
        ],
        [
          465,
          191
        ],
        [
          443,
          167
        ],
        [
          443,
          167
        ],
        [
          422,
          143
        ],
        [
          421,
          143
        ],
        [
          400,
          120
        ],
        [
          421,
          108
        ],
        [
          443,
          96
        ],
        [
          444,
          96
        ],
        [
          465,
          84
        ],
        [
          476,
          72
        ],
        [
          487,
          60
        ],
        [
          498,
          48
        ],
        [
          498,
          24
        ],
        [
          487,
          1
        ],
        [
          487,
          1
        ],
        [
          487,
          0
        ]
      ]
    },
    {
      "elevation": 200,
      "elevation_bbox_pixels": [
        227.18549301540062,
        145.7649159941992,
        33.311825493626685,
        20.699922864198243
      ],
      "contour_line_pixels": [
        [
          310,
          0
        ],
        [
          311,
          1
        ],
        [
          311,
          1
        ],
        [
          311,
          24
        ],
        [
          311,
          25
        ],
        [
          289,
          48
        ],
        [
          289,
          49
        ],
        [
          267,
          72
        ],
        [
          267,
          72
        ],
        [
          245,
          96
        ],
        [
          245,
          96
        ],
        [
          228,
          120
        ],
        [
          223,
          131
        ],
        [
          219,
          143
        ],
        [
          223,
          147
        ],
        [
          241,
          167
        ],
        [
          245,
          172
        ],
        [
          260,
          191
        ],
        [
          263,
          215
        ],
        [
          267,
          223
        ],
        [
          282,
          238
        ],
        [
          289,
          262
        ],
        [
          289,
          262
        ],
        [
          300,
          286
        ],
        [
          311,
          298
        ],
        [
          322,
          310
        ],
        [
          322,
          334
        ],
        [
          333,
          345
        ],
        [
          344,
          357
        ],
        [
          355,
          381
        ],
        [
          356,
          381
        ],
        [
          377,
          404
        ],
        [
          378,
          405
        ],
        [
          399,
          428
        ],
        [
          399,
          429
        ],
        [
          400,
          452
        ],
        [
          421,
          476
        ],
        [
          422,
          476
        ],
        [
          421,
          500
        ],
        [
          421,
          512
        ]
      ]
    }
  ]
}