{
  "image": {
    "path": "N63E016_0718.png",
    "size": {
      "height": 512,
      "width": 512
    }
  },
  "labels": [
    {
      "elevation": 275,
      "elevation_bbox_pixels": [
        322.4652137387093,
        60.43669048626623,
        46.57483813962608,
        21.060503184335403
      ],
      "contour_line_pixels": []
    },
    {
      "elevation": 250,
      "elevation_bbox_pixels": [
        301.15036867187865,
        119.66022550700592,
        44.05236591116443,
        23.555510313913487
      ],
      "contour_line_pixels": [
        [
          512,
          175
        ],
        [
          474,
          160
        ],
        [
          396,
          126
        ],
        [
          377,
          118
        ],
        [
          279,
          86
        ],
        [
          182,
          35
        ],
        [
          175,
          30
        ],
        [
          113,
          0
        ]
      ]
    },
    {
      "elevation": 225,
      "elevation_bbox_pixels": [
        292.06055877036465,
        178.8654836749621,
        46.8531766705205,
        27.422850827135107
      ],
      "contour_line_pixels": [
        [
          512,
          241
        ],
        [
          491,
          222
        ],
        [
          474,
          213
        ],
        [
          377,
          189
        ],
        [
          288,
          126
        ],
        [
          279,
          123
        ],
        [
          182,
          98
        ],
        [
          85,
          36
        ],
        [
          76,
          30
        ],
        [
          0,
          5
        ]
      ]
    }
  ]
}