{
  "image": {
    "path": "N63E016_0903.png",
    "size": {
      "height": 512,
      "width": 512
    }
  },
  "labels": [
    {
      "elevation": 275,
      "elevation_bbox_pixels": [
        157.89861587442533,
        82.85288660580505,
        41.6643499621664,
        26.047595223351777
      ],
      "contour_line_pixels": [
        [
          0,
          27
        ],
        [
          3,
          28
        ],
        [
          32,
          42
        ],
        [
          33,
          42
        ],
        [
          52,
          65
        ],
        [
          49,
          89
        ],
        [
          32,
          98
        ],
        [
          9,
          113
        ],
        [
          3,
          116
        ],
        [
          0,
          116
        ]
      ]
    },
    {
      "elevation": 350,
      "elevation_bbox_pixels": [
        169.73020937763732,
        392.25793394174883,
        63.33210462043769,
        38.28549487686735
      ],
      "contour_line_pixels": [
        [
          42,
          512
        ],
        [
          44,
          490
        ],
        [
          32,
          478
        ],
        [
          23,
          466
        ],
        [
          15,
          443
        ],
        [
          32,
          419
        ],
        [
          32,
          419
        ],
        [
          62,
          414
        ],
        [
          92,
          411
        ],
        [
          122,
          411
        ],
        [
          152,
          411
        ],
        [
          181,
          413
        ],
        [
          211,
          413
        ],
        [
          241,
          413
        ],
        [
          271,
          413
        ],
        [
          300,
          412
        ],
        [
          330,
          410
        ],
        [
          360,
          406
        ],
        [
          390,
          401
        ],
        [
          420,
          399
        ],
        [
          449,
          398
        ],
        [
          479,
          398
        ],
        [
          509,
          410
        ],
        [
          512,
          413
        ]
      ]
    },
    {
      "elevation": 325,
      "elevation_bbox_pixels": [
        220.68727381824547,
        370.0523901069463,
        30.630114142021,
        17.17796287593984
      ],
      "contour_line_pixels": [
        [
          0,
          382
        ],
        [
          3,
          382
        ],
        [
          32,
          378
        ],
        [
          62,
          379
        ],
        [
          92,
          379
        ],
        [
          122,
          379
        ],
        [
          152,
          379
        ],
        [
          181,
          379
        ],
        [
          211,
          378
        ],
        [
          241,
          376
        ],
        [
          271,
          374
        ],
        [
          300,
          372
        ],
        [
          300,
          372
        ],
        [
          330,
          371
        ],
        [
          360,
          369
        ],
        [
          390,
          366
        ],
        [
          420,
          360
        ],
        [
          449,
          355
        ],
        [
          479,
          352
        ],
        [
          509,
          350
        ],
        [
          512,
          350
        ]
      ]
    },
    {
      "elevation": 300,
      "elevation_bbox_pixels": [
        216.5823040318186,
        331.51932058088903,
        44.56914742239056,
        20.434543138342917
      ],
      "contour_line_pixels": []
    },
    {
      "elevation": 275,
      "elevation_bbox_pixels": [
        233.27284043426567,
        196.24180177142114,
        49.34777940590982,
        27.13891417655691
      ],
      "contour_line_pixels": [
        [
          0,
          329
        ],
        [
          3,
          328
        ],
        [
          21,
          325
        ],
        [
          32,
          322
        ],
        [
          62,
          321
        ],
        [
          92,
          321
        ],
        [
          122,
          321
        ],
        [
          152,
          321
        ],
        [
          181,
          319
        ],
        [
          211,
          315
        ],
        [
          241,
          310
        ],
        [
          271,
          304
        ],
        [
          286,
          301
        ],
        [
          300,
          295
        ],
        [
          330,
          286
        ],
        [
          345,
          278
        ],
        [
          336,
          254
        ],
        [
          330,
          251
        ],
        [
          300,
          238
        ],
        [
          288,
          231
        ],
        [
          271,
          217
        ],
        [
          258,
          207
        ],
        [
          256,
          183
        ],
        [
          271,
          178
        ],
        [
          300,
          169
        ],
        [
          330,
          162
        ],
        [
          334,
          160
        ],
        [
          360,
          153
        ],
        [
          390,
          151
        ],
        [
          420,
          149
        ],
        [
          449,
          145
        ],
        [
          479,
          142
        ],
        [
          509,
          142
        ],
        [
          512,
          142
        ]
      ]
    },
    {
      "elevation": 225,
      "elevation_bbox_pixels": [
        305.13449684077113,
        1.2685254918805526,
        55.40530208927703,
        33.52382155984208
      ],
      "contour_line_pixels": [
        [
          358,
          0
        ],
        [
          360,
          0
        ],
        [
          390,
          6
        ],
        [
          420,
          12
        ],
        [
          449,
          18
        ],
        [
          479,
          18
        ],
        [
          509,
          18
        ],
        [
          512,
          18
        ]
      ]
    },
    {
      "elevation": 250,
      "elevation_bbox_pixels": [
        227.91054037672208,
        95.61250232634046,
        24.921440708819375,
        17.09314163804231
      ],
      "contour_line_pixels": [
        [
          185,
          0
        ],
        [
          211,
          18
        ],
        [
          211,
          18
        ],
        [
          234,
          42
        ],
        [
          241,
          58
        ],
        [
          245,
          65
        ],
        [
          241,
          70
        ],
        [
          221,
          89
        ],
        [
          211,
          105
        ],
        [
          204,
          113
        ],
        [
          211,
          116
        ],
        [
          241,
          123
        ],
        [
          271,
          125
        ],
        [
          300,
          126
        ],
        [
          330,
          124
        ],
        [
          360,
          122
        ],
        [
          390,
          117
        ],
        [
          420,
          114
        ],
        [
          434,
          113
        ],
        [
          449,
          110
        ],
        [
          479,
          109
        ],
        [
          509,
          106
        ],
        [
          512,
          105
        ]
      ]
    }
  ]
}