{
  "image": {
    "path": "N63E016_0852.png",
    "size": {
      "height": 512,
      "width": 512
    }
  },
  "labels": [
    {
      "elevation": 350,
      "elevation_bbox_pixels": [
        299.47375066545686,
        74.53044517481919,
        50.94888935350093,
        28.124706256124455
      ],
      "contour_line_pixels": [
        [
          512,
          90
        ],
        [
          487,
          90
        ],
        [
          448,
          86
        ],
        [
          427,
          78
        ],
        [
          442,
          50
        ],
        [
          448,
          47
        ],
        [
          487,
          39
        ],
        [
          512,
          38
        ]
      ]
    },
    {
      "elevation": 325,
      "elevation_bbox_pixels": [
        268.5098495947547,
        55.23558067360409,
        25.762954148591803,
        15.88070827876254
      ],
      "contour_line_pixels": [
        [
          512,
          123
        ],
        [
          487,
          125
        ],
        [
          448,
          129
        ],
        [
          409,
          130
        ],
        [
          371,
          120
        ],
        [
          357,
          106
        ],
        [
          356,
          78
        ],
        [
          332,
          61
        ],
        [
          313,
          50
        ],
        [
          297,
          21
        ],
        [
          332,
          7
        ],
        [
          371,
          0
        ],
        [
          409,
          0
        ]
      ]
    },
    {
      "elevation": 300,
      "elevation_bbox_pixels": [
        254.13166573028553,
        148.64941102593076,
        55.57881369403083,
        27.16237917633987
      ],
      "contour_line_pixels": [
        [
          512,
          162
        ],
        [
          487,
          176
        ],
        [
          448,
          181
        ],
        [
          409,
          173
        ],
        [
          371,
          162
        ],
        [
          332,
          162
        ],
        [
          331,
          162
        ],
        [
          293,
          134
        ],
        [
          293,
          134
        ],
        [
          293,
          133
        ],
        [
          296,
          106
        ],
        [
          293,
          78
        ],
        [
          293,
          78
        ],
        [
          255,
          71
        ],
        [
          225,
          50
        ],
        [
          216,
          41
        ],
        [
          184,
          21
        ],
        [
          208,
          0
        ]
      ]
    },
    {
      "elevation": 350,
      "elevation_bbox_pixels": [
        217.7197107834701,
        433.03302467073934,
        40.95816846653693,
        24.890279602824393
      ],
      "contour_line_pixels": [
        [
          0,
          482
        ],
        [
          22,
          471
        ],
        [
          22,
          471
        ],
        [
          61,
          464
        ],
        [
          100,
          462
        ],
        [
          138,
          452
        ],
        [
          177,
          450
        ],
        [
          215,
          443
        ],
        [
          216,
          443
        ],
        [
          255,
          443
        ],
        [
          255,
          443
        ],
        [
          293,
          448
        ],
        [
          332,
          447
        ],
        [
          371,
          449
        ],
        [
          409,
          451
        ],
        [
          448,
          454
        ],
        [
          487,
          456
        ],
        [
          512,
          457
        ]
      ]
    },
    {
      "elevation": 325,
      "elevation_bbox_pixels": [
        192.80532303761723,
        331.9092596435679,
        45.40523204561026,
        25.245096787485807
      ],
      "contour_line_pixels": [
        [
          0,
          352
        ],
        [
          22,
          348
        ],
        [
          61,
          346
        ],
        [
          100,
          345
        ],
        [
          138,
          345
        ],
        [
          177,
          345
        ],
        [
          216,
          346
        ],
        [
          255,
          349
        ],
        [
          293,
          352
        ],
        [
          332,
          358
        ],
        [
          332,
          359
        ],
        [
          371,
          364
        ],
        [
          409,
          374
        ],
        [
          448,
          383
        ],
        [
          467,
          387
        ],
        [
          487,
          389
        ],
        [
          512,
          392
        ]
      ]
    },
    {
      "elevation": 300,
      "elevation_bbox_pixels": [
        229.47069749386242,
        231.33643157456675,
        59.03403040972853,
        28.335953685405713
      ],
      "contour_line_pixels": [
        [
          0,
          240
        ],
        [
          22,
          232
        ],
        [
          61,
          232
        ],
        [
          100,
          232
        ],
        [
          138,
          232
        ],
        [
          177,
          232
        ],
        [
          216,
          246
        ],
        [
          255,
          246
        ],
        [
          293,
          246
        ],
        [
          332,
          246
        ],
        [
          333,
          246
        ],
        [
          371,
          253
        ],
        [
          409,
          267
        ],
        [
          448,
          274
        ],
        [
          449,
          274
        ],
        [
          487,
          284
        ],
        [
          512,
          290
        ]
      ]
    }
  ]
}