{
  "image": {
    "path": "N63E016_0413.png",
    "size": {
      "height": 512,
      "width": 512
    }
  },
  "labels": [
    {
      "elevation": 425,
      "elevation_bbox_pixels": [
        285.1431098573546,
        185.64756791122005,
        41.6643499621664,
        26.047595223351777
      ],
      "contour_line_pixels": [
        [
          512,
          321
        ],
        [
          511,
          320
        ],
        [
          511,
          320
        ],
        [
          493,
          316
        ],
        [
          476,
          311
        ],
        [
          458,
          311
        ],
        [
          458,
          311
        ],
        [
          449,
          302
        ],
        [
          440,
          293
        ],
        [
          440,
          293
        ],
        [
          440,
          292
        ],
        [
          458,
          283
        ],
        [
          458,
          274
        ],
        [
          458,
          265
        ],
        [
          458,
          256
        ],
        [
          458,
          247
        ],
        [
          449,
          237
        ],
        [
          440,
          228
        ],
        [
          440,
          228
        ],
        [
          440,
          219
        ],
        [
          440,
          219
        ],
        [
          458,
          210
        ],
        [
          458,
          209
        ],
        [
          467,
          200
        ],
        [
          475,
          191
        ],
        [
          475,
          182
        ],
        [
          476,
          182
        ],
        [
          493,
          173
        ],
        [
          493,
          173
        ],
        [
          511,
          173
        ],
        [
          512,
          173
        ]
      ]
    },
    {
      "elevation": 400,
      "elevation_bbox_pixels": [
        191.20163717727638,
        260.2985769343422,
        63.33210462043769,
        38.28549487686735
      ],
      "contour_line_pixels": []
    },
    {
      "elevation": 375,
      "elevation_bbox_pixels": [
        255.63580215296216,
        411.59568549039966,
        30.63011414202103,
        17.17796287593984
      ],
      "contour_line_pixels": [
        [
          512,
          481
        ],
        [
          511,
          480
        ],
        [
          499,
          477
        ],
        [
          493,
          474
        ],
        [
          476,
          468
        ],
        [
          476,
          468
        ],
        [
          458,
          461
        ],
        [
          449,
          458
        ],
        [
          440,
          456
        ],
        [
          423,
          454
        ],
        [
          405,
          449
        ],
        [
          405,
          449
        ],
        [
          388,
          445
        ],
        [
          370,
          440
        ],
        [
          370,
          440
        ],
        [
          352,
          435
        ],
        [
          335,
          431
        ],
        [
          334,
          431
        ],
        [
          326,
          421
        ],
        [
          317,
          420
        ],
        [
          299,
          418
        ],
        [
          282,
          414
        ],
        [
          273,
          412
        ],
        [
          264,
          410
        ],
        [
          246,
          408
        ],
        [
          229,
          405
        ],
        [
          211,
          403
        ],
        [
          211,
          403
        ],
        [
          194,
          401
        ],
        [
          176,
          396
        ],
        [
          167,
          394
        ],
        [
          158,
          392
        ],
        [
          141,
          387
        ],
        [
          135,
          385
        ],
        [
          123,
          380
        ],
        [
          105,
          376
        ],
        [
          105,
          375
        ],
        [
          88,
          366
        ],
        [
          88,
          366
        ],
        [
          70,
          361
        ],
        [
          58,
          357
        ],
        [
          52,
          355
        ],
        [
          35,
          350
        ],
        [
          29,
          348
        ],
        [
          17,
          343
        ],
        [
          5,
          339
        ],
        [
          0,
          336
        ]
      ]
    },
    {
      "elevation": 350,
      "elevation_bbox_pixels": [
        245.35753407429493,
        477.0485251359776,
        44.56914742239056,
        20.43454313834293
      ],
      "contour_line_pixels": [
        [
          401,
          512
        ],
        [
          388,
          507
        ],
        [
          370,
          504
        ],
        [
          370,
          504
        ],
        [
          352,
          500
        ],
        [
          335,
          497
        ],
        [
          330,
          495
        ],
        [
          317,
          490
        ],
        [
          299,
          486
        ],
        [
          299,
          486
        ],
        [
          282,
          484
        ],
        [
          264,
          479
        ],
        [
          246,
          477
        ],
        [
          246,
          477
        ],
        [
          229,
          471
        ],
        [
          211,
          468
        ],
        [
          211,
          468
        ],
        [
          194,
          461
        ],
        [
          185,
          458
        ],
        [
          176,
          456
        ],
        [
          158,
          452
        ],
        [
          141,
          449
        ],
        [
          140,
          449
        ],
        [
          123,
          445
        ],
        [
          105,
          442
        ],
        [
          97,
          440
        ],
        [
          88,
          438
        ],
        [
          70,
          434
        ],
        [
          61,
          431
        ],
        [
          52,
          428
        ],
        [
          35,
          422
        ],
        [
          35,
          421
        ],
        [
          17,
          415
        ],
        [
          8,
          412
        ],
        [
          0,
          410
        ]
      ]
    },
    {
      "elevation": 325,
      "elevation_bbox_pixels": [
        185.66367940076685,
        469.4969392937768,
        49.34777940590982,
        27.13891417655694
      ],
      "contour_line_pixels": [
        [
          151,
          512
        ],
        [
          141,
          510
        ],
        [
          123,
          507
        ],
        [
          111,
          504
        ],
        [
          105,
          502
        ],
        [
          88,
          495
        ],
        [
          88,
          495
        ],
        [
          70,
          486
        ],
        [
          70,
          486
        ],
        [
          52,
          480
        ],
        [
          35,
          477
        ],
        [
          35,
          477
        ],
        [
          17,
          474
        ],
        [
          0,
          471
        ]
      ]
    }
  ]
}