{
  "image": {
    "path": "N63E016_0394.png",
    "size": {
      "height": 512,
      "width": 512
    }
  },
  "labels": [
    {
      "elevation": 325,
      "elevation_bbox_pixels": [
        167.88165518621614,
        113.79430145787762,
        39.339972820064474,
        22.93676345760491
      ],
      "contour_line_pixels": [
        [
          0,
          186
        ],
        [
          18,
          182
        ],
        [
          54,
          126
        ],
        [
          0,
          116
        ]
      ]
    }
  ]
}