{
  "image": {
    "path": "N63E016_0833.png",
    "size": {
      "height": 512,
      "width": 512
    }
  },
  "labels": [
    {
      "elevation": 300,
      "elevation_bbox_pixels": [
        445.89039100514213,
        502.3773758141527,
        37.87905087287629,
        19.00807637996633
      ],
      "contour_line_pixels": [
        [
          506,
          512
        ],
        [
          512,
          512
        ]
      ]
    },
    {
      "elevation": 300,
      "elevation_bbox_pixels": [
        257.7221052117832,
        378.283312638667,
        54.56987757113302,
        31.9616081437012
      ],
      "contour_line_pixels": [
        [
          0,
          291
        ],
        [
          20,
          296
        ],
        [
          48,
          296
        ],
        [
          76,
          299
        ],
        [
          103,
          309
        ],
        [
          131,
          309
        ],
        [
          131,
          309
        ],
        [
          159,
          322
        ],
        [
          186,
          347
        ],
        [
          214,
          360
        ],
        [
          242,
          360
        ],
        [
          242,
          360
        ],
        [
          270,
          380
        ],
        [
          297,
          398
        ],
        [
          325,
          411
        ],
        [
          325,
          411
        ],
        [
          353,
          445
        ],
        [
          362,
          462
        ],
        [
          354,
          512
        ]
      ]
    },
    {
      "elevation": 275,
      "elevation_bbox_pixels": [
        339.0405818601,
        175.59032859305552,
        41.340639223372364,
        22.604252340706466
      ],
      "contour_line_pixels": [
        [
          247,
          0
        ],
        [
          251,
          3
        ],
        [
          270,
          37
        ],
        [
          283,
          54
        ],
        [
          297,
          104
        ],
        [
          298,
          105
        ],
        [
          325,
          155
        ],
        [
          325,
          156
        ],
        [
          353,
          173
        ],
        [
          380,
          185
        ],
        [
          401,
          207
        ],
        [
          408,
          215
        ],
        [
          436,
          247
        ],
        [
          447,
          258
        ],
        [
          464,
          283
        ],
        [
          491,
          309
        ],
        [
          492,
          309
        ],
        [
          512,
          320
        ]
      ]
    }
  ]
}