{
  "image": {
    "path": "N63E016_0235.png",
    "size": {
      "height": 512,
      "width": 512
    }
  },
  "labels": [
    {
      "elevation": 400,
      "elevation_bbox_pixels": [
        207.70055359411498,
        113.72249447821883,
        37.11374458783817,
        22.735120867616274
      ],
      "contour_line_pixels": []
    },
    {
      "elevation": 350,
      "elevation_bbox_pixels": [
        263.72022430023617,
        45.371500279846316,
        34.1699155149754,
        23.248453587575455
      ],
      "contour_line_pixels": []
    },
    {
      "elevation": 300,
      "elevation_bbox_pixels": [
        237.44993338046717,
        255.301665169594,
        58.810088776640924,
        35.93542735057483
      ],
      "contour_line_pixels": []
    },
    {
      "elevation": 250,
      "elevation_bbox_pixels": [
        237.77060936933896,
        398.92825437451097,
        37.81711793100601,
        23.526605824523756
      ],
      "contour_line_pixels": [
        [
          409,
          512
        ],
        [
          409,
          510
        ],
        [
          388,
          492
        ],
        [
          367,
          483
        ],
        [
          353,
          475
        ],
        [
          325,
          466
        ],
        [
          311,
          457
        ],
        [
          289,
          440
        ],
        [
          283,
          431
        ],
        [
          275,
          422
        ],
        [
          252,
          405
        ],
        [
          241,
          388
        ],
        [
          241,
          387
        ],
        [
          241,
          370
        ],
        [
          199,
          353
        ],
        [
          199,
          352
        ],
        [
          157,
          348
        ],
        [
          115,
          345
        ],
        [
          73,
          341
        ],
        [
          31,
          338
        ],
        [
          0,
          337
        ]
      ]
    }
  ]
}