{
  "image": {
    "path": "N63E016_0370.png",
    "size": {
      "height": 512,
      "width": 512
    }
  },
  "labels": [
    {
      "elevation": 400,
      "elevation_bbox_pixels": [
        132.1592796315216,
        366.94589876085905,
        40.63526766488599,
        22.927809104688208
      ],
      "contour_line_pixels": []
    },
    {
      "elevation": 375,
      "elevation_bbox_pixels": [
        163.5739800215201,
        258.9176547460338,
        47.62508859666474,
        25.12239105243492
      ],
      "contour_line_pixels": []
    },
    {
      "elevation": 375,
      "elevation_bbox_pixels": [
        318.6316216593287,
        481.8407837745012,
        27.436471449089254,
        15.034876081398734
      ],
      "contour_line_pixels": [
        [
          380,
          512
        ],
        [
          379,
          511
        ],
        [
          392,
          498
        ],
        [
          418,
          489
        ],
        [
          445,
          489
        ],
        [
          472,
          506
        ],
        [
          476,
          511
        ],
        [
          475,
          512
        ]
      ]
    },
    {
      "elevation": 350,
      "elevation_bbox_pixels": [
        242.44544247306033,
        285.7037313879358,
        55.66074471569459,
        26.88463934494507
      ],
      "contour_line_pixels": [
        [
          0,
          172
        ],
        [
          19,
          174
        ],
        [
          46,
          177
        ],
        [
          72,
          179
        ],
        [
          73,
          179
        ],
        [
          99,
          183
        ],
        [
          125,
          187
        ],
        [
          152,
          188
        ],
        [
          179,
          192
        ],
        [
          205,
          196
        ],
        [
          232,
          201
        ],
        [
          245,
          205
        ],
        [
          259,
          213
        ],
        [
          285,
          230
        ],
        [
          286,
          230
        ],
        [
          285,
          256
        ],
        [
          285,
          281
        ],
        [
          291,
          307
        ],
        [
          285,
          313
        ],
        [
          265,
          333
        ],
        [
          259,
          335
        ],
        [
          232,
          349
        ],
        [
          214,
          358
        ],
        [
          209,
          384
        ],
        [
          232,
          395
        ],
        [
          256,
          409
        ],
        [
          259,
          412
        ],
        [
          285,
          428
        ],
        [
          301,
          435
        ],
        [
          312,
          440
        ],
        [
          339,
          442
        ],
        [
          365,
          439
        ],
        [
          392,
          437
        ],
        [
          418,
          435
        ],
        [
          418,
          435
        ],
        [
          445,
          433
        ],
        [
          472,
          430
        ],
        [
          498,
          429
        ],
        [
          512,
          430
        ]
      ]
    },
    {
      "elevation": 325,
      "elevation_bbox_pixels": [
        250.67595428505933,
        128.99226110008493,
        51.154906233460224,
        27.34869362741813
      ],
      "contour_line_pixels": [
        [
          0,
          121
        ],
        [
          19,
          124
        ],
        [
          46,
          128
        ],
        [
          46,
          128
        ],
        [
          72,
          130
        ],
        [
          99,
          130
        ],
        [
          125,
          130
        ],
        [
          152,
          130
        ],
        [
          179,
          130
        ],
        [
          205,
          131
        ],
        [
          232,
          132
        ],
        [
          259,
          134
        ],
        [
          285,
          139
        ],
        [
          312,
          145
        ],
        [
          339,
          154
        ],
        [
          339,
          154
        ],
        [
          365,
          162
        ],
        [
          392,
          174
        ],
        [
          403,
          179
        ],
        [
          418,
          185
        ],
        [
          445,
          197
        ],
        [
          454,
          205
        ],
        [
          472,
          227
        ],
        [
          476,
          230
        ],
        [
          478,
          256
        ],
        [
          472,
          262
        ],
        [
          445,
          277
        ],
        [
          441,
          281
        ],
        [
          418,
          303
        ],
        [
          415,
          307
        ],
        [
          392,
          322
        ],
        [
          377,
          333
        ],
        [
          365,
          340
        ],
        [
          339,
          352
        ],
        [
          321,
          358
        ],
        [
          312,
          368
        ],
        [
          305,
          384
        ],
        [
          312,
          388
        ],
        [
          339,
          398
        ],
        [
          365,
          402
        ],
        [
          392,
          403
        ],
        [
          418,
          404
        ],
        [
          445,
          406
        ],
        [
          472,
          406
        ],
        [
          498,
          407
        ],
        [
          512,
          409
        ],
        [
          512,
          409
        ]
      ]
    },
    {
      "elevation": 300,
      "elevation_bbox_pixels": [
        201.69669672934327,
        83.29128584306756,
        34.68355443095345,
        16.318276442697766
      ],
      "contour_line_pixels": []
    }
  ]
}