{
  "image": {
    "path": "N63E016_0346.png",
    "size": {
      "height": 512,
      "width": 512
    }
  },
  "labels": [
    {
      "elevation": 450,
      "elevation_bbox_pixels": [
        286.47825435935306,
        145.13346348278844,
        41.39026329411854,
        20.696649377799304
      ],
      "contour_line_pixels": []
    },
    {
      "elevation": 500,
      "elevation_bbox_pixels": [
        256.18780375841396,
        477.7120971891757,
        49.44858927863936,
        26.616697584240114
      ],
      "contour_line_pixels": [
        [
          194,
          512
        ],
        [
          205,
          505
        ],
        [
          205,
          504
        ],
        [
          212,
          495
        ],
        [
          219,
          490
        ],
        [
          233,
          485
        ],
        [
          233,
          485
        ],
        [
          248,
          483
        ],
        [
          262,
          482
        ],
        [
          276,
          482
        ],
        [
          290,
          483
        ],
        [
          305,
          485
        ],
        [
          305,
          485
        ],
        [
          319,
          486
        ],
        [
          333,
          490
        ],
        [
          347,
          495
        ],
        [
          347,
          495
        ],
        [
          361,
          505
        ],
        [
          362,
          505
        ],
        [
          372,
          512
        ]
      ]
    },
    {
      "elevation": 450,
      "elevation_bbox_pixels": [
        258.40984409048554,
        403.3577264995451,
        42.91348259309575,
        22.019586161263874
      ],
      "contour_line_pixels": [
        [
          0,
          456
        ],
        [
          1,
          455
        ],
        [
          6,
          451
        ],
        [
          15,
          445
        ],
        [
          20,
          441
        ],
        [
          27,
          434
        ],
        [
          34,
          428
        ],
        [
          39,
          424
        ],
        [
          48,
          414
        ],
        [
          48,
          414
        ],
        [
          62,
          409
        ],
        [
          77,
          406
        ],
        [
          91,
          404
        ],
        [
          91,
          404
        ],
        [
          105,
          403
        ],
        [
          119,
          402
        ],
        [
          134,
          402
        ],
        [
          148,
          402
        ],
        [
          162,
          402
        ],
        [
          176,
          403
        ],
        [
          191,
          403
        ],
        [
          205,
          404
        ],
        [
          219,
          404
        ],
        [
          219,
          404
        ],
        [
          233,
          406
        ],
        [
          248,
          408
        ],
        [
          262,
          409
        ],
        [
          276,
          410
        ],
        [
          290,
          412
        ],
        [
          305,
          413
        ],
        [
          319,
          414
        ],
        [
          333,
          414
        ],
        [
          333,
          414
        ],
        [
          347,
          417
        ],
        [
          361,
          418
        ],
        [
          369,
          414
        ],
        [
          376,
          409
        ],
        [
          380,
          404
        ],
        [
          390,
          394
        ],
        [
          390,
          394
        ],
        [
          395,
          384
        ],
        [
          404,
          379
        ],
        [
          418,
          374
        ],
        [
          418,
          374
        ],
        [
          433,
          371
        ],
        [
          447,
          367
        ],
        [
          456,
          364
        ],
        [
          461,
          362
        ],
        [
          475,
          357
        ],
        [
          490,
          356
        ],
        [
          504,
          354
        ],
        [
          504,
          344
        ],
        [
          490,
          334
        ],
        [
          489,
          334
        ],
        [
          490,
          334
        ],
        [
          504,
          324
        ],
        [
          504,
          314
        ],
        [
          490,
          304
        ],
        [
          489,
          304
        ],
        [
          480,
          294
        ],
        [
          484,
          284
        ],
        [
          490,
          281
        ],
        [
          504,
          274
        ],
        [
          504,
          274
        ],
        [
          512,
          272
        ]
      ]
    },
    {
      "elevation": 425,
      "elevation_bbox_pixels": [
        153.0222518665959,
        304.05491596663444,
        58.68735742190998,
        35.9117205041818
      ],
      "contour_line_pixels": [
        [
          0,
          331
        ],
        [
          6,
          329
        ],
        [
          19,
          324
        ],
        [
          20,
          324
        ],
        [
          34,
          314
        ],
        [
          20,
          309
        ],
        [
          6,
          304
        ],
        [
          5,
          304
        ],
        [
          0,
          303
        ]
      ]
    }
  ]
}