{
  "image": {
    "path": "N63E016_1630.png",
    "size": {
      "height": 512,
      "width": 512
    }
  },
  "labels": [
    {
      "elevation": 375,
      "elevation_bbox_pixels": [
        124.13320330746835,
        447.59152596644566,
        49.858284742899414,
        33.427464082548916
      ],
      "contour_line_pixels": [
        [
          0,
          404
        ],
        [
          15,
          421
        ],
        [
          15,
          422
        ],
        [
          37,
          437
        ],
        [
          51,
          449
        ],
        [
          60,
          476
        ],
        [
          60,
          477
        ],
        [
          60,
          504
        ],
        [
          60,
          504
        ],
        [
          58,
          512
        ]
      ]
    },
    {
      "elevation": 350,
      "elevation_bbox_pixels": [
        166.81898823666776,
        413.2174852340496,
        34.73596082712908,
        23.78028332367265
      ],
      "contour_line_pixels": [
        [
          0,
          337
        ],
        [
          5,
          339
        ],
        [
          15,
          345
        ],
        [
          37,
          354
        ],
        [
          60,
          357
        ],
        [
          77,
          367
        ],
        [
          83,
          371
        ],
        [
          105,
          383
        ],
        [
          114,
          394
        ],
        [
          121,
          422
        ],
        [
          125,
          449
        ],
        [
          123,
          477
        ],
        [
          120,
          504
        ],
        [
          118,
          512
        ]
      ]
    },
    {
      "elevation": 325,
      "elevation_bbox_pixels": [
        191.96219779766975,
        372.2181008856694,
        31.91892628463694,
        20.308256936641953
      ],
      "contour_line_pixels": [
        [
          0,
          306
        ],
        [
          15,
          312
        ],
        [
          15,
          312
        ],
        [
          37,
          318
        ],
        [
          60,
          320
        ],
        [
          83,
          322
        ],
        [
          105,
          328
        ],
        [
          128,
          336
        ],
        [
          136,
          339
        ],
        [
          151,
          355
        ],
        [
          160,
          367
        ],
        [
          170,
          394
        ],
        [
          168,
          422
        ],
        [
          168,
          449
        ],
        [
          173,
          463
        ],
        [
          183,
          477
        ],
        [
          183,
          504
        ],
        [
          183,
          512
        ]
      ]
    },
    {
      "elevation": 300,
      "elevation_bbox_pixels": [
        152.76685998145118,
        279.0009247531288,
        30.507571893421016,
        16.86537469530242
      ],
      "contour_line_pixels": [
        [
          0,
          262
        ],
        [
          15,
          269
        ],
        [
          37,
          284
        ],
        [
          38,
          284
        ],
        [
          60,
          285
        ],
        [
          83,
          287
        ],
        [
          105,
          288
        ],
        [
          128,
          297
        ],
        [
          151,
          308
        ],
        [
          160,
          312
        ],
        [
          173,
          317
        ],
        [
          196,
          334
        ],
        [
          201,
          339
        ],
        [
          219,
          360
        ],
        [
          222,
          367
        ],
        [
          228,
          394
        ],
        [
          225,
          422
        ],
        [
          226,
          449
        ],
        [
          241,
          473
        ],
        [
          244,
          477
        ],
        [
          244,
          504
        ],
        [
          244,
          512
        ]
      ]
    },
    {
      "elevation": 275,
      "elevation_bbox_pixels": [
        173.47387982123146,
        243.772099769975,
        43.74357449755843,
        27.85149623952259
      ],
      "contour_line_pixels": [
        [
          0,
          207
        ],
        [
          15,
          218
        ],
        [
          37,
          229
        ],
        [
          37,
          229
        ],
        [
          60,
          242
        ],
        [
          83,
          246
        ],
        [
          105,
          248
        ],
        [
          128,
          253
        ],
        [
          139,
          257
        ],
        [
          151,
          260
        ],
        [
          173,
          270
        ],
        [
          196,
          279
        ],
        [
          206,
          284
        ],
        [
          219,
          293
        ],
        [
          239,
          312
        ],
        [
          241,
          315
        ],
        [
          258,
          339
        ],
        [
          264,
          351
        ],
        [
          274,
          367
        ],
        [
          283,
          394
        ],
        [
          287,
          421
        ],
        [
          287,
          422
        ],
        [
          297,
          449
        ],
        [
          305,
          477
        ],
        [
          307,
          504
        ],
        [
          306,
          512
        ]
      ]
    },
    {
      "elevation": 250,
      "elevation_bbox_pixels": [
        278.52941700824334,
        347.2859790051895,
        36.81948300003944,
        18.399092732634585
      ],
      "contour_line_pixels": [
        [
          196,
          0
        ],
        [
          197,
          9
        ],
        [
          196,
          37
        ],
        [
          196,
          64
        ],
        [
          196,
          65
        ],
        [
          188,
          92
        ],
        [
          185,
          119
        ],
        [
          185,
          147
        ],
        [
          196,
          160
        ],
        [
          207,
          174
        ],
        [
          219,
          201
        ],
        [
          219,
          202
        ],
        [
          230,
          229
        ],
        [
          241,
          238
        ],
        [
          254,
          257
        ],
        [
          264,
          267
        ],
        [
          280,
          284
        ],
        [
          287,
          290
        ],
        [
          309,
          311
        ],
        [
          309,
          312
        ],
        [
          323,
          339
        ],
        [
          332,
          356
        ],
        [
          338,
          367
        ],
        [
          355,
          389
        ],
        [
          358,
          394
        ],
        [
          364,
          422
        ],
        [
          373,
          449
        ],
        [
          377,
          463
        ],
        [
          381,
          477
        ],
        [
          377,
          504
        ],
        [
          379,
          512
        ]
      ]
    }
  ]
}