{
  "image": {
    "path": "N63E016_0753.png",
    "size": {
      "height": 512,
      "width": 512
    }
  },
  "labels": [
    {
      "elevation": 275,
      "elevation_bbox_pixels": [
        213.17947359838135,
        6.267005368077548,
        31.90168261654054,
        21.389699641731795
      ],
      "contour_line_pixels": [
        [
          434,
          0
        ],
        [
          420,
          13
        ],
        [
          399,
          23
        ],
        [
          355,
          28
        ],
        [
          312,
          27
        ],
        [
          269,
          26
        ],
        [
          226,
          20
        ],
        [
          182,
          13
        ],
        [
          181,
          13
        ],
        [
          139,
          4
        ],
        [
          119,
          0
        ]
      ]
    },
    {
      "elevation": 250,
      "elevation_bbox_pixels": [
        196.66614241044385,
        137.53904101868198,
        56.10400039209753,
        31.787387887741602
      ],
      "contour_line_pixels": [
        [
          512,
          119
        ],
        [
          485,
          128
        ],
        [
          442,
          136
        ],
        [
          399,
          139
        ],
        [
          355,
          143
        ],
        [
          312,
          145
        ],
        [
          269,
          150
        ],
        [
          226,
          153
        ],
        [
          182,
          153
        ],
        [
          139,
          150
        ],
        [
          96,
          145
        ],
        [
          53,
          145
        ],
        [
          9,
          147
        ],
        [
          0,
          147
        ]
      ]
    },
    {
      "elevation": 225,
      "elevation_bbox_pixels": [
        220.42460977485462,
        227.94605140020093,
        38.48543053652975,
        24.289931505826303
      ],
      "contour_line_pixels": [
        [
          512,
          237
        ],
        [
          485,
          241
        ],
        [
          442,
          244
        ],
        [
          399,
          245
        ],
        [
          355,
          243
        ],
        [
          312,
          244
        ],
        [
          269,
          242
        ],
        [
          226,
          240
        ],
        [
          182,
          235
        ],
        [
          139,
          226
        ],
        [
          96,
          225
        ],
        [
          53,
          227
        ],
        [
          9,
          230
        ],
        [
          0,
          231
        ]
      ]
    },
    {
      "elevation": 200,
      "elevation_bbox_pixels": [
        119.17783568919569,
        419.850722785637,
        33.31182549362671,
        20.699922864198243
      ],
      "contour_line_pixels": []
    },
    {
      "elevation": 175,
      "elevation_bbox_pixels": [
        351.2030518248097,
        487.5305261929832,
        31.495534670096504,
        17.587362689648714
      ],
      "contour_line_pixels": []
    },
    {
      "elevation": 200,
      "elevation_bbox_pixels": [
        275.5670459568215,
        326.18307552356526,
        36.046725104270706,
        21.247771360720094
      ],
      "contour_line_pixels": [
        [
          512,
          350
        ],
        [
          485,
          348
        ],
        [
          442,
          338
        ],
        [
          399,
          336
        ],
        [
          355,
          333
        ],
        [
          312,
          338
        ],
        [
          269,
          343
        ],
        [
          247,
          325
        ],
        [
          226,
          321
        ],
        [
          182,
          320
        ],
        [
          139,
          317
        ],
        [
          96,
          304
        ],
        [
          53,
          304
        ],
        [
          9,
          299
        ],
        [
          0,
          299
        ]
      ]
    }
  ]
}