{
  "image": {
    "path": "N63E016_0912.png",
    "size": {
      "height": 512,
      "width": 512
    }
  },
  "labels": [
    {
      "elevation": 375,
      "elevation_bbox_pixels": [
        219.73230824866894,
        -8.40112814823135,
        44.3723234010981,
        25.61993092957823
      ],
      "contour_line_pixels": [
        [
          249,
          0
        ],
        [
          185,
          5
        ],
        [
          96,
          15
        ],
        [
          6,
          22
        ],
        [
          0,
          22
        ]
      ]
    },
    {
      "elevation": 300,
      "elevation_bbox_pixels": [
        232.8486002070474,
        318.9335405366147,
        55.854633460800414,
        31.76960774220032
      ],
      "contour_line_pixels": []
    },
    {
      "elevation": 325,
      "elevation_bbox_pixels": [
        230.99948713246607,
        72.92749119619492,
        38.361905563173536,
        24.27078520181351
      ],
      "contour_line_pixels": [
        [
          512,
          60
        ],
        [
          452,
          66
        ],
        [
          363,
          73
        ],
        [
          345,
          75
        ],
        [
          274,
          83
        ],
        [
          185,
          87
        ],
        [
          96,
          91
        ],
        [
          6,
          91
        ],
        [
          0,
          92
        ]
      ]
    },
    {
      "elevation": 300,
      "elevation_bbox_pixels": [
        245.14532808387898,
        134.57426404686043,
        31.495534670096532,
        17.58736268964867
      ],
      "contour_line_pixels": [
        [
          512,
          122
        ],
        [
          452,
          133
        ],
        [
          363,
          138
        ],
        [
          274,
          144
        ],
        [
          185,
          148
        ],
        [
          96,
          152
        ],
        [
          6,
          153
        ],
        [
          0,
          153
        ]
      ]
    }
  ]
}