{
  "image": {
    "path": "N63E016_0702.png",
    "size": {
      "height": 512,
      "width": 512
    }
  },
  "labels": [
    {
      "elevation": 275,
      "elevation_bbox_pixels": [
        320.1410555727881,
        -9.036780319270406,
        40.73817538939488,
        22.044159978815685
      ],
      "contour_line_pixels": []
    },
    {
      "elevation": 350,
      "elevation_bbox_pixels": [
        87.62359503928167,
        472.8063713540665,
        63.88561766808266,
        38.90699990226564
      ],
      "contour_line_pixels": [
        [
          0,
          454
        ],
        [
          9,
          459
        ],
        [
          18,
          465
        ],
        [
          21,
          468
        ],
        [
          33,
          481
        ],
        [
          33,
          481
        ],
        [
          33,
          481
        ],
        [
          29,
          497
        ],
        [
          26,
          512
        ]
      ]
    },
    {
      "elevation": 300,
      "elevation_bbox_pixels": [
        359.93516037867437,
        383.81116695790524,
        25.059182077682863,
        15.078990681656194
      ],
      "contour_line_pixels": [
        [
          380,
          512
        ],
        [
          378,
          505
        ],
        [
          372,
          497
        ],
        [
          378,
          489
        ],
        [
          384,
          481
        ],
        [
          390,
          465
        ],
        [
          390,
          465
        ],
        [
          402,
          449
        ],
        [
          401,
          432
        ],
        [
          402,
          432
        ],
        [
          403,
          416
        ],
        [
          408,
          400
        ],
        [
          413,
          396
        ],
        [
          425,
          392
        ],
        [
          437,
          389
        ],
        [
          449,
          391
        ],
        [
          461,
          398
        ],
        [
          466,
          400
        ],
        [
          473,
          407
        ],
        [
          485,
          416
        ],
        [
          485,
          416
        ],
        [
          497,
          432
        ],
        [
          497,
          432
        ],
        [
          509,
          441
        ],
        [
          512,
          442
        ]
      ]
    },
    {
      "elevation": 325,
      "elevation_bbox_pixels": [
        126.79826362937692,
        388.5905709947086,
        38.82191452307856,
        20.0889207384364
      ],
      "contour_line_pixels": [
        [
          0,
          139
        ],
        [
          6,
          143
        ],
        [
          9,
          151
        ],
        [
          11,
          159
        ],
        [
          17,
          175
        ],
        [
          21,
          178
        ],
        [
          33,
          191
        ],
        [
          33,
          191
        ],
        [
          42,
          207
        ],
        [
          45,
          215
        ],
        [
          50,
          223
        ],
        [
          51,
          239
        ],
        [
          45,
          242
        ],
        [
          33,
          242
        ],
        [
          21,
          251
        ],
        [
          17,
          255
        ],
        [
          21,
          271
        ],
        [
          21,
          271
        ],
        [
          33,
          287
        ],
        [
          33,
          288
        ],
        [
          37,
          304
        ],
        [
          33,
          320
        ],
        [
          33,
          320
        ],
        [
          25,
          336
        ],
        [
          33,
          352
        ],
        [
          33,
          352
        ],
        [
          45,
          361
        ],
        [
          57,
          365
        ],
        [
          63,
          368
        ],
        [
          69,
          376
        ],
        [
          74,
          384
        ],
        [
          74,
          400
        ],
        [
          69,
          406
        ],
        [
          63,
          416
        ],
        [
          57,
          432
        ],
        [
          62,
          449
        ],
        [
          69,
          454
        ],
        [
          80,
          462
        ],
        [
          82,
          465
        ],
        [
          85,
          481
        ],
        [
          80,
          488
        ],
        [
          75,
          497
        ],
        [
          69,
          505
        ],
        [
          60,
          512
        ]
      ]
    },
    {
      "elevation": 300,
      "elevation_bbox_pixels": [
        259.75751470524716,
        330.01738477268225,
        40.46668062573269,
        24.663699071799044
      ],