{
  "image": {
    "path": "N63E016_1636.png",
    "size": {
      "height": 512,
      "width": 512
    }
  },
  "labels": [
    {
      "elevation": 375,
      "elevation_bbox_pixels": [
        243.82528632621745,
        216.2290861601153,
        55.323727153211394,
        32.86722508740547
      ],
      "contour_line_pixels": [
        [
          512,
          293
        ],
        [
          468,
          282
        ],
        [
          424,
          278
        ],
        [
          402,
          273
        ],
        [
          380,
          261
        ],
        [
          335,
          245
        ],
        [
          335,
          245
        ],
        [
          291,
          221
        ],
        [
          286,
          218
        ],
        [
          247,
          193
        ],
        [
          242,
          190
        ],
        [
          241,
          163
        ],
        [
          236,
          135
        ],
        [
          217,
          108
        ],
        [
          203,
          100
        ],
        [
          158,
          80
        ],
        [
          158,
          80
        ],
        [
          152,
          53
        ],
        [
          158,
          48
        ],
        [
          202,
          25
        ],
        [
          203,
          25
        ],
        [
          247,
          21
        ],
        [
          291,
          21
        ],
        [
          335,
          21
        ],
        [
          380,
          22
        ],
        [
          424,
          20
        ],
        [
          468,
          20
        ],
        [
          512,
          20
        ]
      ]
    },
    {
      "elevation": 350,
      "elevation_bbox_pixels": [
        227.05376829515924,
        278.6920683240618,
        54.93479645367685,
        28.329441845210795
      ],
      "contour_line_pixels": []
    },
    {
      "elevation": 325,
      "elevation_bbox_pixels": [
        228.34976017010928,
        346.775076252243,
        28.606071089830834,
        15.202527303579302
      ],
      "contour_line_pixels": [
        [
          512,
          425
        ],
        [
          468,
          410
        ],
        [
          468,
          410
        ],
        [
          424,
          400
        ],
        [
          380,
          394
        ],
        [
          335,
          388
        ],
        [
          313,
          383
        ],
        [
          291,
          378
        ],
        [
          247,
          369
        ],
        [
          210,
          355
        ],
        [
          203,
          353
        ],
        [
          158,
          343
        ],
        [
          114,
          328
        ],
        [
          114,
          328
        ],
        [
          70,
          307
        ],
        [
          59,
          300
        ],
        [
          35,
          273
        ],
        [
          25,
          246
        ],
        [
          25,
          245
        ],
        [
          0,
          220
        ]
      ]
    },
    {
      "elevation": 300,
      "elevation_bbox_pixels": [
        201.22357153463795,
        396.2275115262443,
        38.68644614746489,
        20.67402949152404
      ],
      "contour_line_pixels": [
        [
          411,
          512
        ],
        [
          380,
          493
        ],
        [
          379,
          493
        ],
        [
          335,
          465
        ],
        [
          335,
          465
        ],
        [
          291,
          449
        ],
        [
          247,
          438
        ],
        [
          246,
          438
        ],
        [
          203,
          427
        ],
        [
          158,
          410
        ],
        [
          158,
          410
        ],
        [
          114,
          405
        ],
        [
          70,
          396
        ],
        [
          25,
          386
        ],
        [
          11,
          383
        ],
        [
          0,
          379
        ]
      ]
    },
    {
      "elevation": 275,
      "elevation_bbox_pixels": [
        177.15162088902815,
        464.66296112552226,
        58.433336668756624,
        31.455029491038314
      ],
      "contour_line_pixels": [
        [
          145,
          512
        ],
        [
          114,
          493
        ],
        [
          114,
          493
        ],
        [
          70,
          479
        ],
        [
          25,
          465
        ],
        [
          25,
          465
        ],
        [
          0,
          457
        ]
      ]
    }
  ]
}