{
  "image": {
    "path": "N63E016_0349.png",
    "size": {
      "height": 512,
      "width": 512
    }
  },
  "labels": [
    {
      "elevation": 450,
      "elevation_bbox_pixels": [
        272.94064672853744,
        363.26287672670594,
        59.04148958872179,
        36.54134409079255
      ],
      "contour_line_pixels": [
        [
          466,
          404
        ],
        [
          465,
          404
        ],
        [
          436,
          382
        ],
        [
          407,
          382
        ],
        [
          377,
          381
        ],
        [
          377,
          381
        ],
        [
          377,
          381
        ],
        [
          407,
          381
        ],
        [
          436,
          381
        ],
        [
          466,
          381
        ],
        [
          466,
          381
        ],
        [
          466,
          404
        ],
        [
          466,
          404
        ]
      ]
    },
    {
      "elevation": 425,
      "elevation_bbox_pixels": [
        259.1063743979184,
        288.04515334611733,
        50.63076886112515,
        30.484091308955556
      ],
      "contour_line_pixels": [
        [
          0,
          404
        ],
        [
          23,
          404
        ],
        [
          24,
          404
        ],
        [
          53,
          410
        ],
        [
          82,
          409
        ],
        [
          111,
          404
        ],
        [
          112,
          404
        ],
        [
          141,
          398
        ],
        [
          163,
          381
        ],
        [
          171,
          370
        ],
        [
          177,
          358
        ],
        [
          200,
          345
        ],
        [
          213,
          336
        ],
        [
          230,
          317
        ],
        [
          234,
          313
        ],
        [
          259,
          301
        ],
        [
          289,
          298
        ],
        [
          318,
          300
        ],
        [
          348,
          305
        ],
        [
          377,
          313
        ],
        [
          378,
          313
        ],
        [
          407,
          315
        ],
        [
          436,
          317
        ],
        [
          466,
          320
        ],
        [
          495,
          322
        ],
        [
          512,
          323
        ]
      ]
    },
    {
      "elevation": 400,
      "elevation_bbox_pixels": [
        198.93544868018415,
        166.03951377506473,
        51.19622476178813,
        26.140333702487624
      ],
      "contour_line_pixels": [
        [
          0,
          234
        ],
        [
          23,
          239
        ],
        [
          53,
          244
        ],
        [
          82,
          221
        ],
        [
          82,
          221
        ],
        [
          112,
          221
        ],
        [
          141,
          198
        ],
        [
          141,
          198
        ],
        [
          170,
          175
        ],
        [
          171,
          175
        ],
        [
          172,
          175
        ],
        [
          200,
          198
        ],
        [
          230,
          198
        ],
        [
          259,
          198
        ],
        [
          260,
          198
        ],
        [
          289,
          221
        ],
        [
          318,
          221
        ],
        [
          319,
          221
        ],
        [
          348,
          243
        ],
        [
          348,
          244
        ],
        [
          377,
          250
        ],
        [
          407,
          258
        ],
        [
          436,
          265
        ],
        [
          442,
          267
        ],
        [
          466,
          273
        ],
        [
          495,
          276
        ],
        [
          512,
          276
        ]
      ]
    },
    {
      "elevation": 375,
      "elevation_bbox_pixels": [
        251.00211946144896,
        118.78446887488906,
        59.53927389282808,
        30.79177522595114
      ],
      "contour_line_pixels": [
        [
          0,
          152
        ],
        [
          23,
          148
        ],
        [
          53,
          141
        ],
        [
          82,
          135
        ],
        [
          112,
          130
        ],
        [
          112,
          129
        ],
        [
          141,
          122
        ],
        [
          171,
          121
        ],
        [
          200,
          121
        ],
        [
          230,
          121
        ],
        [
          259,
          124
        ],
        [
          289,
          129
        ],
        [
          289,
          130
        ],
        [
          318,
          133
        ],
        [
          348,
          136
        ],
        [
          377,
          139
        ],
        [
          407,
          149
        ],
        [
          421,
          152
        ],
        [
          436,
          156
        ],
        [
          466,
          166
        ],
        [
          485,
          175
        ],
        [
          495,
          179
        ],
        [
          512,
          194
        ]
      ]
    },
    {
      "elevation": 350,
      "elevation_bbox_pixels": [
        315.4347219569421,
        10.066575999728173,
        47.43069982910788,
        27.64178303557867
      ],
      "contour_line_pixels": [
        [
          512,
          9
        ],
        [
          496,
          15
        ],
        [
          496,
          38
        ],
        [
          512,
          42
        ]
      ]
    }
  ]
}