{
  "image": {
    "path": "N63E016_0761.png",
    "size": {
      "height": 512,
      "width": 512
    }
  },
  "labels": [
    {
      "elevation": 250,
      "elevation_bbox_pixels": [
        350.9091895935382,
        46.70123671005928,
        54.49067294382951,
        27.035066033499675
      ],
      "contour_line_pixels": [
        [
          512,
          103
        ],
        [
          506,
          91
        ],
        [
          503,
          62
        ],
        [
          505,
          33
        ],
        [
          503,
          5
        ],
        [
          504,
          0
        ]
      ]
    },
    {
      "elevation": 225,
      "elevation_bbox_pixels": [
        339.16837842584687,
        209.89763411103786,
        53.011446176451045,
        28.337547947335224
      ],
      "contour_line_pixels": []
    },
    {
      "elevation": 200,
      "elevation_bbox_pixels": [
        251.8585268946381,
        280.58870738151234,
        35.38998691826964,
        18.522732925364153
      ],
      "contour_line_pixels": [
        [
          397,
          512
        ],
        [
          386,
          505
        ],
        [
          359,
          494
        ],
        [
          355,
          492
        ],
        [
          333,
          471
        ],
        [
          307,
          463
        ],
        [
          307,
          463
        ],
        [
          281,
          443
        ],
        [
          274,
          435
        ],
        [
          255,
          414
        ],
        [
          248,
          406
        ],
        [
          245,
          377
        ],
        [
          246,
          349
        ],
        [
          255,
          320
        ],
        [
          255,
          320
        ],
        [
          281,
          291
        ],
        [
          281,
          291
        ],
        [
          307,
          277
        ],
        [
          333,
          263
        ],
        [
          333,
          262
        ],
        [
          359,
          234
        ],
        [
          340,
          205
        ],
        [
          339,
          177
        ],
        [
          333,
          169
        ],
        [
          318,
          148
        ],
        [
          307,
          120
        ],
        [
          307,
          119
        ],
        [
          292,
          91
        ],
        [
          292,
          62
        ],
        [
          294,
          33
        ],
        [
          294,
          5
        ],
        [
          295,
          0
        ]
      ]
    },
    {
      "elevation": 175,
      "elevation_bbox_pixels": [
        167.9680097500696,
        265.23757747860157,
        60.0015195718114,
        33.00129880157306
      ],
      "contour_line_pixels": [
        [
          230,
          512
        ],
        [
          229,
          511
        ],
        [
          212,
          492
        ],
        [
          203,
          482
        ],
        [
          177,
          464
        ],
        [
          177,
          463
        ],
        [
          164,
          435
        ],
        [
          151,
          407
        ],
        [
          151,
          406
        ],
        [
          131,
          377
        ],
        [
          135,
          349
        ],
        [
          138,
          320
        ],
        [
          138,
          291
        ],
        [
          140,
          263
        ],
        [
          135,
          234
        ],
        [
          125,
          206
        ],
        [
          125,
          205
        ],
        [
          125,
          177
        ],
        [
          125,
          176
        ],
        [
          151,
          148
        ],
        [
          151,
          148
        ],
        [
          177,
          126
        ],
        [
          186,
          119
        ],
        [
          177,
          91
        ],
        [
          177,
          91
        ],
        [
          160,
          62
        ],
        [
          151,
          34
        ],
        [
          151,
          33
        ],
        [
          133,
          5
        ],
        [
          132,
          0
        ]
      ]
    }
  ]
}