{
  "image": {
    "path": "N63E016_1236.png",
    "size": {
      "height": 512,
      "width": 512
    }
  },
  "labels": [
    {
      "elevation": 425,
      "elevation_bbox_pixels": [
        193.87295407702248,
        29.39526384339979,
        47.967063724425884,
        24.7239391316225
      ],
      "contour_line_pixels": [
        [
          6,
          0
        ],
        [
          26,
          20
        ],
        [
          80,
          37
        ],
        [
          81,
          37
        ],
        [
          134,
          40
        ],
        [
          187,
          46
        ],
        [
          241,
          68
        ],
        [
          259,
          80
        ],
        [
          259,
          124
        ],
        [
          241,
          141
        ],
        [
          221,
          167
        ],
        [
          187,
          189
        ],
        [
          134,
          204
        ],
        [
          116,
          210
        ],
        [
          80,
          224
        ],
        [
          26,
          242
        ],
        [
          0,
          249
        ]
      ]
    },
    {
      "elevation": 400,
      "elevation_bbox_pixels": [
        295.65905307753457,
        111.71567281834496,
        37.094580753548485,
        18.975798033444335
      ],
      "contour_line_pixels": []
    },
    {
      "elevation": 375,
      "elevation_bbox_pixels": [
        162.8702357217318,
        386.3689131460518,
        25.818522519479018,
        15.967150735036967
      ],
      "contour_line_pixels": []
    },
    {
      "elevation": 350,
      "elevation_bbox_pixels": [
        228.6460967474951,
        317.2881476865972,
        55.66074471569459,
        26.88463934494507
      ],
      "contour_line_pixels": [
        [
          512,
          255
        ],
        [
          509,
          256
        ],
        [
          455,
          275
        ],
        [
          402,
          283
        ],
        [
          348,
          289
        ],
        [
          326,
          297
        ],
        [
          294,
          316
        ],
        [
          241,
          337
        ],
        [
          230,
          340
        ],
        [
          241,
          346
        ],
        [
          294,
          383
        ],
        [
          295,
          384
        ],
        [
          348,
          393
        ],
        [
          402,
          405
        ],
        [
          455,
          413
        ],
        [
          509,
          421
        ],
        [
          512,
          421
        ]
      ]
    },
    {
      "elevation": 325,
      "elevation_bbox_pixels": [
        316.5315226607306,
        321.64153014704533,
        51.154906233460224,
        27.34869362741813
      ],
      "contour_line_pixels": [
        [
          512,
          328
        ],
        [
          509,
          329
        ],
        [
          489,
          340
        ],
        [
          509,
          348
        ],
        [
          512,
          349
        ]
      ]
    }
  ]
}