{
  "image": {
    "path": "N63E016_0298.png",
    "size": {
      "height": 512,
      "width": 512
    }
  },
  "labels": [
    {
      "elevation": 400,
      "elevation_bbox_pixels": [
        258.3893196565592,
        -1.9562005701909584,
        51.04203411914091,
        28.76125614782177
      ],
      "contour_line_pixels": [
        [
          512,
          12
        ],
        [
          511,
          12
        ],
        [
          431,
          12
        ],
        [
          350,
          12
        ],
        [
          310,
          8
        ],
        [
          299,
          0
        ]
      ]
    },
    {
      "elevation": 375,
      "elevation_bbox_pixels": [
        235.44624795437613,
        493.69488589600655,
        47.09430651822947,
        27.137872710917286
      ],
      "contour_line_pixels": [
        [
          207,
          512
        ],
        [
          220,
          511
        ],
        [
          270,
          507
        ],
        [
          350,
          507
        ],
        [
          431,
          507
        ],
        [
          511,
          508
        ],
        [
          512,
          508
        ]
      ]
    },
    {
      "elevation": 375,
      "elevation_bbox_pixels": [
        217.64845503507388,
        54.52137531845915,
        37.944796142834775,
        21.432304738218136
      ],
      "contour_line_pixels": [
        [
          512,
          81
        ],
        [
          511,
          81
        ],
        [
          431,
          75
        ],
        [
          350,
          71
        ],
        [
          270,
          70
        ],
        [
          190,
          69
        ],
        [
          110,
          64
        ],
        [
          110,
          64
        ],
        [
          30,
          52
        ],
        [
          0,
          45
        ]
      ]
    },
    {
      "elevation": 350,
      "elevation_bbox_pixels": [
        235.68404322759437,
        96.25992867203252,
        50.238538064554746,
        30.61783383801935
      ],
      "contour_line_pixels": [
        [
          512,
          135
        ],
        [
          511,
          134
        ],
        [
          431,
          128
        ],
        [
          350,
          120
        ],
        [
          350,
          120
        ],
        [
          270,
          110
        ],
        [
          190,
          106
        ],
        [
          110,
          104
        ],
        [
          30,
          96
        ],
        [
          0,
          93
        ]
      ]
    },
    {
      "elevation": 325,
      "elevation_bbox_pixels": [
        208.50056800121314,
        183.80309725730115,
        58.231429282280374,
        35.92828914820416
      ],
      "contour_line_pixels": []
    }
  ]
}