{
  "image": {
    "path": "N63E016_0999.png",
    "size": {
      "height": 512,
      "width": 512
    }
  },
  "labels": [
    {
      "elevation": 300,
      "elevation_bbox_pixels": [
        200.93182239241867,
        445.849233471324,
        54.39180603210414,
        32.22610913589359
      ],
      "contour_line_pixels": [
        [
          0,
          349
        ],
        [
          30,
          362
        ],
        [
          63,
          380
        ],
        [
          83,
          392
        ],
        [
          136,
          405
        ],
        [
          172,
          412
        ],
        [
          183,
          445
        ],
        [
          136,
          472
        ],
        [
          127,
          478
        ],
        [
          107,
          510
        ],
        [
          106,
          512
        ]
      ]
    },
    {
      "elevation": 275,
      "elevation_bbox_pixels": [
        209.36479523286366,
        338.3660323930631,
        31.758117210056582,
        18.455621259527902
      ],
      "contour_line_pixels": [
        [
          0,
          308
        ],
        [
          30,
          312
        ],
        [
          38,
          314
        ],
        [
          83,
          332
        ],
        [
          136,
          344
        ],
        [
          142,
          347
        ],
        [
          189,
          373
        ],
        [
          206,
          380
        ],
        [
          243,
          401
        ],
        [
          252,
          412
        ],
        [
          254,
          445
        ],
        [
          249,
          478
        ],
        [
          243,
          481
        ],
        [
          193,
          510
        ],
        [
          192,
          512
        ]
      ]
    },
    {
      "elevation": 225,
      "elevation_bbox_pixels": [
        266.1355454268618,
        296.68021187669876,
        32.82990308595174,
        20.444569458825583
      ],
      "contour_line_pixels": [
        [
          0,
          234
        ],
        [
          26,
          249
        ],
        [
          30,
          250
        ],
        [
          83,
          258
        ],
        [
          136,
          259
        ],
        [
          189,
          277
        ],
        [
          203,
          282
        ],
        [
          243,
          287
        ],
        [
          296,
          295
        ],
        [
          349,
          306
        ],
        [
          402,
          314
        ],
        [
          455,
          314
        ],
        [
          508,
          314
        ],
        [
          512,
          314
        ]
      ]
    },
    {
      "elevation": 250,
      "elevation_bbox_pixels": [
        201.7395176071758,
        297.71354847801695,
        40.96080435119279,
        21.734648656475656
      ],
      "contour_line_pixels": [
        [
          0,
          278
        ],
        [
          30,
          282
        ],
        [
          30,
          282
        ],
        [
          83,
          294
        ],
        [
          136,
          310
        ],
        [
          148,
          314
        ],
        [
          189,
          328
        ],
        [
          219,
          347
        ],
        [
          243,
          358
        ],
        [
          281,
          380
        ],
        [
          296,
          408
        ],
        [
          301,
          412
        ],
        [
          328,
          445
        ],
        [
          325,
          478
        ],
        [
          296,
          510
        ],
        [
          298,
          512
        ]
      ]
    }
  ]
}