{
  "image": {
    "path": "N63E016_0029.png",
    "size": {
      "height": 512,
      "width": 512
    }
  },
  "labels": [
    {
      "elevation": 325,
      "elevation_bbox_pixels": [
        24.62554990884209,
        76.00074114712817,
        37.948144756260994,
        21.01224000813579
      ],
      "contour_line_pixels": []
    },
    {
      "elevation": 300,
      "elevation_bbox_pixels": [
        370.6574892601447,
        34.3507178318913,
        49.975120342433115,
        26.012272720179908
      ],
      "contour_line_pixels": []
    }
  ]
}