{
  "image": {
    "path": "N63E016_1072.png",
    "size": {
      "height": 512,
      "width": 512
    }
  },
  "labels": [
    {
      "elevation": 300,
      "elevation_bbox_pixels": [
        228.61019875335194,
        319.60352584370594,
        50.456687897755046,
        29.983466403089608
      ],
      "contour_line_pixels": [
        [
          0,
          201
        ],
        [
          2,
          202
        ],
        [
          29,
          208
        ],
        [
          29,
          208
        ],
        [
          57,
          219
        ],
        [
          84,
          230
        ],
        [
          85,
          230
        ],
        [
          112,
          241
        ],
        [
          139,
          250
        ],
        [
          149,
          252
        ],
        [
          167,
          263
        ],
        [
          185,
          274
        ],
        [
          195,
          295
        ],
        [
          222,
          296
        ],
        [
          222,
          296
        ],
        [
          250,
          317
        ],
        [
          250,
          317
        ],
        [
          250,
          339
        ],
        [
          250,
          340
        ],
        [
          222,
          350
        ],
        [
          195,
          350
        ],
        [
          167,
          347
        ],
        [
          139,
          339
        ],
        [
          112,
          339
        ],
        [
          111,
          339
        ],
        [
          84,
          332
        ],
        [
          57,
          325
        ],
        [
          29,
          318
        ],
        [
          29,
          317
        ],
        [
          2,
          312
        ],
        [
          0,
          311
        ]
      ]
    },
    {
      "elevation": 300,
      "elevation_bbox_pixels": [
        265.2374217726778,
        488.32416240377097,
        50.56430487206228,
        32.67611764986581
      ],
      "contour_line_pixels": []
    },
    {
      "elevation": 275,
      "elevation_bbox_pixels": [
        219.97777394475685,
        212.4589990863343,
        29.324659927521566,
        16.502816413669052
      ],
      "contour_line_pixels": [
        [
          0,
          165
        ],
        [
          2,
          165
        ],
        [
          2,
          165
        ],
        [
          29,
          171
        ],
        [
          57,
          179
        ],
        [
          84,
          184
        ],
        [
          95,
          187
        ],
        [
          112,
          192
        ],
        [
          139,
          202
        ],
        [
          161,
          208
        ],
        [
          167,
          211
        ],
        [
          195,
          221
        ],
        [
          222,
          228
        ],
        [
          229,
          230
        ],
        [
          250,
          238
        ],
        [
          277,
          248
        ],
        [
          296,
          252
        ],
        [
          305,
          256
        ],
        [
          332,
          267
        ],
        [
          360,
          274
        ],
        [
          360,
          274
        ],
        [
          387,
          283
        ],
        [
          415,
          286
        ],
        [
          442,
          287
        ],
        [
          470,
          287
        ],
        [
          498,
          287
        ],
        [
          512,
          288
        ]
      ]
    },
    {
      "elevation": 250,
      "elevation_bbox_pixels": [
        279.76383432484124,
        214.14076580969834,
        28.378720648409626,
        13.55843504841937
      ],
      "contour_line_pixels": [
        [
          0,
          135
        ],
        [
          2,
          135
        ],
        [
          29,
          141
        ],
        [
          36,
          143
        ],
        [
          57,
          147
        ],
        [
          84,
          152
        ],
        [
          112,
          155
        ],
        [
          139,
          155
        ],
        [
          167,
          163
        ],
        [
          172,
          165
        ],
        [
          195,
          171
        ],
        [
          222,
          176
        ],
        [
          250,
          180
        ],
        [
          268,
          187
        ],
        [
          277,
          190
        ],
        [
          305,
          199
        ],
        [
          328,
          208
        ],
        [
          332,
          210
        ],
        [
          360,
          219
        ],
        [
          387,
          228
        ],
        [
          393,
          230
        ],
        [
          415,
          238
        ],
        [
          442,
          242
        ],
        [
          470,
          246
        ],
        [
          498,
          247
        ],
        [
          512,
          247
        ]
      ]
    }
  ]
}