{
  "image": {
    "path": "N63E016_1541.png",
    "size": {
      "height": 512,
      "width": 512
    }
  },
  "labels": [
    {
      "elevation": 275,
      "elevation_bbox_pixels": [
        390.9452395778223,
        32.584966762221995,
        37.11374458783814,
        22.735120867616274
      ],
      "contour_line_pixels": [
        [
          512,
          46
        ],
        [
          508,
          47
        ],
        [
          501,
          46
        ],
        [
          493,
          44
        ],
        [
          490,
          43
        ],
        [
          485,
          40
        ],
        [
          477,
          36
        ],
        [
          473,
          32
        ],
        [
          477,
          23
        ],
        [
          485,
          21
        ],
        [
          492,
          20
        ],
        [
          493,
          20
        ],
        [
          501,
          20
        ],
        [
          508,
          19
        ],
        [
          512,
          18
        ]
      ]
    },
    {
      "elevation": 300,
      "elevation_bbox_pixels": [
        395.10867639349107,
        389.43129432808684,
        49.44858927863936,
        26.616697584240114
      ],
      "contour_line_pixels": [
        [
          512,
          421
        ],
        [
          508,
          418
        ],
        [
          508,
          418
        ],
        [
          508,
          406
        ],
        [
          508,
          395
        ],
        [
          501,
          389
        ],
        [
          493,
          383
        ],
        [
          493,
          383
        ],
        [
          493,
          383
        ],
        [
          500,
          371
        ],
        [
          501,
          371
        ],
        [
          508,
          371
        ],
        [
          512,
          371
        ]
      ]
    },
    {
      "elevation": 275,
      "elevation_bbox_pixels": [
        72.84958513313589,
        280.35914349378896,
        34.169915514975344,
        23.248453587575455
      ],
      "contour_line_pixels": [
        [
          0,
          288
        ],
        [
          0,
          289
        ],
        [
          0,
          294
        ]
      ]
    },
    {
      "elevation": 250,
      "elevation_bbox_pixels": [
        81.34334520789717,
        309.6273095336414,
        42.913482593095765,
        22.019586161263874
      ],
      "contour_line_pixels": [
        [
          0,
          188
        ],
        [
          4,
          196
        ],
        [
          7,
          207
        ],
        [
          8,
          207
        ],
        [
          15,
          219
        ],
        [
          15,
          231
        ],
        [
          15,
          242
        ],
        [
          14,
          254
        ],
        [
          15,
          262
        ],
        [
          17,
          266
        ],
        [
          22,
          278
        ],
        [
          22,
          289
        ],
        [
          21,
          301
        ],
        [
          20,
          313
        ],
        [
          20,
          324
        ],
        [
          23,
          336
        ],
        [
          23,
          336
        ],
        [
          28,
          348
        ],
        [
          31,
          352
        ],
        [
          38,
          360
        ],
        [
          39,
          363
        ],
        [
          43,
          371
        ],
        [
          42,
          383
        ],
        [
          39,
          389
        ],
        [
          32,
          395
        ],
        [
          31,
          395
        ],
        [
          23,
          396
        ],
        [
          15,
          396
        ],
        [
          7,
          395
        ],
        [
          7,
          395
        ],
        [
          0,
          394
        ]
      ]
    },
    {
      "elevation": 250,
      "elevation_bbox_pixels": [
        314.86257725856325,
        154.36265626420237,
        44.63215224701446,
        23.805858615581542
      ],