{
  "image": {
    "path": "N63E016_0076.png",
    "size": {
      "height": 512,
      "width": 512
    }
  },
  "labels": [
    {
      "elevation": 225,
      "elevation_bbox_pixels": [
        94.76650738920657,
        264.76513797473274,
        25.053202375287867,
        15.06642094421909
      ],
      "contour_line_pixels": [
        [
          0,
          272
        ],
        [
          14,
          272
        ],
        [
          0,
          272
        ]
      ]
    },
    {
      "elevation": 375,
      "elevation_bbox_pixels": [
        339.90217184238907,
        113.31008271219952,
        45.521716439429156,
        29.385060638211712
      ],
      "contour_line_pixels": [
        [
          512,
          424
        ],
        [
          503,
          419
        ],
        [
          489,
          407
        ],
        [
          492,
          369
        ],
        [
          498,
          330
        ],
        [
          503,
          304
        ],
        [
          505,
          292
        ],
        [
          509,
          253
        ],
        [
          503,
          238
        ],
        [
          493,
          214
        ],
        [
          480,
          176
        ],
        [
          474,
          166
        ],
        [
          445,
          139
        ],
        [
          442,
          137
        ],
        [
          417,
          115
        ],
        [
          388,
          101
        ],
        [
          386,
          99
        ],
        [
          388,
          94
        ],
        [
          410,
          60
        ],
        [
          417,
          53
        ],
        [
          445,
          31
        ],
        [
          457,
          21
        ],
        [
          474,
          7
        ],
        [
          481,
          0
        ]
      ]
    },
    {
      "elevation": 325,
      "elevation_bbox_pixels": [
        292.491046931747,
        205.48609127496115,
        58.73392186458011,
        32.95759047808633
      ],
      "contour_line_pixels": [
        [
          512,
          498
        ],
        [
          503,
          499
        ],
        [
          474,
          495
        ],
        [
          454,
          485
        ],
        [
          445,
          476
        ],
        [
          417,
          469
        ],
        [
          395,
          446
        ],
        [
          388,
          438
        ],
        [
          364,
          407
        ],
        [
          364,
          369
        ],
        [
          365,
          330
        ],
        [
          371,
          292
        ],
        [
          370,
          253
        ],
        [
          363,
          214
        ],
        [
          359,
          207
        ],
        [
          340,
          176
        ],
        [
          330,
          167
        ],
        [
          302,
          146
        ],
        [
          289,
          137
        ],
        [
          273,
          116
        ],
        [
          259,
          99
        ],
        [
          273,
          60
        ],
        [
          273,
          60
        ],
        [
          284,
          21
        ],
        [
          301,
          0
        ]
      ]
    },
    {
      "elevation": 350,
      "elevation_bbox_pixels": [
        318.4537043435992,
        150.8633869724856,
        49.23320357009686,
        25.663562888923025
      ],
      "contour_line_pixels": [
        [
          512,
          467
        ],
        [
          503,
          466
        ],
        [
          474,
          458
        ],
        [
          462,
          446
        ],
        [
          445,
          428
        ],
        [
          420,
          407
        ],
        [
          417,
          370
        ],
        [
          417,
          369
        ],
        [
          417,
          368
        ],
        [
          420,
          330
        ],
        [
          437,
          292
        ],
        [
          440,
          253
        ],
        [
          422,
          214
        ],
        [
          417,
          189
        ],
        [
          414,
          176
        ],
        [
          388,
          154
        ],
        [
          365,
          137
        ],
        [
          359,
          132
        ],
        [
          330,
          115
        ],
        [
          318,
          99
        ],
        [
          324,
          60
        ],
        [
          330,
          51
        ],
        [
          357,
          21
        ],
        [
          359,
          18
        ],
        [
          382,
          0
        ]
      ]
    },
    {
      "elevation": 300,
      "elevation_bbox_pixels": [
        253.49811446952083,
        285.68566634039576,
        49.879885151164444,
        26.47889072728907
      ],
      "contour_line_pixels": [
        [
          445,
          512
        ],
        [
          417,
          502
        ],
        [
          388,
          485
        ],
        [
          388,
          485
        ],
        [
          359,
          456
        ],
        [
          339,
          446
        ],
        [
          330,
          435
        ],
        [
          307,
          407
        ],
        [
          302,
          395
        ],
        [
          292,
          369
        ],
        [
          273,
          330
        ],
        [
          273,
          330
        ],
        [
          273,
          330
        ],
        [
          298,
          292
        ],
        [
          299,
          253
        ],
        [
          292,
          214
        ],
        [
          273,
          189
        ],
        [
          263,
          176
        ],
        [
          244,
          165
        ],
        [
          218,
          137
        ],
        [
          216,
          129
        ],
        [
          206,
          99
        ],
        [
          206,
          60
        ],
        [
          216,
          43
        ],
        [
          236,
          21
        ],
        [
          239,
          0
        ]
      ]
    },
    {
      "elevation": 275,
      "elevation_bbox_pixels": [
        237.35048944602948,
        432.9211353018658,
        45.128339769533,
        26.12540178433781
      ],
      "contour_line_pixels": []
    },
    {
      "elevation": 250,
      "elevation_bbox_pixels": [
        171.6177946502812,
        284.0966991947944,
        49.75521156454849,
        32.08194114026088
      ],
      "contour_line_pixels": [
        [
          295,
          512
        ],
        [
          273,
          501
        ],
        [
          247,
          485
        ],
        [
          244,
          483
        ],
        [
          216,
          449
        ],
        [
          213,
          446
        ],
        [
          187,
          408
        ],
        [
          187,
          407
        ],
        [
          158,
          369
        ],
        [
          158,
          369
        ],
        [
          158,
          330
        ],
        [
          158,
          292
        ],
        [
          129,
          257
        ],
        [
          126,
          253
        ],
        [
          101,
          214
        ],
        [
          100,
          214
        ],
        [
          72,
          185
        ],
        [
          64,
          176
        ],
        [
          47,
          137
        ],
        [
          43,
          118
        ],
        [
          37,
          99
        ],
        [
          14,
          68
        ],
        [
          0,
          68
        ]
      ]
    }
  ]
}