{
  "image": {
    "path": "N63E016_0223.png",
    "size": {
      "height": 512,
      "width": 512
    }
  },
  "labels": [
    {
      "elevation": 125,
      "elevation_bbox_pixels": [
        257.5329438692169,
        265.12688452230475,
        47.33343554083706,
        26.398024012955204
      ],
      "contour_line_pixels": []
    },
    {
      "elevation": 150,
      "elevation_bbox_pixels": [
        128.71292537333403,
        328.50692382981185,
        36.514568939475225,
        20.094374732298263
      ],
      "contour_line_pixels": []
    },
    {
      "elevation": 175,
      "elevation_bbox_pixels": [
        381.8858498949599,
        77.53477454352145,
        48.23200631460975,
        30.53970386080539
      ],
      "contour_line_pixels": []
    }
  ]
}