{
  "image": {
    "path": "N63E016_1103.png",
    "size": {
      "height": 512,
      "width": 512
    }
  },
  "labels": [
    {
      "elevation": 350,
      "elevation_bbox_pixels": [
        235.53716438158798,
        165.15328749380456,
        25.882386405138988,
        16.94427917954681
      ],
      "contour_line_pixels": []
    },
    {
      "elevation": 350,
      "elevation_bbox_pixels": [
        229.178717992752,
        411.0784761979643,
        55.06793420403187,
        30.119487048699085
      ],
      "contour_line_pixels": [
        [
          0,
          484
        ],
        [
          57,
          481
        ],
        [
          60,
          481
        ],
        [
          158,
          474
        ],
        [
          207,
          460
        ],
        [
          231,
          440
        ],
        [
          256,
          429
        ],
        [
          280,
          419
        ],
        [
          354,
          412
        ],
        [
          452,
          405
        ],
        [
          511,
          399
        ],
        [
          512,
          398
        ]
      ]
    },
    {
      "elevation": 325,
      "elevation_bbox_pixels": [
        243.81407270429304,
        313.06819206444754,
        45.072604310929364,
        30.926408847491814
      ],
      "contour_line_pixels": [
        [
          0,
          374
        ],
        [
          60,
          368
        ],
        [
          158,
          365
        ],
        [
          255,
          357
        ],
        [
          256,
          357
        ],
        [
          293,
          337
        ],
        [
          354,
          329
        ],
        [
          452,
          324
        ],
        [
          512,
          323
        ]
      ]
    }
  ]
}