{
  "image": {
    "path": "N63E016_0078.png",
    "size": {
      "height": 512,
      "width": 512
    }
  },
  "labels": [
    {
      "elevation": 450,
      "elevation_bbox_pixels": [
        301.71654470571974,
        0.5592453446557784,
        58.481899423960954,
        34.875280792016156
      ],
      "contour_line_pixels": [
        [
          512,
          46
        ],
        [
          512,
          45
        ],
        [
          503,
          25
        ],
        [
          503,
          24
        ],
        [
          474,
          14
        ],
        [
          445,
          7
        ],
        [
          434,
          4
        ],
        [
          423,
          0
        ]
      ]
    },
    {
      "elevation": 425,
      "elevation_bbox_pixels": [
        238.62025402412746,
        6.551814463632866,
        57.25557405683685,
        35.7535469086082
      ],
      "contour_line_pixels": [
        [
          512,
          153
        ],
        [
          503,
          149
        ],
        [
          503,
          149
        ],
        [
          484,
          128
        ],
        [
          474,
          111
        ],
        [
          471,
          108
        ],
        [
          460,
          87
        ],
        [
          454,
          66
        ],
        [
          445,
          49
        ],
        [
          440,
          45
        ],
        [
          417,
          39
        ],
        [
          388,
          36
        ],
        [
          359,
          32
        ],
        [
          330,
          27
        ],
        [
          302,
          24
        ],
        [
          273,
          24
        ],
        [
          244,
          24
        ],
        [
          244,
          24
        ],
        [
          216,
          17
        ],
        [
          187,
          14
        ],
        [
          172,
          4
        ],
        [
          172,
          0
        ]
      ]
    },
    {
      "elevation": 400,
      "elevation_bbox_pixels": [
        287.97510266078405,
        96.47350092095547,
        30.051694175142302,
        18.45480494707374
      ],
      "contour_line_pixels": [
        [
          512,
          209
        ],
        [
          503,
          207
        ],
        [
          480,
          191
        ],
        [
          474,
          188
        ],
        [
          445,
          170
        ],
        [
          445,
          170
        ],
        [
          431,
          149
        ],
        [
          417,
          129
        ],
        [
          416,
          128
        ],
        [
          402,
          108
        ],
        [
          388,
          97
        ],
        [
          359,
          87
        ],
        [
          330,
          87
        ],
        [
          330,
          87
        ],
        [
          302,
          84
        ],
        [
          274,
          87
        ],
        [
          273,
          87
        ],
        [
          268,
          108
        ],
        [
          263,
          128
        ],
        [
          263,
          149
        ],
        [
          273,
          169
        ],
        [
          274,
          170
        ],
        [
          273,
          170
        ],
        [
          244,
          175
        ],
        [
          216,
          176
        ],
        [
          187,
          172
        ],
        [
          172,
          170
        ],
        [
          158,
          166
        ],
        [
          129,
          157
        ],
        [
          101,
          149
        ],
        [
          100,
          149
        ],
        [
          72,
          143
        ],
        [
          43,
          136
        ],
        [
          14,
          128
        ],
        [
          0,
          128
        ]
      ]
    },
    {
      "elevation": 400,
      "elevation_bbox_pixels": [
        238.35749708980723,
        297.60461355038245,
        54.92700212553041,
        28.804163971631283
      ],
      "contour_line_pixels": []
    },
    {
      "elevation": 375,
      "elevation_bbox_pixels": [
        194.3291911282435,
        293.4809133101969,
        38.258936065452076,
        21.58626599306848
      ],
      "contour_line_pixels": []
    },
    {
      "elevation": 325,
      "elevation_bbox_pixels": [
        221.9168118504955,
        404.9291398447076,
        28.056305055232542,
        17.787048746165908
      ],
      "contour_line_pixels": []
    },
    {
      "elevation": 350,
      "elevation_bbox_pixels": [
        191.86571827869233,
        346.7328362502246,
        48.961123873755355,
        28.114136833679936
      ],
      "contour_line_pixels": []
    },
    {
      "elevation": 300,
      "elevation_bbox_pixels": [
        204.29344834446084,
        432.11536377830623,
        54.694204472867,
        28.55559188780927
      ],
      "contour_line_pixels": [
        [
          239,
          512
        ],
        [
          242,
          503
        ],
        [
          244,
          482
        ],
        [
          244,
          482
        ],
        [
          273,
          471
        ],
        [
          292,
          461
        ],
        [
          301,
          440
        ],
        [
          273,
          439
        ],
        [
          245,
          440
        ],
        [
          244,
          441
        ],
        [
          244,
          440
        ],
        [
          216,
          439
        ],
        [
          201,
          440
        ],
        [
          187,
          444
        ],
        [
          158,
          458
        ],
        [
          139,
          461
        ],
        [
          129,
          465
        ],
        [
          101,
          480
        ],
        [
          91,
          482
        ],
        [
          72,
          485
        ],
        [
          43,
          487
        ],
        [
          14,
          486
        ],
        [
          0,
          486
        ]
      ]
    },
    {
      "elevation": 275,
      "elevation_bbox_pixels": [
        182.11668273833894,
        497.69623620916076,
        45.302536746173445,
        26.999282130209465
      ],
      "contour_line_pixels": [
        [
          126,
          512
        ],
        [
          101,
          511
        ],
        [
          72,
          512
        ],
        [
          71,
          512
        ]
      ]
    }
  ]
}