{
  "image": {
    "path": "N63E016_0967.png",
    "size": {
      "height": 512,
      "width": 512
    }
  },
  "labels": [
    {
      "elevation": 275,
      "elevation_bbox_pixels": [
        192.0368085795966,
        263.681636178071,
        30.43960646882556,
        19.134939115454642
      ],
      "contour_line_pixels": [
        [
          0,
          267
        ],
        [
          0,
          267
        ],
        [
          18,
          272
        ],
        [
          25,
          274
        ],
        [
          26,
          282
        ],
        [
          18,
          283
        ],
        [
          0,
          284
        ],
        [
          0,
          284
        ]
      ]
    },
    {
      "elevation": 300,
      "elevation_bbox_pixels": [
        256.50813906926874,
        210.6514799209616,
        54.915191766419866,
        33.04765057818463
      ],
      "contour_line_pixels": [
        [
          512,
          236
        ],
        [
          501,
          236
        ],
        [
          484,
          235
        ],
        [
          466,
          235
        ],
        [
          449,
          234
        ],
        [
          435,
          233
        ],
        [
          432,
          233
        ],
        [
          415,
          231
        ],
        [
          397,
          228
        ],
        [
          380,
          226
        ],
        [
          371,
          225
        ],
        [
          363,
          224
        ],
        [
          346,
          219
        ],
        [
          328,
          217
        ],
        [
          328,
          217
        ],
        [
          311,
          209
        ],
        [
          311,
          209
        ],
        [
          294,
          201
        ],
        [
          294,
          201
        ],
        [
          294,
          193
        ],
        [
          294,
          193
        ],
        [
          311,
          185
        ],
        [
          311,
          185
        ],
        [
          328,
          184
        ],
        [
          346,
          184
        ],
        [
          363,
          183
        ],
        [
          380,
          184
        ],
        [
          397,
          184
        ],
        [
          403,
          185
        ],
        [
          415,
          187
        ],
        [
          432,
          190
        ],
        [
          449,
          192
        ],
        [
          458,
          193
        ],
        [
          466,
          194
        ],
        [
          484,
          198
        ],
        [
          501,
          201
        ],
        [
          501,
          201
        ],
        [
          512,
          204
        ]
      ]
    },
    {
      "elevation": 300,
      "elevation_bbox_pixels": [
        182.66604984785283,
        466.0009061963323,
        45.65082602332291,
        21.216489902412945
      ],
      "contour_line_pixels": []
    },
    {
      "elevation": 225,
      "elevation_bbox_pixels": [
        250.63377491865435,
        333.9696265119245,
        42.94425494563393,
        26.085172956087547
      ],
      "contour_line_pixels": []
    },
    {
      "elevation": 250,
      "elevation_bbox_pixels": [
        267.20490748062275,
        146.34610117034856,
        38.8248408708987,
        21.83634340122603
      ],
      "contour_line_pixels": []
    }
  ]
}