{
  "image": {
    "path": "N63E016_0637.png",
    "size": {
      "height": 512,
      "width": 512
    }
  },
  "labels": [
    {
      "elevation": 100,
      "elevation_bbox_pixels": [
        186.629451645227,
        101.64138330307748,
        37.960574231849364,
        22.247867137231765
      ],
      "contour_line_pixels": [
        [
          0,
          18
        ],
        [
          7,
          18
        ],
        [
          26,
          18
        ],
        [
          45,
          18
        ],
        [
          64,
          18
        ],
        [
          64,
          18
        ],
        [
          64,
          33
        ],
        [
          64,
          47
        ],
        [
          64,
          48
        ],
        [
          54,
          62
        ],
        [
          51,
          76
        ],
        [
          45,
          90
        ],
        [
          64,
          95
        ],
        [
          83,
          105
        ],
        [
          84,
          105
        ],
        [
          102,
          110
        ],
        [
          121,
          119
        ],
        [
          121,
          119
        ],
        [
          140,
          134
        ],
        [
          140,
          134
        ],
        [
          159,
          148
        ],
        [
          160,
          148
        ],
        [
          178,
          162
        ],
        [
          179,
          163
        ],
        [
          197,
          177
        ],
        [
          198,
          177
        ],
        [
          217,
          191
        ],
        [
          217,
          191
        ],
        [
          236,
          205
        ],
        [
          236,
          206
        ],
        [
          255,
          213
        ],
        [
          274,
          220
        ],
        [
          293,
          220
        ],
        [
          293,
          220
        ],
        [
          312,
          234
        ],
        [
          312,
          235
        ],
        [
          331,
          242
        ],
        [
          350,
          249
        ],
        [
          350,
          249
        ],
        [
          369,
          256
        ],
        [
          388,
          263
        ],
        [
          407,
          263
        ],
        [
          408,
          263
        ],
        [
          426,
          271
        ],
        [
          445,
          278
        ],
        [
          446,
          278
        ],
        [
          464,
          292
        ],
        [
          465,
          292
        ],
        [
          483,
          306
        ],
        [
          484,
          307
        ],
        [
          502,
          321
        ],
        [
          512,
          321
        ]
      ]
    },
    {
      "elevation": 125,
      "elevation_bbox_pixels": [
        280.5344397002697,
        383.96847170454566,
        32.28750674573598,
        15.568877210782432
      ],
      "contour_line_pixels": [
        [
          407,
          408
        ],
        [
          407,
          408
        ],
        [
          388,
          400
        ],
        [
          369,
          393
        ],
        [
          369,
          393
        ],
        [
          369,
          393
        ],
        [
          388,
          390
        ],
        [
          407,
          393
        ],
        [
          408,
          393
        ],
        [
          426,
          407
        ],
        [
          427,
          408
        ],
        [
          426,
          408
        ],
        [
          407,
          408
        ]
      ]
    }
  ]
}