{
  "image": {
    "path": "N63E016_0015.png",
    "size": {
      "height": 512,
      "width": 512
    }
  },
  "labels": [
    {
      "elevation": 350,
      "elevation_bbox_pixels": [
        389.2996089290193,
        420.65851829016674,
        48.30875791633616,
        30.44498357917925
      ],
      "contour_line_pixels": [
        [
          486,
          487
        ],
        [
          466,
          489
        ],
        [
          446,
          486
        ],
        [
          438,
          479
        ],
        [
          435,
          444
        ],
        [
          446,
          436
        ],
        [
          466,
          436
        ],
        [
          483,
          444
        ],
        [
          486,
          451
        ],
        [
          498,
          479
        ],
        [
          486,
          487
        ]
      ]
    },
    {
      "elevation": 400,
      "elevation_bbox_pixels": [
        35.43199661561142,
        396.5873200364801,
        47.15852228259495,
        26.588750443902057
      ],
      "contour_line_pixels": []
    },
    {
      "elevation": 375,
      "elevation_bbox_pixels": [
        80.60535085887247,
        355.68006734141136,
        52.46571856622455,
        31.484824389014648
      ],
      "contour_line_pixels": [
        [
          0,
          345
        ],
        [
          19,
          356
        ],
        [
          39,
          365
        ],
        [
          60,
          367
        ],
        [
          70,
          373
        ],
        [
          80,
          382
        ],
        [
          100,
          396
        ],
        [
          121,
          402
        ],
        [
          126,
          409
        ],
        [
          128,
          444
        ],
        [
          121,
          456
        ],
        [
          106,
          479
        ],
        [
          100,
          505
        ],
        [
          95,
          512
        ]
      ]
    },
    {
      "elevation": 325,
      "elevation_bbox_pixels": [
        169.45204728757034,
        400.8991939185609,
        35.35374182282942,
        21.371467564729414
      ],
      "contour_line_pixels": [
        [
          0,
          280
        ],
        [
          19,
          280
        ],
        [
          33,
          303
        ],
        [
          39,
          307
        ],
        [
          60,
          308
        ],
        [
          80,
          310
        ],
        [
          100,
          318
        ],
        [
          119,
          338
        ],
        [
          121,
          339
        ],
        [
          141,
          359
        ],
        [
          148,
          373
        ],
        [
          161,
          394
        ],
        [
          169,
          409
        ],
        [
          168,
          444
        ],
        [
          165,
          479
        ],
        [
          180,
          512
        ]
      ]
    },
    {
      "elevation": 300,
      "elevation_bbox_pixels": [
        272.4433293504697,
        257.20660279921105,
        35.34366337751305,
        18.430517907313344
      ],
      "contour_line_pixels": []
    }
  ]
}