{
  "image": {
    "path": "N63E016_0990.png",
    "size": {
      "height": 512,
      "width": 512
    }
  },
  "labels": [
    {
      "elevation": 225,
      "elevation_bbox_pixels": [
        276.27557721081547,
        66.67333896576667,
        28.910807876626336,
        19.108270723330634
      ],
      "contour_line_pixels": [
        [
          512,
          92
        ],
        [
          489,
          91
        ],
        [
          437,
          88
        ],
        [
          401,
          73
        ],
        [
          385,
          66
        ],
        [
          333,
          58
        ],
        [
          298,
          46
        ],
        [
          333,
          34
        ],
        [
          370,
          20
        ],
        [
          337,
          0
        ]
      ]
    }
  ]
}