{
  "image": {
    "path": "N63E016_0836.png",
    "size": {
      "height": 512,
      "width": 512
    }
  },
  "labels": [
    {
      "elevation": 250,
      "elevation_bbox_pixels": [
        180.4160151932052,
        480.99110231488584,
        25.0301279072508,
        15.775554695434572
      ],
      "contour_line_pixels": [
        [
          0,
          451
        ],
        [
          9,
          455
        ],
        [
          17,
          459
        ],
        [
          47,
          472
        ],
        [
          63,
          486
        ],
        [
          75,
          512
        ]
      ]
    },
    {
      "elevation": 225,
      "elevation_bbox_pixels": [
        237.8122544114246,
        333.63090940353356,
        37.781293501274035,
        21.045302656052797
      ],
      "contour_line_pixels": [
        [
          0,
          259
        ],
        [
          9,
          266
        ],
        [
          10,
          266
        ],
        [
          47,
          293
        ],
        [
          48,
          294
        ],
        [
          84,
          308
        ],
        [
          121,
          321
        ],
        [
          158,
          321
        ],
        [
          159,
          321
        ],
        [
          196,
          330
        ],
        [
          233,
          335
        ],
        [
          270,
          348
        ],
        [
          271,
          349
        ],
        [
          307,
          358
        ],
        [
          344,
          376
        ],
        [
          345,
          376
        ],
        [
          382,
          392
        ],
        [
          410,
          404
        ],
        [
          419,
          413
        ],
        [
          444,
          431
        ],
        [
          456,
          440
        ],
        [
          493,
          458
        ],
        [
          512,
          458
        ]
      ]
    }
  ]
}