{
  "image": {
    "path": "N63E016_0384.png",
    "size": {
      "height": 512,
      "width": 512
    }
  },
  "labels": [
    {
      "elevation": 350,
      "elevation_bbox_pixels": [
        307.2479201301666,
        131.87027550736997,
        58.3591417530007,
        34.851710594299334
      ],
      "contour_line_pixels": [
        [
          512,
          160
        ],
        [
          511,
          159
        ],
        [
          508,
          156
        ],
        [
          502,
          152
        ],
        [
          499,
          148
        ],
        [
          497,
          145
        ],
        [
          493,
          138
        ],
        [
          493,
          132
        ],
        [
          493,
          125
        ],
        [
          495,
          118
        ],
        [
          499,
          111
        ],
        [
          499,
          111
        ],
        [
          508,
          106
        ],
        [
          511,
          104
        ],
        [
          512,
          104
        ]
      ]
    },
    {
      "elevation": 300,
      "elevation_bbox_pixels": [
        307.31847242554704,
        333.7693519627822,
        57.25557405683685,
        35.7535469086082
      ],
      "contour_line_pixels": [
        [
          512,
          342
        ],
        [
          508,
          342
        ],
        [
          499,
          343
        ],
        [
          499,
          344
        ],
        [
          490,
          350
        ],
        [
          499,
          352
        ],
        [
          508,
          355
        ],
        [
          512,
          356
        ]
      ]
    },
    {
      "elevation": 450,
      "elevation_bbox_pixels": [
        163.51540898544857,
        125.554137749017,
        30.174975943880895,
        18.4754593775109
      ],
      "contour_line_pixels": [
        [
          0,
          131
        ],
        [
          5,
          132
        ],
        [
          5,
          132
        ],
        [
          14,
          134
        ],
        [
          23,
          135
        ],
        [
          33,
          137
        ],
        [
          37,
          138
        ],
        [
          33,
          142
        ],
        [
          29,
          145
        ],
        [
          23,
          149
        ],
        [
          19,
          152
        ],
        [
          14,
          154
        ],
        [
          5,
          155
        ],
        [
          0,
          155
        ]
      ]
    },
    {
      "elevation": 375,
      "elevation_bbox_pixels": [
        242.76519578538645,
        399.4984007491954,
        54.80217763143153,
        28.797542365106608
      ],
      "contour_line_pixels": [
        [
          331,
          425
        ],
        [
          331,
          426
        ],
        [
          322,
          429
        ],
        [
          312,
          429
        ],
        [
          309,
          425
        ],
        [
          303,
          422
        ],
        [
          299,
          419
        ],
        [
          299,
          412
        ],
        [
          303,
          411
        ],
        [
          312,
          410
        ],
        [
          322,
          410
        ],
        [
          331,
          411
        ],
        [
          333,
          412
        ],
        [
          340,
          416
        ],
        [
          348,
          419
        ],
        [
          340,
          423
        ],
        [
          331,
          425
        ]
      ]
    },
    {
      "elevation": 400,
      "elevation_bbox_pixels": [
        185.94818278081095,
        168.58324911804635,
        28.056305055232542,
        17.78704874616585
      ],
      "contour_line_pixels": [
        [
          0,
          90
        ],
        [
          5,
          91
        ],
        [
          5,
          91
        ],
        [
          14,
          95
        ],
        [
          23,
          97
        ],
        [
          23,
          97
        ],
        [
          23,
          104
        ],
        [
          26,
          111
        ],
        [
          33,
          112
        ],
        [
          42,
          112
        ],
        [
          47,
          111
        ],
        [
          51,
          110
        ],
        [
          61,
          110
        ],
        [
          70,
          110
        ],
        [
          79,
          110
        ],
        [
          88,
          111
        ],
        [
          98,
          111
        ],
        [
          98,
          111
        ],
        [
          107,
          114
        ],
        [
          116,
          117
        ],
        [
          120,
          118
        ],
        [
          119,
          125
        ],
        [
          116,
          127
        ],
        [
          111,
          132
        ],
        [
          107,
          135
        ],
        [
          103,
          138
        ],
        [
          102,
          145
        ],
        [
          105,
          152
        ],
        [
          107,
          154
        ],
        [
          113,
          159
        ],
        [
          116,
          162
        ],
        [
          117,
          166
        ],
        [
          116,
          168
        ],
        [
          107,
          173
        ],
        [
          107,
          173
        ],
        [
          98,
          174
        ],
        [
          88,
          177
        ],
        [
          79,
          179
        ],
        [
          79,
          179
        ],
        [
          70,
          179
        ],
        [
          61,
          179
        ],
        [
          51,
          181
        ],
        [
          42,
          182
        ],
        [
          33,
          183
        ],
        [
          23,
          183
        ],
        [
          14,
          185
        ],
        [
          5,
          186
        ],
        [
          5,
          186
        ],
        [
          0,
          187
        ]
      ]
    },
    {
      "elevation": 400,
      "elevation_bbox_pixels": [
        210.58235055360313,
        493.3537018761942,
        48.961123873755355,
        28.114136833679915
      ],
      "contour_line_pixels": [
        [
          48,
          512
        ],
        [
          51,
          511
        ],
        [
          61,
          511
        ],
        [
          70,
          507
        ],
        [
          70,
          507
        ],
        [
          79,
          507
        ],
        [
          88,
          507
        ],
        [
          98,
          507
        ],
        [
          107,
          507
        ],
        [
          116,
          507
        ],
        [
          126,
          507
        ],
        [
          135,
          507
        ],
        [
          144,
          507
        ],
        [
          154,
          507
        ],
        [
          163,
          507
        ],
        [
          172,
          507
        ],
        [
          182,
          507
        ],
        [
          191,
          507
        ],
        [
          200,
          507
        ],
        [
          201,
          507
        ],
        [
          210,
          510
        ],
        [
          219,
          511
        ],
        [
          228,
          512
        ]
      ]
    },
    {
      "elevation": 375,
      "elevation_bbox_pixels": [
        153.18576252305348,
        373.3655098368689,
        54.694204472867,
        28.55559188780927
      ],
      "contour_line_pixels": []
    },
    {
      "elevation": 350,