{
  "image": {
    "path": "N63E016_0771.png",
    "size": {
      "height": 512,
      "width": 512
    }
  },
  "labels": [
    {
      "elevation": 200,
      "elevation_bbox_pixels": [
        154.76392279726,
        477.3900333713094,
        59.09787813462293,
        31.95281059661764
      ],
      "contour_line_pixels": [
        [
          0,
          477
        ],
        [
          14,
          479
        ],
        [
          38,
          485
        ],
        [
          86,
          504
        ],
        [
          127,
          512
        ]
      ]
    },
    {
      "elevation": 175,
      "elevation_bbox_pixels": [
        191.35029607755922,
        448.84327246054045,
        37.52726322294495,
        22.793277023528447
      ],
      "contour_line_pixels": [
        [
          0,
          420
        ],
        [
          38,
          429
        ],
        [
          77,
          440
        ],
        [
          86,
          443
        ],
        [
          135,
          462
        ],
        [
          183,
          472
        ],
        [
          211,
          479
        ],
        [
          231,
          484
        ],
        [
          279,
          506
        ],
        [
          298,
          512
        ]
      ]
    },
    {
      "elevation": 150,
      "elevation_bbox_pixels": [
        245.8059996906599,
        439.96962509041117,
        58.90768163920367,
        34.08500263062447
      ],
      "contour_line_pixels": [
        [
          0,
          355
        ],
        [
          38,
          362
        ],
        [
          39,
          362
        ],
        [
          86,
          375
        ],
        [
          135,
          387
        ],
        [
          177,
          401
        ],
        [
          183,
          404
        ],
        [
          231,
          423
        ],
        [
          273,
          440
        ],
        [
          279,
          443
        ],
        [
          327,
          466
        ],
        [
          353,
          479
        ],
        [
          375,
          489
        ],
        [
          423,
          508
        ],
        [
          428,
          512
        ]
      ]
    }
  ]
}