{
  "image": {
    "path": "N63E016_0121.png",
    "size": {
      "height": 512,
      "width": 512
    }
  },
  "labels": [
    {
      "elevation": 325,
      "elevation_bbox_pixels": [
        468.1672436501241,
        86.23807621909526,
        39.59919022699046,
        24.60453993921658
      ],
      "contour_line_pixels": []
    },
    {
      "elevation": 400,
      "elevation_bbox_pixels": [
        291.10221141543195,
        124.80261421086078,
        45.521716439429156,
        29.385060638211712
      ],
      "contour_line_pixels": [
        [
          344,
          141
        ],
        [
          336,
          141
        ],
        [
          336,
          141
        ],
        [
          328,
          120
        ],
        [
          319,
          114
        ],
        [
          319,
          114
        ],
        [
          311,
          95
        ],
        [
          307,
          86
        ],
        [
          311,
          82
        ],
        [
          319,
          84
        ],
        [
          328,
          86
        ],
        [
          328,
          86
        ],
        [
          336,
          100
        ],
        [
          344,
          114
        ],
        [
          344,
          114
        ],
        [
          344,
          141
        ],
        [
          344,
          141
        ]
      ]
    },
    {
      "elevation": 375,
      "elevation_bbox_pixels": [
        17.264909652032095,
        311.3081378073156,
        49.10915936064088,
        25.648134535140628
      ],
      "contour_line_pixels": []
    },
    {
      "elevation": 325,
      "elevation_bbox_pixels": [
        398.26917555214567,
        296.97607589257404,
        49.63102541335468,
        26.455040551247237
      ],
      "contour_line_pixels": [
        [
          344,
          477
        ],
        [
          339,
          468
        ],
        [
          336,
          463
        ],
        [
          328,
          449
        ],
        [
          322,
          440
        ],
        [
          319,
          427
        ],
        [
          315,
          413
        ],
        [
          319,
          400
        ],
        [
          322,
          386
        ],
        [
          328,
          378
        ],
        [
          336,
          372
        ],
        [
          344,
          363
        ],
        [
          353,
          360
        ],
        [
          361,
          364
        ],
        [
          369,
          367
        ],
        [
          377,
          367
        ],
        [
          386,
          361
        ],
        [
          387,
          359
        ],
        [
          394,
          345
        ],
        [
          402,
          339
        ],
        [
          411,
          335
        ],
        [
          419,
          335
        ],
        [
          427,
          338
        ],
        [
          436,
          344
        ],
        [
          444,
          359
        ],
        [
          444,
          359
        ],
        [
          449,
          386
        ],
        [
          448,
          413
        ],
        [
          444,
          425
        ],
        [
          436,
          430
        ],
        [
          427,
          429
        ],
        [
          419,
          422
        ],
        [
          413,
          413
        ],
        [
          411,
          411
        ],
        [
          408,
          413
        ],
        [
          402,
          431
        ],
        [
          401,
          440
        ],
        [
          402,
          467
        ],
        [
          402,
          468
        ],
        [
          402,
          468
        ],
        [
          394,
          481
        ],
        [
          386,
          485
        ],
        [
          377,
          485
        ],
        [
          369,
          484
        ],
        [
          361,
          486
        ],
        [
          353,
          487
        ],
        [
          344,
          477
        ]
      ]
    },
    {
      "elevation": 350,
      "elevation_bbox_pixels": [
        302.0728206426452,
        71.92264991616497,
        45.25194559187639,
        26.144018999028162
      ],
      "contour_line_pixels": []
    },
    {
      "elevation": 325,
      "elevation_bbox_pixels": [
        259.35539054308356,
        305.05171471512676,
        49.75521156454852,
        32.08194114026088
      ],
      "contour_line_pixels": []
    },
    {
      "elevation": 300,
      "elevation_bbox_pixels": [
        243.360346896155,
        358.8448339411819,
        50.394742636673215,
        30.12303161391661
      ],
      "contour_line_pixels": []
    },
    {
      "elevation": 275,
      "elevation_bbox_pixels": [
        492.08856597760564,
        314.6729226643438,
        39.50504449092341,
        22.519912430041643
      ],
      "contour_line_pixels": [
        [
          512,
          358
        ],
        [
          512,
          359
        ],
        [
          512,
          362
        ]
      ]
    }
  ]
}