{
  "image": {
    "path": "N63E016_1402.png",
    "size": {
      "height": 512,
      "width": 512
    }
  },
  "labels": [
    {
      "elevation": 225,
      "elevation_bbox_pixels": [
        233.275556221417,
        27.131183822945616,
        38.129050867191836,
        19.008129692256603
      ],
      "contour_line_pixels": []
    },
    {
      "elevation": 250,
      "elevation_bbox_pixels": [
        252.6137519441346,
        444.1710570744042,
        54.81661331279224,
        32.001875671411256
      ],
      "contour_line_pixels": [
        [
          512,
          473
        ],
        [
          480,
          468
        ],
        [
          495,
          458
        ],
        [
          512,
          457
        ]
      ]
    }
  ]
}