{
  "image": {
    "path": "N63E016_1200.png",
    "size": {
      "height": 512,
      "width": 512
    }
  },
  "labels": [
    {
      "elevation": 225,
      "elevation_bbox_pixels": [
        362.16713839752555,
        123.00618849448534,
        34.50383770045448,
        18.007356686784874
      ],
      "contour_line_pixels": []
    }
  ]
}