{
  "image": {
    "path": "N63E016_0691.png",
    "size": {
      "height": 512,
      "width": 512
    }
  },
  "labels": [
    {
      "elevation": 300,
      "elevation_bbox_pixels": [
        299.4353634625097,
        28.38212818342822,
        48.424762533056764,
        29.60936075509335
      ],
      "contour_line_pixels": [
        [
          370,
          103
        ],
        [
          370,
          103
        ],
        [
          352,
          86
        ],
        [
          341,
          83
        ],
        [
          335,
          76
        ],
        [
          324,
          63
        ],
        [
          318,
          44
        ],
        [
          318,
          43
        ],
        [
          301,
          23
        ],
        [
          301,
          23
        ],
        [
          301,
          23
        ],
        [
          318,
          12
        ],
        [
          335,
          17
        ],
        [
          352,
          23
        ],
        [
          353,
          23
        ],
        [
          370,
          37
        ],
        [
          387,
          43
        ],
        [
          387,
          43
        ],
        [
          404,
          63
        ],
        [
          404,
          63
        ],
        [
          421,
          83
        ],
        [
          422,
          83
        ],
        [
          422,
          103
        ],
        [
          421,
          103
        ],
        [
          404,
          106
        ],
        [
          387,
          107
        ],
        [
          370,
          103
        ]
      ]
    },
    {
      "elevation": 275,
      "elevation_bbox_pixels": [
        354.85971798645096,
        239.1575838121965,
        57.25557405683685,
        35.7535469086082
      ],
      "contour_line_pixels": []
    },
    {
      "elevation": 325,
      "elevation_bbox_pixels": [
        361.3295644326536,
        98.5082518733717,
        30.42153948135808,
        18.51676823838511
      ],
      "contour_line_pixels": [
        [
          512,
          141
        ],
        [
          507,
          136
        ],
        [
          497,
          123
        ],
        [
          490,
          109
        ],
        [
          486,
          103
        ],
        [
          490,
          97
        ],
        [
          500,
          83
        ],
        [
          506,
          63
        ],
        [
          507,
          43
        ],
        [
          493,
          23
        ],
        [
          490,
          4
        ],
        [
          490,
          4
        ],
        [
          490,
          3
        ],
        [
          490,
          0
        ]
      ]
    },
    {
      "elevation": 225,
      "elevation_bbox_pixels": [
        152.94438436865937,
        360.04251261611034,
        38.38361880113575,
        21.595166297693993
      ],
      "contour_line_pixels": []
    },
    {
      "elevation": 275,
      "elevation_bbox_pixels": [
        119.04071775962677,
        0.18369139158863845,
        28.056305055232542,
        17.78704874616585
      ],
      "contour_line_pixels": []
    },
    {
      "elevation": 250,
      "elevation_bbox_pixels": [
        106.89125279000572,
        215.37077888042154,
        48.83662651168726,
        28.102938314220864
      ],
      "contour_line_pixels": []
    }
  ]
}