{
  "image": {
    "path": "N63E016_1484.png",
    "size": {
      "height": 512,
      "width": 512
    }
  },
  "labels": [
    {
      "elevation": 275,
      "elevation_bbox_pixels": [
        279.4816866352084,
        285.1256320621141,
        53.81039619113301,
        27.620387913608397
      ],
      "contour_line_pixels": []
    },
    {
      "elevation": 250,
      "elevation_bbox_pixels": [
        269.2954435547714,
        99.8416587519468,
        49.18523292229179,
        24.757005648685777
      ],
      "contour_line_pixels": [
        [
          115,
          0
        ],
        [
          175,
          17
        ],
        [
          269,
          39
        ],
        [
          276,
          42
        ],
        [
          363,
          87
        ],
        [
          376,
          94
        ],
        [
          457,
          135
        ],
        [
          480,
          146
        ],
        [
          512,
          167
        ]
      ]
    },
    {
      "elevation": 225,
      "elevation_bbox_pixels": [
        292.54522733005365,
        29.440553683427765,
        32.21630710376621,
        15.196559352588565
      ],
      "contour_line_pixels": [
        [
          403,
          0
        ],
        [
          457,
          30
        ],
        [
          483,
          42
        ],
        [
          512,
          54
        ]
      ]
    }
  ]
}