{
  "image": {
    "path": "N63E016_0698.png",
    "size": {
      "height": 512,
      "width": 512
    }
  },
  "labels": [
    {
      "elevation": 350,
      "elevation_bbox_pixels": [
        277.06847676593543,
        99.79899761906256,
        41.158135732529445,
        24.271456382490896
      ],
      "contour_line_pixels": []
    },
    {
      "elevation": 375,
      "elevation_bbox_pixels": [
        191.3484207761974,
        133.27356749984727,
        47.057501421186714,
        28.622316551817335
      ],
      "contour_line_pixels": [
        [
          0,
          135
        ],
        [
          17,
          142
        ],
        [
          36,
          167
        ],
        [
          36,
          191
        ],
        [
          0,
          197
        ]
      ]
    },
    {
      "elevation": 375,
      "elevation_bbox_pixels": [
        227.40242270848285,
        321.9654178992116,
        42.94017535792591,
        20.680823272519376
      ],
      "contour_line_pixels": []
    }
  ]
}