{
  "image": {
    "path": "N63E016_1098.png",
    "size": {
      "height": 512,
      "width": 512
    }
  },
  "labels": [
    {
      "elevation": 350,
      "elevation_bbox_pixels": [
        196.9619296685343,
        64.04836038249152,
        30.436333372155445,
        16.986633632228177
      ],
      "contour_line_pixels": []
    },
    {
      "elevation": 325,
      "elevation_bbox_pixels": [
        207.01738474457213,
        168.8683900606983,
        36.969625717780275,
        18.972445566267425
      ],
      "contour_line_pixels": []
    },
    {
      "elevation": 375,
      "elevation_bbox_pixels": [
        254.1711522500465,
        396.6537860716593,
        25.818522519479046,
        15.967150735036967
      ],
      "contour_line_pixels": [
        [
          227,
          512
        ],
        [
          229,
          511
        ],
        [
          241,
          505
        ],
        [
          252,
          492
        ],
        [
          252,
          492
        ],
        [
          275,
          486
        ],
        [
          298,
          483
        ],
        [
          320,
          481
        ],
        [
          332,
          478
        ],
        [
          320,
          465
        ],
        [
          320,
          465
        ],
        [
          298,
          456
        ],
        [
          286,
          452
        ],
        [
          275,
          445
        ],
        [
          263,
          438
        ],
        [
          263,
          425
        ],
        [
          275,
          411
        ],
        [
          275,
          411
        ],
        [
          298,
          405
        ],
        [
          320,
          403
        ],
        [
          343,
          400
        ],
        [
          366,
          402
        ],
        [
          388,
          405
        ],
        [
          411,
          407
        ],
        [
          434,
          410
        ],
        [
          440,
          411
        ],
        [
          457,
          417
        ],
        [
          479,
          422
        ],
        [
          491,
          425
        ],
        [
          502,
          429
        ],
        [
          512,
          431
        ]
      ]
    },
    {
      "elevation": 350,
      "elevation_bbox_pixels": [
        213.40497837174473,
        322.87620761893993,
        55.66074471569459,
        26.88463934494507
      ],
      "contour_line_pixels": [
        [
          0,
          423
        ],
        [
          2,
          423
        ],
        [
          25,
          420
        ],
        [
          40,
          411
        ],
        [
          48,
          408
        ],
        [
          67,
          398
        ],
        [
          70,
          395
        ],
        [
          78,
          385
        ],
        [
          87,
          371
        ],
        [
          93,
          362
        ],
        [
          98,
          358
        ],
        [
          116,
          347
        ],
        [
          127,
          344
        ],
        [
          139,
          343
        ],
        [
          161,
          338
        ],
        [
          184,
          337
        ],
        [
          207,
          336
        ],
        [
          229,
          336
        ],
        [
          252,
          337
        ],
        [
          275,
          339
        ],
        [
          298,
          343
        ],
        [
          305,
          344
        ],
        [
          320,
          347
        ],
        [
          343,
          351
        ],
        [
          366,
          354
        ],
        [
          388,
          358
        ],
        [
          389,
          358
        ],
        [
          411,
          362
        ],
        [
          434,
          368
        ],
        [
          443,
          371
        ],
        [
          457,
          375
        ],
        [
          479,
          379
        ],
        [
          502,
          385
        ],
        [
          502,
          385
        ],
        [
          512,
          388
        ]
      ]
    },
    {
      "elevation": 325,
      "elevation_bbox_pixels": [
        198.49388563584557,
        269.7821433363617,
        51.154906233460224,
        27.34869362741813
      ],
      "contour_line_pixels": [
        [
          0,
          347
        ],
        [
          2,
          346
        ],
        [
          6,
          344
        ],
        [
          18,
          331
        ],
        [
          25,
          322
        ],
        [
          29,
          318
        ],
        [
          47,
          304
        ],
        [
          48,
          304
        ],
        [
          70,
          291
        ],
        [
          70,
          291
        ],
        [
          93,
          288
        ],
        [
          116,
          286
        ],
        [
          139,
          283
        ],
        [
          161,
          283
        ],
        [
          184,
          283
        ],
        [
          207,
          284
        ],
        [
          229,
          286
        ],
        [
          252,
          288
        ],
        [
          263,
          291
        ],
        [
          275,
          293
        ],
        [
          298,
          297
        ],
        [
          320,
          300
        ],
        [
          343,
          304
        ],
        [
          343,
          304
        ],
        [
          366,
          308
        ],
        [
          388,
          311
        ],
        [
          411,
          318
        ],
        [
          411,
          318
        ],
        [
          434,
          323
        ],
        [
          457,
          327
        ],
        [
          468,
          331
        ],
        [
          479,
          335
        ],
        [
          502,
          342
        ],
        [
          507,
          344
        ],
        [
          512,
          346
        ]
      ]
    },
    {
      "elevation": 300,
      "elevation_bbox_pixels": [
        248.6545482602109,
        229.504271896268,
        34.68355443095345,
        16.318276442697766
      ],
      "contour_line_pixels": []
    },
    {
      "elevation": 275,
      "elevation_bbox_pixels": [
        272.63627004279857,
        84.12519249180968,
        52.872086126010686,
        32.4461217881053
      ],
      "contour_line_pixels": [
        [
          218,
          0
        ],
        [
          229,
          3
        ],
        [
          252,
          8
        ],
        [
          257,
          10
        ],
        [
          275,
          15
        ],
        [
          294,
          23
        ],
        [
          298,
          25
        ],
        [
          316,
          36
        ],
        [
          320,
          39
        ],
        [
          333,
          50
        ],
        [
          343,
          63
        ],
        [
          343,
          63
        ],
        [
          358,
          77
        ],
        [
          366,
          85
        ],
        [
          373,
          90
        ],
        [
          388,
          94
        ],
        [
          411,
          99
        ],
        [
          434,
          102
        ],
        [
          440,
          103
        ],
        [
          457,
          107
        ],
        [
          479,
          112
        ],
        [
          502,
          116
        ],
        [
          506,
          117
        ],
        [
          512,
          119
        ]
      ]
    }
  ]
}