{
  "image": {
    "path": "N63E016_0892.png",
    "size": {
      "height": 512,
      "width": 512
    }
  },
  "labels": [
    {
      "elevation": 300,
      "elevation_bbox_pixels": [
        221.42798682635873,
        22.905414763858005,
        30.43960646882556,
        19.134939115454586
      ],
      "contour_line_pixels": []
    },
    {
      "elevation": 300,
      "elevation_bbox_pixels": [
        198.68490307567504,
        113.45224483777554,
        54.915191766419866,
        33.04765057818463
      ],
      "contour_line_pixels": [
        [
          0,
          109
        ],
        [
          9,
          111
        ],
        [
          38,
          117
        ],
        [
          38,
          117
        ],
        [
          67,
          127
        ],
        [
          67,
          127
        ],
        [
          96,
          135
        ],
        [
          110,
          138
        ],
        [
          124,
          149
        ],
        [
          125,
          149
        ],
        [
          153,
          160
        ],
        [
          153,
          160
        ],
        [
          153,
          160
        ],
        [
          124,
          160
        ],
        [
          96,
          171
        ],
        [
          96,
          171
        ],
        [
          95,
          171
        ],
        [
          67,
          165
        ],
        [
          38,
          162
        ],
        [
          9,
          161
        ],
        [
          0,
          161
        ]
      ]
    },
    {
      "elevation": 275,
      "elevation_bbox_pixels": [
        263.5291585318636,
        230.02224552457557,
        33.39246304434914,
        17.34526480965576
      ],
      "contour_line_pixels": []
    },
    {
      "elevation": 275,
      "elevation_bbox_pixels": [
        192.28533935947274,
        367.19767241928776,
        45.77578004219242,
        21.21988005998439
      ],
      "contour_line_pixels": [
        [
          354,
          386
        ],
        [
          325,
          393
        ],
        [
          296,
          394
        ],
        [
          268,
          394
        ],
        [
          239,
          394
        ],
        [
          210,
          393
        ],
        [
          182,
          391
        ],
        [
          153,
          391
        ],
        [
          124,
          391
        ],
        [
          96,
          390
        ],
        [
          67,
          389
        ],
        [
          38,
          387
        ],
        [
          32,
          386
        ],
        [
          9,
          377
        ],
        [
          7,
          376
        ],
        [
          9,
          373
        ],
        [
          32,
          365
        ],
        [
          38,
          364
        ],
        [
          67,
          363
        ],
        [
          96,
          363
        ],
        [
          124,
          363
        ],
        [
          153,
          364
        ],
        [
          172,
          365
        ],
        [
          182,
          366
        ],
        [
          210,
          369
        ],
        [
          239,
          371
        ],
        [
          268,
          373
        ],
        [
          296,
          374
        ],
        [
          318,
          376
        ],
        [
          325,
          377
        ],
        [
          354,
          386
        ],
        [
          354,
          386
        ],
        [
          354,
          386
        ]
      ]
    },
    {
      "elevation": 225,
      "elevation_bbox_pixels": [
        207.48678358376617,
        473.88486344468913,
        39.49387514265004,
        23.325889757664132
      ],
      "contour_line_pixels": []
    },
    {
      "elevation": 250,
      "elevation_bbox_pixels": [
        257.810886066708,
        267.5719922546424,
        38.8248408708987,
        21.83634340122603
      ],
      "contour_line_pixels": [
        [
          512,
          280
        ],
        [
          497,
          280
        ],
        [
          469,
          280
        ],
        [
          440,
          280
        ],
        [
          411,
          280
        ],
        [
          383,
          278
        ],
        [
          382,
          278
        ],
        [
          354,
          276
        ],
        [
          325,
          274
        ],
        [
          296,
          272
        ],
        [
          268,
          270
        ],
        [
          249,
          268
        ],
        [
          239,
          267
        ],
        [
          210,
          264
        ],
        [
          182,
          262
        ],
        [
          153,
          259
        ],
        [
          134,
          257
        ],
        [
          124,
          256
        ],
        [
          96,
          254
        ],
        [
          67,
          252
        ],
        [
          38,
          253
        ],
        [
          9,
          251
        ],
        [
          0,
          252
        ]
      ]
    }
  ]
}