{
  "image": {
    "path": "N63E016_0184.png",
    "size": {
      "height": 512,
      "width": 512
    }
  },
  "labels": [
    {
      "elevation": 375,
      "elevation_bbox_pixels": [
        194.39716337980119,
        232.65059848682586,
        37.70005630705742,
        21.417838703960115
      ],
      "contour_line_pixels": [
        [
          0,
          268
        ],
        [
          11,
          259
        ],
        [
          38,
          222
        ],
        [
          45,
          218
        ],
        [
          80,
          205
        ],
        [
          114,
          205
        ],
        [
          149,
          206
        ],
        [
          183,
          210
        ],
        [
          201,
          222
        ],
        [
          218,
          250
        ],
        [
          253,
          269
        ],
        [
          287,
          287
        ],
        [
          322,
          294
        ],
        [
          346,
          306
        ],
        [
          356,
          327
        ],
        [
          386,
          390
        ],
        [
          391,
          401
        ],
        [
          413,
          474
        ],
        [
          408,
          512
        ]
      ]
    },
    {
      "elevation": 350,
      "elevation_bbox_pixels": [
        105.6761210705852,
        140.69324245298264,
        52.25847156401727,
        32.56731024395708
      ],
      "contour_line_pixels": [
        [
          0,
          124
        ],
        [
          11,
          126
        ],
        [
          45,
          126
        ],
        [
          80,
          134
        ],
        [
          88,
          138
        ],
        [
          114,
          145
        ],
        [
          149,
          149
        ],
        [
          183,
          150
        ],
        [
          218,
          166
        ],
        [
          253,
          186
        ],
        [
          287,
          211
        ],
        [
          303,
          222
        ],
        [
          322,
          234
        ],
        [
          356,
          256
        ],
        [
          391,
          293
        ],
        [
          402,
          306
        ],
        [
          426,
          358
        ],
        [
          445,
          390
        ],
        [
          460,
          426
        ],
        [
          491,
          474
        ],
        [
          495,
          484
        ],
        [
          508,
          512
        ]
      ]
    },
    {
      "elevation": 325,
      "elevation_bbox_pixels": [
        182.1798070949515,
        88.30668455135134,
        49.38941084481519,
        30.866426070107877
      ],
      "contour_line_pixels": [
        [
          0,
          30
        ],
        [
          11,
          32
        ],
        [
          45,
          34
        ],
        [
          80,
          50
        ],
        [
          114,
          54
        ],
        [
          115,
          54
        ],
        [
          149,
          65
        ],
        [
          183,
          80
        ],
        [
          218,
          93
        ],
        [
          253,
          121
        ],
        [
          281,
          138
        ],
        [
          287,
          141
        ],
        [
          322,
          168
        ],
        [
          356,
          198
        ],
        [
          374,
          222
        ],
        [
          391,
          241
        ],
        [
          426,
          275
        ],
        [
          455,
          306
        ],
        [
          460,
          314
        ],
        [
          495,
          350
        ],
        [
          512,
          375
        ]
      ]
    },
    {
      "elevation": 300,
      "elevation_bbox_pixels": [
        285.7860809975245,
        90.1408325447087,
        52.45904773270024,
        34.78351614357143
      ],
      "contour_line_pixels": [
        [
          180,
          0
        ],
        [
          183,
          4
        ],
        [
          218,
          20
        ],
        [
          253,
          40
        ],
        [
          266,
          54
        ],
        [
          287,
          75
        ],
        [
          322,
          100
        ],
        [
          356,
          131
        ],
        [
          364,
          138
        ],
        [
          391,
          163
        ],
        [
          426,
          207
        ],
        [
          445,
          222
        ],
        [
          460,
          232
        ],
        [
          495,
          265
        ],
        [
          512,
          277
        ]
      ]
    },
    {
      "elevation": 250,
      "elevation_bbox_pixels": [
        468.78724438471073,
        17.113877526898648,
        62.366336994435585,
        32.55968191950626
      ],
      "contour_line_pixels": [
        [
          491,
          0
        ],
        [
          495,
          6
        ],
        [
          512,
          24
        ]
      ]
    },
    {
      "elevation": 275,
      "elevation_bbox_pixels": [
        366.9338654371294,
        80.99987983765197,
        51.23312103755984,
        31.72005344245349
      ],
      "contour_line_pixels": [
        [
          289,
          0
        ],
        [
          322,
          23
        ],
        [
          356,
          44
        ],
        [
          363,
          54
        ],
        [
          391,
          79
        ],
        [
          426,
          110
        ],
        [
          460,
          138
        ],
        [
          460,
          138
        ],
        [
          495,
          186
        ],
        [
          512,
          193
        ]
      ]
    }
  ]
}