{
  "image": {
    "path": "N63E016_0667.png",
    "size": {
      "height": 512,
      "width": 512
    }
  },
  "labels": [
    {
      "elevation": 150,
      "elevation_bbox_pixels": [
        266.76116995350014,
        11.691916561726941,
        54.640462307617554,
        32.25199458832947
      ],
      "contour_line_pixels": [
        [
          512,
          52
        ],
        [
          501,
          50
        ],
        [
          500,
          50
        ],
        [
          462,
          47
        ],
        [
          424,
          43
        ],
        [
          386,
          35
        ],
        [
          348,
          24
        ],
        [
          336,
          20
        ],
        [
          310,
          4
        ],
        [
          303,
          0
        ]
      ]
    },
    {
      "elevation": 175,
      "elevation_bbox_pixels": [
        241.51347645052613,
        123.31728408605812,
        54.36207255021395,
        33.89231754412833
      ],
      "contour_line_pixels": [
        [
          512,
          128
        ],
        [
          500,
          129
        ],
        [
          462,
          139
        ],
        [
          443,
          143
        ],
        [
          424,
          150
        ],
        [
          386,
          161
        ],
        [
          348,
          158
        ],
        [
          310,
          149
        ],
        [
          297,
          143
        ],
        [
          272,
          134
        ],
        [
          234,
          129
        ],
        [
          196,
          122
        ],
        [
          158,
          112
        ],
        [
          158,
          112
        ],
        [
          120,
          103
        ],
        [
          82,
          94
        ],
        [
          44,
          86
        ],
        [
          25,
          81
        ],
        [
          6,
          77
        ],
        [
          0,
          75
        ]
      ]
    },
    {
      "elevation": 200,
      "elevation_bbox_pixels": [
        208.25519772226366,
        221.2541386572371,
        31.758117210056582,
        18.455621259527902
      ],
      "contour_line_pixels": [
        [
          0,
          213
        ],
        [
          6,
          214
        ],
        [
          44,
          221
        ],
        [
          82,
          223
        ],
        [
          120,
          227
        ],
        [
          158,
          228
        ],
        [
          183,
          235
        ],
        [
          196,
          238
        ],
        [
          234,
          248
        ],
        [
          272,
          260
        ],
        [
          291,
          265
        ],
        [
          310,
          273
        ],
        [
          348,
          296
        ],
        [
          386,
          296
        ],
        [
          424,
          288
        ],
        [
          462,
          284
        ],
        [
          500,
          284
        ],
        [
          512,
          284
        ]
      ]
    },
    {
      "elevation": 225,
      "elevation_bbox_pixels": [
        275.91283455717934,
        389.29672053427714,
        32.82990308595174,
        20.444569458825583
      ],
      "contour_line_pixels": [
        [
          0,
          319
        ],
        [
          6,
          319
        ],
        [
          44,
          326
        ],
        [
          82,
          326
        ],
        [
          83,
          327
        ],
        [
          120,
          337
        ],
        [
          158,
          347
        ],
        [
          177,
          357
        ],
        [
          196,
          368
        ],
        [
          234,
          378
        ],
        [
          272,
          388
        ],
        [
          273,
          388
        ],
        [
          310,
          393
        ],
        [
          348,
          400
        ],
        [
          386,
          400
        ],
        [
          424,
          397
        ],
        [
          462,
          388
        ],
        [
          462,
          388
        ],
        [
          500,
          382
        ],
        [
          512,
          381
        ]
      ]
    }
  ]
}