{
  "image": {
    "path": "N63E016_0091.png",
    "size": {
      "height": 512,
      "width": 512
    }
  },
  "labels": [
    {
      "elevation": 450,
      "elevation_bbox_pixels": [
        276.35469748029396,
        -12.20411315903516,
        55.26958102740525,
        30.030541035690987
      ],
      "contour_line_pixels": []
    },
    {
      "elevation": 425,
      "elevation_bbox_pixels": [
        372.1003170075129,
        79.005671648646,
        58.267039462690946,
        34.93333833038389
      ],
      "contour_line_pixels": [
        [
          487,
          107
        ],
        [
          474,
          115
        ],
        [
          461,
          119
        ],
        [
          449,
          119
        ],
        [
          436,
          122
        ],
        [
          423,
          126
        ],
        [
          411,
          122
        ],
        [
          398,
          104
        ],
        [
          398,
          103
        ],
        [
          398,
          103
        ],
        [
          411,
          75
        ],
        [
          411,
          75
        ],
        [
          423,
          61
        ],
        [
          436,
          58
        ],
        [
          449,
          58
        ],
        [
          461,
          58
        ],
        [
          474,
          65
        ],
        [
          487,
          75
        ],
        [
          487,
          75
        ],
        [
          490,
          103
        ],
        [
          487,
          107
        ]
      ]
    },
    {
      "elevation": 475,
      "elevation_bbox_pixels": [
        164.922095304601,
        13.318394352651012,
        43.37979399386961,
        25.268940612735605
      ],
      "contour_line_pixels": []
    },
    {
      "elevation": 450,
      "elevation_bbox_pixels": [
        142.0547698999713,
        88.05834954098646,
        60.757503596631864,
        36.66179123508118
      ],
      "contour_line_pixels": [
        [
          221,
          0
        ],
        [
          227,
          19
        ],
        [
          226,
          47
        ],
        [
          221,
          55
        ],
        [
          208,
          66
        ],
        [
          199,
          75
        ],
        [
          195,
          80
        ],
        [
          183,
          95
        ],
        [
          174,
          103
        ],
        [
          170,
          110
        ],
        [
          157,
          119
        ],
        [
          144,
          124
        ],
        [
          132,
          127
        ],
        [
          119,
          128
        ],
        [
          106,
          130
        ],
        [
          100,
          131
        ],
        [
          94,
          133
        ],
        [
          81,
          139
        ],
        [
          68,
          144
        ],
        [
          56,
          145
        ],
        [
          43,
          148
        ],
        [
          30,
          153
        ],
        [
          24,
          160
        ],
        [
          18,
          167
        ],
        [
          5,
          172
        ],
        [
          0,
          175
        ]
      ]
    },
    {
      "elevation": 425,
      "elevation_bbox_pixels": [
        48.1391395925009,
        202.29343571783215,
        26.050159235079718,
        14.326442150600542
      ],
      "contour_line_pixels": []
    },
    {
      "elevation": 400,
      "elevation_bbox_pixels": [
        -14.981983084849254,
        340.4244050687797,
        43.429182564212354,
        25.950679074662958
      ],
      "contour_line_pixels": []
    },
    {
      "elevation": 425,
      "elevation_bbox_pixels": [
        202.85391168342346,
        309.8642828980728,
        52.10093881551825,
        33.87037627132855
      ],
      "contour_line_pixels": [
        [
          271,
          384
        ],
        [
          259,
          388
        ],
        [
          246,
          393
        ],
        [
          233,
          394
        ],
        [
          221,
          396
        ],
        [
          208,
          396
        ],
        [
          195,
          391
        ],
        [
          189,
          384
        ],
        [
          195,
          370
        ],
        [
          198,
          356
        ],
        [
          208,
          347
        ],
        [
          221,
          334
        ],
        [
          228,
          328
        ],
        [
          233,
          321
        ],
        [
          246,
          307
        ],
        [
          259,
          309
        ],
        [
          271,
          315
        ],
        [
          284,
          321
        ],
        [
          297,
          326
        ],
        [
          309,
          328
        ],
        [
          309,
          328
        ],
        [
          309,
          328
        ],
        [
          299,
          356
        ],
        [
          297,
          359
        ],
        [
          284,
          373
        ],
        [
          271,
          384
        ],
        [
          271,
          384
        ]
      ]
    },
    {
      "elevation": 400,
      "elevation_bbox_pixels": [
        15.71011813249973,
        285.31751530709937,
        54.4420349925021,
        30.18688413315857
      ],
      "contour_line_pixels": []
    },
    {
      "elevation": 375,
      "elevation_bbox_pixels": [
        387.8345946953971,
        243.72140785505286,
        44.97645885589509,
        20.796986222020593
      ],
      "contour_line_pixels": []
    },
    {
      "elevation": 350,
      "elevation_bbox_pixels": [
        84.77405078550981,
        476.63443032908896,
        44.12761108876077,
        27.92281857364458
      ],
      "contour_line_pixels": []
    },
    {
      "elevation": 325,
      "elevation_bbox_pixels": [
        311.42788152869764,
        459.98525437894546,
        62.04467163179362,
        36.81073299431637
      ],
      "contour_line_pixels": [
        [
          512,
          427
        ],
        [
          499,
          427
        ],
        [
          487,
          432
        ],
        [
          477,
          440
        ],
        [
          474,
          442
        ],
        [
          461,
          446
        ],
        [
          449,
          447
        ],
        [
          436,
          448
        ],
        [
          423,
          451
        ],
        [
          411,
          452
        ],
        [
          398,
          455
        ],
        [
          385,
          458
        ],
        [
          373,
          460
        ],
        [
          360,
          465
        ],
        [
          354,
          468
        ],
        [
          347,
          475
        ],
        [
          335,
          484
        ],
        [
          322,
          490
        ],
        [
          312,
          496
        ],
        [
          309,
          499
        ],
        [
          297,
          508
        ],
        [
          285,
          512
        ]
      ]
    },
    {
      "elevation": 300,
      "elevation_bbox_pixels": [
        467.3943621893183,
        471.04728007576136,
        58.413680431304385,
        31.859691361362394
      ],
      "contour_line_pixels": [
        [
          512,
          488
        ],
        [
          499,
          487
        ],
        [
          487,
          489
        ],
        [
          474,
          493
        ],
        [
          462,
          496
        ],
        [
          461,
          497
        ],
        [
          455,
          512
        ]
      ]
    }
  ]
}