{
  "image": {
    "path": "N63E016_0498.png",
    "size": {
      "height": 512,
      "width": 512
    }
  },
  "labels": [
    {
      "elevation": 300,
      "elevation_bbox_pixels": [
        172.03693985066715,
        17.273466540361937,
        25.053202375287867,
        15.06642094421909
      ],
      "contour_line_pixels": []
    },
    {
      "elevation": 275,
      "elevation_bbox_pixels": [
        188.40962496028706,
        100.90813675731232,
        45.5217164394291,
        29.385060638211712
      ],
      "contour_line_pixels": [
        [
          512,
          152
        ],
        [
          505,
          149
        ],
        [
          492,
          149
        ],
        [
          479,
          152
        ],
        [
          466,
          154
        ],
        [
          454,
          159
        ],
        [
          454,
          159
        ],
        [
          441,
          159
        ],
        [
          428,
          163
        ],
        [
          416,
          166
        ],
        [
          403,
          166
        ],
        [
          390,
          166
        ],
        [
          377,
          163
        ],
        [
          365,
          162
        ],
        [
          352,
          162
        ],
        [
          339,
          162
        ],
        [
          326,
          159
        ],
        [
          326,
          159
        ],
        [
          314,
          152
        ],
        [
          301,
          150
        ],
        [
          288,
          146
        ],
        [
          275,
          142
        ],
        [
          263,
          139
        ],
        [
          262,
          139
        ],
        [
          250,
          134
        ],
        [
          237,
          130
        ],
        [
          225,
          125
        ],
        [
          212,
          121
        ],
        [
          199,
          118
        ],
        [
          199,
          118
        ],
        [
          186,
          111
        ],
        [
          174,
          105
        ],
        [
          161,
          98
        ],
        [
          161,
          98
        ],
        [
          148,
          94
        ],
        [
          135,
          84
        ],
        [
          123,
          80
        ],
        [
          116,
          77
        ],
        [
          110,
          73
        ],
        [
          97,
          66
        ],
        [
          84,
          57
        ],
        [
          84,
          57
        ],
        [
          72,
          48
        ],
        [
          59,
          41
        ],
        [
          53,
          37
        ],
        [
          46,
          31
        ],
        [
          34,
          24
        ],
        [
          21,
          16
        ],
        [
          21,
          16
        ],
        [
          8,
          6
        ],
        [
          1,
          0
        ]
      ]
    },
    {
      "elevation": 250,
      "elevation_bbox_pixels": [
        195.68786638382113,
        174.56415838790804,
        58.73392186458011,
        32.95759047808633
      ],
      "contour_line_pixels": [
        [
          512,
          269
        ],
        [
          505,
          269
        ],
        [
          492,
          273
        ],
        [
          479,
          271
        ],
        [
          466,
          271
        ],
        [
          454,
          271
        ],
        [
          441,
          268
        ],
        [
          428,
          266
        ],
        [
          416,
          263
        ],
        [
          409,
          261
        ],
        [
          403,
          258
        ],
        [
          390,
          254
        ],
        [
          377,
          251
        ],
        [
          365,
          247
        ],
        [
          352,
          242
        ],
        [
          348,
          240
        ],
        [
          339,
          236
        ],
        [
          326,
          231
        ],
        [
          314,
          227
        ],
        [
          301,
          220
        ],
        [
          301,
          220
        ],
        [
          288,
          216
        ],
        [
          275,
          212
        ],
        [
          263,
          208
        ],
        [
          250,
          204
        ],
        [
          241,
          200
        ],
        [
          237,
          198
        ],
        [
          225,
          196
        ],
        [
          212,
          190
        ],
        [
          199,
          187
        ],
        [
          186,
          179
        ],
        [
          186,
          179
        ],
        [
          174,
          172
        ],
        [
          161,
          166
        ],
        [
          151,
          159
        ],
        [
          148,
          157
        ],
        [
          135,
          152
        ],
        [
          123,
          147
        ],
        [
          110,
          144
        ],
        [
          104,
          139
        ],
        [
          97,
          133
        ],
        [
          84,
          125
        ],
        [
          74,
          118
        ],
        [
          72,
          116
        ],
        [
          59,
          110
        ],
        [
          46,
          103
        ],
        [
          34,
          98
        ],
        [
          33,
          98
        ],
        [
          21,
          90
        ],
        [
          8,
          80
        ],
        [
          4,
          77
        ],
        [
          0,
          75
        ]
      ]
    },
    {
      "elevation": 125,
      "elevation_bbox_pixels": [
        71.07562137697767,
        432.164939120198,
        49.10915936064089,
        25.6481345351406
      ],
      "contour_line_pixels": [
        [
          84,
          512
        ],
        [
          79,
          505
        ],
        [
          72,
          498
        ],
        [
          62,
          485
        ],
        [
          59,
          480
        ],
        [
          48,
          465
        ],
        [
          46,
          462
        ],
        [
          35,
          444
        ],
        [
          34,
          443
        ],
        [
          21,
          433
        ],
        [
          14,
          424
        ],
        [
          8,
          418
        ],
        [
          0,
          408
        ]
      ]
    },
    {
      "elevation": 175,
      "elevation_bbox_pixels": [
        143.00215874741315,
        458.6591300335025,
        45.128339769533,
        26.12540178433781
      ],