{
  "image": {
    "path": "N63E016_1202.png",
    "size": {
      "height": 512,
      "width": 512
    }
  },
  "labels": [
    {
      "elevation": 375,
      "elevation_bbox_pixels": [
        256.24796006449174,
        294.86954522817393,
        34.098367653691184,
        18.55590101825078
      ],
      "contour_line_pixels": [
        [
          0,
          319
        ],
        [
          22,
          318
        ],
        [
          63,
          317
        ],
        [
          104,
          315
        ],
        [
          118,
          310
        ],
        [
          145,
          307
        ],
        [
          186,
          306
        ],
        [
          226,
          306
        ],
        [
          267,
          306
        ],
        [
          308,
          306
        ],
        [
          349,
          304
        ],
        [
          390,
          302
        ],
        [
          430,
          300
        ],
        [
          471,
          299
        ],
        [
          512,
          292
        ],
        [
          512,
          292
        ],
        [
          512,
          292
        ]
      ]
    },
    {
      "elevation": 325,
      "elevation_bbox_pixels": [
        253.78791768047654,
        235.0245918945206,
        40.165154883015475,
        23.531261436775026
      ],
      "contour_line_pixels": [
        [
          0,
          262
        ],
        [
          22,
          262
        ],
        [
          63,
          261
        ],
        [
          104,
          261
        ],
        [
          145,
          260
        ],
        [
          186,
          257
        ],
        [
          226,
          255
        ],
        [
          226,
          255
        ],
        [
          267,
          253
        ],
        [
          308,
          250
        ],
        [
          349,
          246
        ],
        [
          390,
          242
        ],
        [
          430,
          237
        ],
        [
          430,
          237
        ],
        [
          471,
          226
        ],
        [
          512,
          221
        ],
        [
          512,
          221
        ]
      ]
    },
    {
      "elevation": 275,
      "elevation_bbox_pixels": [
        239.35465560976522,
        185.76620334454486,
        39.055126823643405,
        21.47766498853173
      ],
      "contour_line_pixels": []
    }
  ]
}