{
  "image": {
    "path": "N63E016_1220.png",
    "size": {
      "height": 512,
      "width": 512
    }
  },
  "labels": [
    {
      "elevation": 350,
      "elevation_bbox_pixels": [
        -25.428392748236426,
        459.8368905010116,
        54.64046230761754,
        32.25199458832948
      ],
      "contour_line_pixels": [
        [
          0,
          510
        ],
        [
          3,
          512
        ]
      ]
    },
    {
      "elevation": 325,
      "elevation_bbox_pixels": [
        20.26029203400488,
        406.61257531856774,
        54.239755908278624,
        33.86655635033489
      ],
      "contour_line_pixels": [
        [
          0,
          411
        ],
        [
          22,
          432
        ],
        [
          33,
          440
        ],
        [
          44,
          447
        ],
        [
          66,
          468
        ],
        [
          88,
          490
        ],
        [
          97,
          497
        ],
        [
          108,
          512
        ]
      ]
    },
    {
      "elevation": 300,
      "elevation_bbox_pixels": [
        143.53614353054112,
        319.291634809571,
        31.758117210056582,
        18.455621259527902
      ],
      "contour_line_pixels": [
        [
          0,
          324
        ],
        [
          0,
          324
        ],
        [
          22,
          328
        ],
        [
          44,
          343
        ],
        [
          66,
          370
        ],
        [
          77,
          382
        ],
        [
          88,
          386
        ],
        [
          110,
          388
        ],
        [
          132,
          396
        ],
        [
          154,
          411
        ],
        [
          175,
          382
        ],
        [
          154,
          325
        ],
        [
          153,
          324
        ],
        [
          153,
          266
        ],
        [
          154,
          208
        ],
        [
          154,
          208
        ],
        [
          176,
          208
        ],
        [
          198,
          208
        ],
        [
          220,
          208
        ],
        [
          242,
          208
        ],
        [
          242,
          208
        ],
        [
          264,
          265
        ],
        [
          286,
          265
        ],
        [
          308,
          266
        ],
        [
          329,
          266
        ],
        [
          330,
          266
        ],
        [
          351,
          322
        ],
        [
          373,
          285
        ],
        [
          395,
          266
        ],
        [
          395,
          266
        ],
        [
          417,
          266
        ],
        [
          439,
          237
        ],
        [
          461,
          218
        ],
        [
          483,
          216
        ],
        [
          505,
          208
        ],
        [
          505,
          208
        ],
        [
          512,
          205
        ]
      ]
    },
    {
      "elevation": 275,
      "elevation_bbox_pixels": [
        334.0049550469252,
        68.50700384629232,
        32.82990308595174,
        20.44456945882564
      ],
      "contour_line_pixels": [
        [
          42,
          0
        ],
        [
          44,
          6
        ],
        [
          66,
          29
        ],
        [
          88,
          31
        ],
        [
          110,
          25
        ],
        [
          132,
          26
        ],
        [
          154,
          26
        ],
        [
          176,
          28
        ],
        [
          198,
          24
        ],
        [
          220,
          22
        ],
        [
          242,
          22
        ],
        [
          264,
          22
        ],
        [
          286,
          22
        ],
        [
          308,
          22
        ],
        [
          329,
          31
        ],
        [
          337,
          35
        ],
        [
          351,
          51
        ],
        [
          373,
          64
        ],
        [
          395,
          64
        ],
        [
          417,
          51
        ],
        [
          432,
          35
        ],
        [
          439,
          30
        ],
        [
          461,
          13
        ],
        [
          478,
          0
        ]
      ]
    }
  ]
}