{
  "image": {
    "path": "N63E016_0409.png",
    "size": {
      "height": 512,
      "width": 512
    }
  },
  "labels": [
    {
      "elevation": 450,
      "elevation_bbox_pixels": [
        198.31532225696523,
        392.29521362748335,
        40.0111219914873,
        19.28736259351743
      ],
      "contour_line_pixels": [
        [
          0,
          391
        ],
        [
          6,
          392
        ],
        [
          15,
          394
        ],
        [
          21,
          395
        ],
        [
          33,
          400
        ],
        [
          36,
          401
        ],
        [
          52,
          404
        ],
        [
          55,
          406
        ],
        [
          65,
          412
        ],
        [
          67,
          417
        ],
        [
          67,
          418
        ],
        [
          67,
          418
        ],
        [
          52,
          419
        ],
        [
          36,
          420
        ],
        [
          21,
          421
        ],
        [
          6,
          421
        ],
        [
          0,
          421
        ]
      ]
    },
    {
      "elevation": 400,
      "elevation_bbox_pixels": [
        247.54105931165807,
        443.85394574524713,
        34.16991551497537,
        23.248453587575426
      ],
      "contour_line_pixels": [
        [
          0,
          354
        ],
        [
          6,
          355
        ],
        [
          21,
          357
        ],
        [
          36,
          358
        ],
        [
          36,
          358
        ],
        [
          52,
          361
        ],
        [
          67,
          364
        ],
        [
          67,
          364
        ],
        [
          82,
          367
        ],
        [
          98,
          370
        ],
        [
          98,
          370
        ],
        [
          113,
          373
        ],
        [
          128,
          376
        ],
        [
          128,
          376
        ],
        [
          144,
          379
        ],
        [
          159,
          382
        ],
        [
          159,
          382
        ],
        [
          174,
          388
        ],
        [
          174,
          388
        ],
        [
          174,
          388
        ],
        [
          167,
          394
        ],
        [
          174,
          400
        ],
        [
          174,
          400
        ],
        [
          190,
          404
        ],
        [
          205,
          406
        ],
        [
          205,
          406
        ],
        [
          220,
          410
        ],
        [
          236,
          412
        ],
        [
          236,
          412
        ],
        [
          251,
          418
        ],
        [
          251,
          418
        ],
        [
          266,
          421
        ],
        [
          272,
          424
        ],
        [
          282,
          426
        ],
        [
          293,
          430
        ],
        [
          297,
          431
        ],
        [
          308,
          436
        ],
        [
          312,
          436
        ],
        [
          328,
          442
        ],
        [
          328,
          442
        ],
        [
          339,
          448
        ],
        [
          328,
          453
        ],
        [
          324,
          454
        ],
        [
          312,
          455
        ],
        [
          297,
          456
        ],
        [
          282,
          457
        ],
        [
          266,
          457
        ],
        [
          251,
          456
        ],
        [
          236,
          456
        ],
        [
          220,
          455
        ],
        [
          205,
          454
        ],
        [
          197,
          454
        ],
        [
          190,
          453
        ],
        [
          174,
          452
        ],
        [
          159,
          451
        ],
        [
          144,
          449
        ],
        [
          133,
          448
        ],
        [
          128,
          447
        ],
        [
          113,
          447
        ],
        [
          98,
          447
        ],
        [
          82,
          447
        ],
        [
          67,
          447
        ],
        [
          52,
          446
        ],
        [
          36,
          446
        ],
        [
          21,
          446
        ],
        [
          6,
          446
        ],
        [
          0,
          445
        ]
      ]
    },
    {
      "elevation": 375,
      "elevation_bbox_pixels": [
        225.93549547165114,
        57.25362788885798,
        58.810088776640924,
        35.935427350574855
      ],