{
  "image": {
    "path": "N63E016_0478.png",
    "size": {
      "height": 512,
      "width": 512
    }
  },
  "labels": [
    {
      "elevation": 225,
      "elevation_bbox_pixels": [
        257.98605176269234,
        18.21084476121456,
        50.70458133673446,
        30.015852247388352
      ],
      "contour_line_pixels": []
    },
    {
      "elevation": 275,
      "elevation_bbox_pixels": [
        308.4182629468582,
        479.9760622239646,
        50.56430487206228,
        32.6761176498658
      ],
      "contour_line_pixels": [
        [
          432,
          512
        ],
        [
          437,
          501
        ],
        [
          439,
          500
        ],
        [
          464,
          495
        ],
        [
          489,
          493
        ],
        [
          512,
          489
        ]
      ]
    },
    {
      "elevation": 225,
      "elevation_bbox_pixels": [
        336.83454998026764,
        256.0751031283871,
        29.200714041652645,
        16.48661711195024
      ],
      "contour_line_pixels": [
        [
          512,
          252
        ],
        [
          502,
          268
        ],
        [
          512,
          285
        ]
      ]
    },
    {
      "elevation": 250,
      "elevation_bbox_pixels": [
        253.88401724686386,
        410.0643458815872,
        28.378720648409654,
        13.55843504841934
      ],
      "contour_line_pixels": [
        [
          0,
          270
        ],
        [
          14,
          273
        ],
        [
          39,
          279
        ],
        [
          64,
          284
        ],
        [
          76,
          289
        ],
        [
          89,
          294
        ],
        [
          114,
          300
        ],
        [
          139,
          306
        ],
        [
          164,
          310
        ],
        [
          164,
          311
        ],
        [
          189,
          318
        ],
        [
          214,
          328
        ],
        [
          222,
          332
        ],
        [
          239,
          346
        ],
        [
          244,
          353
        ],
        [
          239,
          356
        ],
        [
          218,
          374
        ],
        [
          214,
          376
        ],
        [
          189,
          386
        ],
        [
          164,
          393
        ],
        [
          156,
          395
        ],
        [
          139,
          410
        ],
        [
          126,
          417
        ],
        [
          139,
          427
        ],
        [
          164,
          427
        ],
        [
          189,
          427
        ],
        [
          214,
          427
        ],
        [
          239,
          425
        ],
        [
          264,
          421
        ],
        [
          289,
          417
        ],
        [
          289,
          417
        ],
        [
          314,
          417
        ],
        [
          315,
          417
        ],
        [
          339,
          420
        ],
        [
          364,
          425
        ],
        [
          389,
          428
        ],
        [
          414,
          434
        ],
        [
          424,
          438
        ],
        [
          439,
          445
        ],
        [
          464,
          446
        ],
        [
          489,
          445
        ],
        [
          512,
          443
        ]
      ]
    }
  ]
}