{
  "image": {
    "path": "N63E016_0205.png",
    "size": {
      "height": 512,
      "width": 512
    }
  },
  "labels": [
    {
      "elevation": 300,
      "elevation_bbox_pixels": [
        207.30679648922484,
        371.9446494771388,
        30.419451533701135,
        16.943964201726715
      ],
      "contour_line_pixels": [
        [
          223,
          405
        ],
        [
          222,
          404
        ],
        [
          223,
          404
        ],
        [
          223,
          404
        ],
        [
          223,
          405
        ]
      ]
    },
    {
      "elevation": 275,
      "elevation_bbox_pixels": [
        167.5181600138571,
        411.13192521180827,
        47.62508859666474,
        25.12239105243492
      ],
      "contour_line_pixels": [
        [
          241,
          480
        ],
        [
          223,
          486
        ],
        [
          204,
          480
        ],
        [
          190,
          454
        ],
        [
          185,
          440
        ],
        [
          178,
          404
        ],
        [
          182,
          355
        ],
        [
          185,
          346
        ],
        [
          204,
          325
        ],
        [
          223,
          331
        ],
        [
          241,
          345
        ],
        [
          244,
          355
        ],
        [
          251,
          404
        ],
        [
          249,
          454
        ],
        [
          241,
          480
        ]
      ]
    },
    {
      "elevation": 200,
      "elevation_bbox_pixels": [
        474.6871168769018,
        450.53998343940526,
        27.56108774171537,
        15.044662787286896
      ],
      "contour_line_pixels": [
        [
          465,
          512
        ],
        [
          464,
          503
        ],
        [
          464,
          503
        ],
        [
          464,
          502
        ],
        [
          483,
          496
        ],
        [
          501,
          500
        ],
        [
          507,
          503
        ],
        [
          512,
          506
        ]
      ]
    },
    {
      "elevation": 250,
      "elevation_bbox_pixels": [
        154.4108308069039,
        262.6965252842902,
        55.53576086177884,
        26.882630300306005
      ],
      "contour_line_pixels": [
        [
          90,
          512
        ],
        [
          92,
          503
        ],
        [
          93,
          502
        ],
        [
          111,
          454
        ],
        [
          111,
          453
        ],
        [
          125,
          404
        ],
        [
          130,
          392
        ],
        [
          138,
          355
        ],
        [
          148,
          332
        ],
        [
          159,
          306
        ],
        [
          167,
          288
        ],
        [
          185,
          278
        ],
        [
          204,
          274
        ],
        [
          223,
          276
        ],
        [
          241,
          283
        ],
        [
          255,
          306
        ],
        [
          260,
          323
        ],
        [
          267,
          355
        ],
        [
          276,
          404
        ],
        [
          275,
          454
        ],
        [
          274,
          503
        ],
        [
          273,
          512
        ]
      ]
    },
    {
      "elevation": 225,
      "elevation_bbox_pixels": [
        89.2973792929417,
        285.72094655300907,
        51.27961159267362,
        27.357271120260577
      ],
      "contour_line_pixels": [
        [
          0,
          432
        ],
        [
          18,
          423
        ],
        [
          37,
          417
        ],
        [
          51,
          404
        ],
        [
          55,
          397
        ],
        [
          74,
          372
        ],
        [
          92,
          355
        ],
        [
          93,
          355
        ],
        [
          111,
          315
        ],
        [
          116,
          306
        ],
        [
          130,
          277
        ],
        [
          137,
          257
        ],
        [
          148,
          240
        ],
        [
          167,
          224
        ],
        [
          185,
          220
        ],
        [
          204,
          220
        ],
        [
          223,
          220
        ],
        [
          241,
          225
        ],
        [
          260,
          248
        ],
        [
          267,
          257
        ],
        [
          278,
          284
        ],
        [
          288,
          306
        ],
        [
          297,
          334
        ],
        [
          301,
          355
        ],
        [
          301,
          404
        ],
        [
          300,
          454
        ],
        [
          299,
          503
        ],
        [
          299,
          512
        ]
      ]
    },
    {
      "elevation": 150,
      "elevation_bbox_pixels": [
        364.3467269113193,
        205.59140152664924,
        34.68355443095345,
        16.318276442697766
      ],
      "contour_line_pixels": []
    },
    {
      "elevation": 175,
      "elevation_bbox_pixels": [
        351.66999828169224,
        292.04875322920907,
        52.872086126010686,
        32.4461217881053
      ],
      "contour_line_pixels": [
        [
          0,
          98
        ],
        [
          18,
          96
        ],
        [
          37,
          93
        ],
        [
          55,
          86
        ],
        [
          74,
          79
        ],
        [
          93,
          79
        ],
        [
          111,
          82
        ],
        [
          130,
          89
        ],
        [
          148,
          98
        ],
        [
          167,
          102
        ],
        [
          185,
          103
        ],
        [
          197,
          110
        ],
        [
          204,
          114
        ],
        [
          223,
          122
        ],
        [
          241,
          136
        ],
        [
          260,
          153
        ],
        [
          266,
          159
        ],
        [
          278,
          173
        ],
        [
          297,
          198
        ],
        [
          306,
          208
        ],
        [
          315,
          228
        ],
        [
          331,
          257
        ],
        [
          334,
          264
        ],
        [
          353,
          297
        ],
        [
          365,
          306
        ],
        [
          371,
          315
        ],
        [
          390,
          325
        ],
        [
          408,
          328
        ],
        [
          427,
          337
        ],
        [
          445,
          341
        ],
        [
          464,
          347
        ],
        [
          473,
          355
        ],
        [
          483,
          368
        ],
        [
          501,
          380
        ],
        [
          512,
          394
        ]
      ]
    },
    {
      "elevation": 200,
      "elevation_bbox_pixels": [
        277.53034034505737,
        247.27605775444948,
        45.94286165990832,
        27.560783218048613
      ],