{
  "image": {
    "path": "N63E016_1266.png",
    "size": {
      "height": 512,
      "width": 512
    }
  },
  "labels": [
    {
      "elevation": 275,
      "elevation_bbox_pixels": [
        289.0484099311621,
        86.67284712436725,
        36.796930090806995,
        20.498776665718765
      ],
      "contour_line_pixels": [
        [
          512,
          116
        ],
        [
          497,
          116
        ],
        [
          468,
          114
        ],
        [
          447,
          106
        ],
        [
          439,
          102
        ],
        [
          416,
          87
        ],
        [
          411,
          80
        ],
        [
          391,
          68
        ],
        [
          382,
          63
        ],
        [
          353,
          48
        ],
        [
          353,
          48
        ],
        [
          324,
          43
        ],
        [
          295,
          34
        ],
        [
          284,
          29
        ],
        [
          266,
          19
        ],
        [
          237,
          12
        ],
        [
          223,
          10
        ],
        [
          223,
          0
        ],
        [
          223,
          10
        ]
      ]
    },
    {
      "elevation": 250,
      "elevation_bbox_pixels": [
        231.05435001969934,
        168.0103348995193,
        54.93479645367685,
        28.329441845210795
      ],
      "contour_line_pixels": [
        [
          512,
          222
        ],
        [
          512,
          222
        ],
        [
          497,
          232
        ],
        [
          469,
          241
        ],
        [
          468,
          242
        ],
        [
          440,
          261
        ],
        [
          439,
          261
        ],
        [
          411,
          261
        ],
        [
          382,
          280
        ],
        [
          382,
          280
        ],
        [
          381,
          280
        ],
        [
          353,
          261
        ],
        [
          352,
          261
        ],
        [
          324,
          251
        ],
        [
          295,
          242
        ],
        [
          294,
          241
        ],
        [
          266,
          223
        ],
        [
          266,
          222
        ],
        [
          266,
          203
        ],
        [
          266,
          184
        ],
        [
          252,
          164
        ],
        [
          252,
          145
        ],
        [
          257,
          126
        ],
        [
          237,
          106
        ],
        [
          237,
          106
        ],
        [
          223,
          87
        ],
        [
          209,
          81
        ],
        [
          184,
          68
        ],
        [
          180,
          65
        ],
        [
          158,
          48
        ],
        [
          151,
          45
        ],
        [
          122,
          34
        ],
        [
          113,
          29
        ],
        [
          93,
          20
        ],
        [
          64,
          18
        ],
        [
          43,
          10
        ],
        [
          43,
          0
        ]
      ]
    },
    {
      "elevation": 250,
      "elevation_bbox_pixels": [
        166.91980898413755,
        503.9303822776512,
        28.606071089830834,
        15.20252730357931
      ],
      "contour_line_pixels": [
        [
          0,
          511
        ],
        [
          2,
          512
        ],
        [
          2,
          512
        ]
      ]
    }
  ]
}