{
  "image": {
    "path": "N63E016_1597.png",
    "size": {
      "height": 512,
      "width": 512
    }
  },
  "labels": [
    {
      "elevation": 400,
      "elevation_bbox_pixels": [
        255.15829409874019,
        430.197862881436,
        29.994552031397433,
        15.743756532967183
      ],
      "contour_line_pixels": [
        [
          512,
          457
        ],
        [
          495,
          454
        ],
        [
          493,
          453
        ],
        [
          439,
          444
        ],
        [
          438,
          444
        ],
        [
          438,
          434
        ],
        [
          411,
          424
        ],
        [
          411,
          414
        ],
        [
          438,
          404
        ],
        [
          439,
          404
        ],
        [
          495,
          401
        ],
        [
          512,
          401
        ]
      ]
    },
    {
      "elevation": 375,
      "elevation_bbox_pixels": [
        213.71517136470982,
        457.9275035713325,
        49.84341540567607,
        30.09644282572142
      ],
      "contour_line_pixels": []
    },
    {
      "elevation": 350,
      "elevation_bbox_pixels": [
        239.66712853850626,
        131.35748832167866,
        44.90577624098509,
        23.583210209705044
      ],
      "contour_line_pixels": [
        [
          0,
          137
        ],
        [
          49,
          137
        ],
        [
          104,
          137
        ],
        [
          106,
          137
        ],
        [
          160,
          139
        ],
        [
          216,
          140
        ],
        [
          272,
          141
        ],
        [
          327,
          143
        ],
        [
          383,
          146
        ],
        [
          411,
          147
        ],
        [
          439,
          149
        ],
        [
          495,
          154
        ],
        [
          512,
          155
        ]
      ]
    },
    {
      "elevation": 325,
      "elevation_bbox_pixels": [
        231.81803324365396,
        98.07162567962081,
        41.364243651113014,
        24.835198772360968
      ],
      "contour_line_pixels": [
        [
          0,
          109
        ],
        [
          49,
          109
        ],
        [
          104,
          110
        ],
        [
          160,
          110
        ],
        [
          216,
          111
        ],
        [
          272,
          111
        ],
        [
          327,
          112
        ],
        [
          383,
          116
        ],
        [
          402,
          117
        ],
        [
          439,
          119
        ],
        [
          495,
          122
        ],
        [
          512,
          124
        ]
      ]
    },
    {
      "elevation": 300,
      "elevation_bbox_pixels": [
        229.26842013195213,
        74.74598695948151,
        38.09774156109316,
        18.20727130900343
      ],
      "contour_line_pixels": [
        [
          0,
          80
        ],
        [
          49,
          81
        ],
        [
          104,
          83
        ],
        [
          160,
          84
        ],
        [
          216,
          85
        ],
        [
          272,
          86
        ],
        [
          327,
          86
        ],
        [
          383,
          88
        ],
        [
          384,
          88
        ],
        [
          439,
          89
        ],
        [
          495,
          91
        ],
        [
          512,
          93
        ]
      ]
    }
  ]
}