{
  "image": {
    "path": "N63E016_0619.png",
    "size": {
      "height": 512,
      "width": 512
    }
  },
  "labels": [
    {
      "elevation": 400,
      "elevation_bbox_pixels": [
        358.21797760598986,
        66.24123291907938,
        29.578998181276575,
        17.599775717517105
      ],
      "contour_line_pixels": []
    },
    {
      "elevation": 375,
      "elevation_bbox_pixels": [
        362.32753776765946,
        212.72755180195531,
        39.83871363915864,
        21.379306952681418
      ],
      "contour_line_pixels": [
        [
          512,
          271
        ],
        [
          511,
          271
        ],
        [
          507,
          269
        ],
        [
          492,
          261
        ],
        [
          472,
          246
        ],
        [
          466,
          240
        ],
        [
          453,
          227
        ],
        [
          433,
          218
        ],
        [
          414,
          211
        ],
        [
          414,
          211
        ],
        [
          394,
          198
        ],
        [
          375,
          188
        ],
        [
          367,
          182
        ],
        [
          355,
          164
        ],
        [
          348,
          154
        ],
        [
          348,
          125
        ],
        [
          355,
          96
        ],
        [
          355,
          67
        ],
        [
          336,
          42
        ],
        [
          329,
          38
        ],
        [
          316,
          26
        ],
        [
          297,
          9
        ],
        [
          297,
          9
        ],
        [
          289,
          0
        ]
      ]
    },
    {
      "elevation": 350,
      "elevation_bbox_pixels": [
        291.90814214927383,
        192.3476460118494,
        35.04835139267368,
        20.71326696431356
      ],
      "contour_line_pixels": [
        [
          512,
          311
        ],
        [
          511,
          311
        ],
        [
          492,
          304
        ],
        [
          480,
          298
        ],
        [
          472,
          294
        ],
        [
          453,
          283
        ],
        [
          436,
          269
        ],
        [
          433,
          267
        ],
        [
          414,
          254
        ],
        [
          394,
          242
        ],
        [
          391,
          240
        ],
        [
          375,
          232
        ],
        [
          355,
          221
        ],
        [
          344,
          211
        ],
        [
          336,
          202
        ],
        [
          316,
          185
        ],
        [
          315,
          182
        ],
        [
          304,
          154
        ],
        [
          303,
          125
        ],
        [
          297,
          107
        ],
        [
          290,
          96
        ],
        [
          277,
          87
        ],
        [
          258,
          74
        ],
        [
          250,
          67
        ],
        [
          238,
          57
        ],
        [
          219,
          46
        ],
        [
          213,
          38
        ],
        [
          203,
          9
        ],
        [
          202,
          0
        ]
      ]
    },
    {
      "elevation": 400,
      "elevation_bbox_pixels": [
        193.4591622834493,
        404.8679160407933,
        33.04835279659767,
        15.383841244093531
      ],
      "contour_line_pixels": [
        [
          199,
          443
        ],
        [
          199,
          443
        ],
        [
          180,
          428
        ],
        [
          173,
          414
        ],
        [
          180,
          412
        ],
        [
          199,
          414
        ],
        [
          199,
          414
        ],
        [
          199,
          443
        ],
        [
          199,
          443
        ]
      ]
    },
    {
      "elevation": 350,
      "elevation_bbox_pixels": [
        198.4096893053096,
        332.77242665415463,
        32.152892724401,
        19.04433000918806
      ],
      "contour_line_pixels": []
    },
    {
      "elevation": 300,
      "elevation_bbox_pixels": [
        394.951340168742,
        475.81849126897225,
        29.14713567460751,
        18.065175995092233
      ],
      "contour_line_pixels": [
        [
          512,
          473
        ],
        [
          511,
          472
        ],
        [
          492,
          472
        ],
        [
          479,
          500
        ],
        [
          481,
          512
        ]
      ]
    },
    {
      "elevation": 325,
      "elevation_bbox_pixels": [
        164.24294863885117,
        268.55375447775236,
        29.63837815432413,
        15.651152145136109
      ],
      "contour_line_pixels": [
        [
          117,
          512
        ],
        [
          109,
          500
        ],
        [
          102,
          481
        ],
        [
          96,
          471
        ],
        [
          84,
          443
        ],
        [
          82,
          439
        ],
        [
          65,
          414
        ],
        [
          63,
          409
        ],
        [
          56,
          385
        ],
        [
          54,
          356
        ],
        [
          53,
          327
        ],
        [
          63,
          301
        ],
        [
          66,
          298
        ],
        [
          82,
          286
        ],
        [
          102,
          279
        ],
        [
          121,
          276
        ],
        [
          141,
          276
        ],
        [
          160,
          279
        ],
        [
          180,
          288
        ],
        [
          191,
          298
        ],
        [
          199,
          304
        ],
        [
          219,
          306
        ],
        [
          238,
          308
        ],
        [
          258,
          310
        ],
        [
          277,
          320
        ],
        [
          284,
          327
        ],
        [
          297,
          337
        ],
        [
          316,
          349
        ],
        [
          324,
          356
        ],
        [
          336,
          370
        ],
        [
          347,
          385
        ],
        [
          355,
          392
        ],
        [
          371,
          414
        ],
        [
          375,
          419
        ],
        [
          389,
          443
        ],
        [
          394,
          467
        ],
        [
          398,
          471
        ],
        [
          411,
          500
        ],
        [
          412,
          512
        ]
      ]
    },
    {
      "elevation": 300,
      "elevation_bbox_pixels": [
        141.03137272410623,
        182.46381854792952,
        44.555387039891116,
        22.413422440814088
      ],