{
  "image": {
    "path": "N63E016_1530.png",
    "size": {
      "height": 512,
      "width": 512
    }
  },
  "labels": [
    {
      "elevation": 250,
      "elevation_bbox_pixels": [
        190.36044368204483,
        -10.245571726969501,
        53.60952021068317,
        32.93769877876912
      ],
      "contour_line_pixels": [
        [
          143,
          0
        ],
        [
          141,
          2
        ],
        [
          132,
          4
        ],
        [
          113,
          6
        ],
        [
          94,
          7
        ],
        [
          76,
          5
        ],
        [
          57,
          3
        ],
        [
          38,
          2
        ],
        [
          38,
          2
        ],
        [
          30,
          0
        ]
      ]
    },
    {
      "elevation": 250,
      "elevation_bbox_pixels": [
        259.18117985302786,
        166.5802588090117,
        32.36765202180891,
        15.254652089708884
      ],
      "contour_line_pixels": [
        [
          512,
          234
        ],
        [
          509,
          232
        ],
        [
          490,
          232
        ],
        [
          471,
          232
        ],
        [
          471,
          232
        ],
        [
          452,
          220
        ],
        [
          452,
          220
        ],
        [
          433,
          209
        ],
        [
          414,
          209
        ],
        [
          414,
          209
        ],
        [
          396,
          197
        ],
        [
          377,
          197
        ],
        [
          377,
          197
        ],
        [
          358,
          186
        ],
        [
          358,
          186
        ],
        [
          339,
          174
        ],
        [
          320,
          174
        ],
        [
          320,
          174
        ],
        [
          301,
          163
        ],
        [
          301,
          163
        ],
        [
          301,
          163
        ],
        [
          302,
          163
        ],
        [
          320,
          174
        ],
        [
          339,
          174
        ],
        [
          340,
          174
        ],
        [
          358,
          185
        ],
        [
          377,
          184
        ],
        [
          396,
          186
        ],
        [
          396,
          186
        ],
        [
          414,
          195
        ],
        [
          433,
          197
        ],
        [
          433,
          197
        ],
        [
          452,
          209
        ],
        [
          452,
          209
        ],
        [
          471,
          216
        ],
        [
          490,
          220
        ],
        [
          490,
          220
        ],
        [
          509,
          232
        ],
        [
          512,
          232
        ]
      ]
    },
    {
      "elevation": 250,
      "elevation_bbox_pixels": [
        226.73595508417614,
        233.94108980088373,
        34.16991551497537,
        23.248453587575455
      ],
      "contour_line_pixels": [
        [
          207,
          260
        ],
        [
          226,
          255
        ],
        [
          207,
          243
        ],
        [
          189,
          255
        ],
        [
          207,
          260
        ]
      ]
    },
    {
      "elevation": 300,
      "elevation_bbox_pixels": [
        170.00402909209527,
        286.6681778298129,
        42.91348259309575,
        22.019586161263874
      ],
      "contour_line_pixels": [
        [
          0,
          288
        ],
        [
          0,
          288
        ],
        [
          10,
          289
        ],
        [
          19,
          300
        ],
        [
          19,
          301
        ],
        [
          19,
          301
        ],
        [
          0,
          304
        ],
        [
          0,
          304
        ]
      ]
    },
    {
      "elevation": 275,
      "elevation_bbox_pixels": [
        185.98236248439744,
        190.25327293125991,
        58.68735742190998,
        35.911720504181744
      ],
      "contour_line_pixels": []
    },
    {
      "elevation": 300,
      "elevation_bbox_pixels": [
        289.0839674092004,
        399.8334991718445,
        44.75664028827657,
        23.817160278411933
      ],
      "contour_line_pixels": []
    },
    {
      "elevation": 250,
      "elevation_bbox_pixels": [
        290.8105132255708,
        108.94344059992437,
        37.81711793100601,
        23.5266058245237
      ],
      "contour_line_pixels": [
        [
          512,
          178
        ],
        [
          509,
          177
        ],
        [
          502,
          174
        ],
        [
          490,
          168
        ],
        [
          480,
          163
        ],
        [
          471,
          154
        ],
        [
          465,
          151
        ],
        [
          452,
          143
        ],
        [
          446,
          140
        ],
        [
          452,
          128
        ],
        [
          452,
          128
        ],
        [
          457,
          117
        ],
        [
          458,
          105
        ],
        [
          458,
          94
        ],
        [
          452,
          82
        ],
        [
          452,
          82
        ],
        [
          452,
          71
        ],
        [
          452,
          70
        ],
        [
          465,
          59
        ],
        [
          471,
          57
        ],
        [
          490,
          55
        ],
        [
          509,
          53
        ],
        [
          512,
          53
        ]
      ]
    },
    {
      "elevation": 225,
      "elevation_bbox_pixels": [
        270.41899285896733,
        18.951948502074515,
        47.81011551763061,
        27.99130298807927
      ],
      "contour_line_pixels": [
        [
          337,
          0
        ],
        [
          339,
          1
        ],
        [
          339,
          2
        ],
        [
          339,
          13
        ],
        [
          339,
          25
        ],
        [
          358,
          29
        ],
        [
          377,
          32
        ],
        [
          396,
          33
        ],
        [
          414,
          34
        ],
        [
          424,
          36
        ],
        [
          433,
          37
        ],
        [
          452,
          39
        ],
        [
          471,
          39
        ],
        [
          490,
          37
        ],
        [
          509,
          37
        ],
        [
          512,
          37
        ]
      ]
    }
  ]
}