{
  "image": {
    "path": "N63E016_1019.png",
    "size": {
      "height": 512,
      "width": 512
    }
  },
  "labels": [
    {
      "elevation": 300,
      "elevation_bbox_pixels": [
        236.44669541463642,
        121.14239341043617,
        45.22716410207258,
        26.755661193286414
      ],
      "contour_line_pixels": [
        [
          512,
          172
        ],
        [
          432,
          169
        ],
        [
          350,
          168
        ],
        [
          350,
          168
        ],
        [
          268,
          150
        ],
        [
          240,
          144
        ],
        [
          268,
          135
        ],
        [
          350,
          133
        ],
        [
          432,
          134
        ],
        [
          512,
          134
        ]
      ]
    },
    {
      "elevation": 275,
      "elevation_bbox_pixels": [
        250.43202774726717,
        352.4228148821536,
        56.66012923816356,
        31.948866180092182
      ],
      "contour_line_pixels": []
    }
  ]
}