{
  "image": {
    "path": "N63E016_0589.png",
    "size": {
      "height": 512,
      "width": 512
    }
  },
  "labels": [
    {
      "elevation": 275,
      "elevation_bbox_pixels": [
        278.5448157764715,
        20.368960565818497,
        48.424762533056764,
        29.60936075509335
      ],
      "contour_line_pixels": [
        [
          512,
          115
        ],
        [
          511,
          114
        ],
        [
          510,
          114
        ],
        [
          496,
          109
        ],
        [
          482,
          105
        ],
        [
          482,
          105
        ],
        [
          468,
          97
        ],
        [
          465,
          95
        ],
        [
          454,
          89
        ],
        [
          445,
          86
        ],
        [
          440,
          84
        ],
        [
          426,
          76
        ],
        [
          426,
          76
        ],
        [
          412,
          67
        ],
        [
          412,
          67
        ],
        [
          405,
          57
        ],
        [
          398,
          48
        ],
        [
          398,
          47
        ],
        [
          398,
          47
        ],
        [
          403,
          38
        ],
        [
          412,
          33
        ],
        [
          426,
          30
        ],
        [
          433,
          28
        ],
        [
          440,
          27
        ],
        [
          454,
          25
        ],
        [
          468,
          25
        ],
        [
          482,
          25
        ],
        [
          496,
          26
        ],
        [
          511,
          27
        ],
        [
          512,
          27
        ]
      ]
    },
    {
      "elevation": 225,
      "elevation_bbox_pixels": [
        186.1444062622968,
        86.89883372636115,
        57.25557405683685,
        35.7535469086082
      ],
      "contour_line_pixels": [
        [
          0,
          141
        ],
        [
          4,
          141
        ],
        [
          7,
          143
        ],
        [
          18,
          148
        ],
        [
          32,
          152
        ],
        [
          32,
          152
        ],
        [
          46,
          159
        ],
        [
          60,
          162
        ],
        [
          60,
          162
        ],
        [
          74,
          165
        ],
        [
          88,
          168
        ],
        [
          102,
          168
        ],
        [
          116,
          168
        ],
        [
          131,
          168
        ],
        [
          145,
          165
        ],
        [
          158,
          162
        ],
        [
          159,
          162
        ],
        [
          173,
          159
        ],
        [
          187,
          156
        ],
        [
          201,
          152
        ],
        [
          201,
          152
        ],
        [
          215,
          143
        ],
        [
          215,
          143
        ],
        [
          229,
          138
        ],
        [
          243,
          133
        ],
        [
          243,
          133
        ],
        [
          257,
          124
        ],
        [
          243,
          114
        ],
        [
          243,
          114
        ],
        [
          229,
          110
        ],
        [
          215,
          108
        ],
        [
          201,
          107
        ],
        [
          187,
          106
        ],
        [
          173,
          107
        ],
        [
          159,
          107
        ],
        [
          145,
          105
        ],
        [
          131,
          105
        ],
        [
          116,
          105
        ],
        [
          102,
          105
        ],
        [
          102,
          105
        ],
        [
          88,
          102
        ],
        [
          74,
          102
        ],
        [
          60,
          98
        ],
        [
          53,
          95
        ],
        [
          46,
          92
        ],
        [
          32,
          86
        ],
        [
          32,
          86
        ],
        [
          23,
          76
        ],
        [
          18,
          71
        ],
        [
          13,
          67
        ],
        [
          4,
          62
        ],
        [
          0,
          60
        ]
      ]
    },
    {
      "elevation": 350,
      "elevation_bbox_pixels": [
        290.95512614122936,
        483.607057402,
        30.29825771261949,
        18.496113807947964
      ],
      "contour_line_pixels": [
        [
          402,
          512
        ],
        [
          406,
          506
        ],
        [
          412,
          496
        ],
        [
          412,
          496
        ],
        [
          426,
          489
        ],
        [
          433,
          487
        ],
        [
          440,
          484
        ],
        [
          454,
          483
        ],
        [
          468,
          481
        ],
        [
          482,
          482
        ],
        [
          496,
          482
        ],
        [
          511,
          482
        ],
        [
          512,
          482
        ]
      ]
    },
    {
      "elevation": 250,
      "elevation_bbox_pixels": [
        261.1049697680602,
        228.81982384776023,
        54.92700212553041,
        28.804163971631283
      ],
      "contour_line_pixels": []
    },
    {
      "elevation": 275,
      "elevation_bbox_pixels": [
        254.204348359969,
        278.8241001033134,
        38.38361880113575,
        21.595166297693993
      ],