{
  "image": {
    "path": "N63E016_1258.png",
    "size": {
      "height": 512,
      "width": 512
    }
  },
  "labels": [
    {
      "elevation": 325,
      "elevation_bbox_pixels": [
        102.62759159813092,
        57.24037621525332,
        27.508831127562246,
        15.259043005179024
      ],
      "contour_line_pixels": [
        [
          135,
          0
        ],
        [
          135,
          17
        ],
        [
          132,
          41
        ],
        [
          128,
          51
        ],
        [
          112,
          63
        ],
        [
          107,
          65
        ],
        [
          97,
          72
        ],
        [
          81,
          76
        ],
        [
          66,
          74
        ],
        [
          50,
          65
        ],
        [
          50,
          65
        ],
        [
          35,
          55
        ],
        [
          25,
          41
        ],
        [
          19,
          37
        ],
        [
          3,
          32
        ],
        [
          0,
          32
        ]
      ]
    },
    {
      "elevation": 300,
      "elevation_bbox_pixels": [
        123.69842367286736,
        115.84192597898635,
        26.804686588657773,
        15.803813018184542
      ],
      "contour_line_pixels": [
        [
          178,
          0
        ],
        [
          174,
          11
        ],
        [
          172,
          17
        ],
        [
          168,
          41
        ],
        [
          174,
          57
        ],
        [
          176,
          65
        ],
        [
          180,
          89
        ],
        [
          175,
          113
        ],
        [
          174,
          113
        ],
        [
          159,
          113
        ],
        [
          143,
          113
        ],
        [
          128,
          115
        ],
        [
          112,
          117
        ],
        [
          97,
          122
        ],
        [
          81,
          124
        ],
        [
          66,
          120
        ],
        [
          50,
          115
        ],
        [
          46,
          113
        ],
        [
          35,
          107
        ],
        [
          19,
          93
        ],
        [
          9,
          89
        ],
        [
          3,
          81
        ],
        [
          0,
          79
        ]
      ]
    },
    {
      "elevation": 275,
      "elevation_bbox_pixels": [
        76.02181640030463,
        156.49806313717937,
        56.1388057703968,
        30.35115441888172
      ],
      "contour_line_pixels": [
        [
          227,
          0
        ],
        [
          227,
          17
        ],
        [
          227,
          41
        ],
        [
          229,
          65
        ],
        [
          237,
          89
        ],
        [
          237,
          89
        ],
        [
          243,
          113
        ],
        [
          252,
          137
        ],
        [
          252,
          137
        ],
        [
          252,
          137
        ],
        [
          237,
          144
        ],
        [
          221,
          145
        ],
        [
          206,
          145
        ],
        [
          190,
          145
        ],
        [
          174,
          145
        ],
        [
          159,
          147
        ],
        [
          143,
          152
        ],
        [
          133,
          161
        ],
        [
          128,
          164
        ],
        [
          112,
          167
        ],
        [
          97,
          167
        ],
        [
          81,
          167
        ],
        [
          66,
          167
        ],
        [
          50,
          167
        ],
        [
          35,
          170
        ],
        [
          19,
          179
        ],
        [
          16,
          185
        ],
        [
          19,
          190
        ],
        [
          27,
          209
        ],
        [
          35,
          219
        ],
        [
          44,
          233
        ],
        [
          42,
          257
        ],
        [
          35,
          262
        ],
        [
          19,
          265
        ],
        [
          3,
          269
        ],
        [
          0,
          269
        ]
      ]
    },
    {
      "elevation": 250,
      "elevation_bbox_pixels": [
        278.999876531155,
        181.12465736358757,
        38.869275676564484,
        21.953717156399875
      ],
      "contour_line_pixels": [
        [
          289,
          0
        ],
        [
          290,
          17
        ],
        [
          290,
          41
        ],
        [
          289,
          65
        ],
        [
          294,
          89
        ],
        [
          299,
          99
        ],
        [
          304,
          113
        ],
        [
          311,
          137
        ],
        [
          314,
          142
        ],
        [
          326,
          161
        ],
        [
          325,
          185
        ],
        [
          314,
          197
        ],
        [
          299,
          200
        ],
        [
          283,
          199
        ],
        [
          268,
          197
        ],
        [
          252,
          193
        ],
        [
          241,
          185
        ],
        [
          237,
          182
        ],
        [
          221,
          175
        ],
        [
          206,
          175
        ],
        [
          190,
          178
        ],
        [
          177,
          185
        ],
        [
          174,
          188
        ],
        [
          159,
          200
        ],
        [
          147,
          209
        ],
        [
          143,
          233
        ],
        [
          143,
          233
        ],
        [
          133,
          257
        ],
        [
          128,
          261
        ],
        [
          115,
          281
        ],
        [
          112,
          283
        ],
        [
          97,
          299
        ],
        [
          89,
          305
        ],
        [
          81,
          328
        ],
        [
          97,
          352
        ],
        [
          97,
          352
        ],
        [
          105,
          376
        ],
        [
          97,
          400
        ],
        [
          97,
          400
        ],
        [
          81,
          424
        ],
        [
          81,
          424
        ],
        [
          66,
          443
        ],
        [
          60,
          448
        ],
        [
          50,
          464
        ],
        [
          47,
          472
        ],
        [
          44,
          496
        ],
        [
          44,
          512
        ]
      ]
    },
    {
      "elevation": 225,
      "elevation_bbox_pixels": [
        322.9072947809836,
        153.8578475464634,
        39.81656728962855,
        21.022220666979365
      ],
      "contour_line_pixels": []
    }
  ]
}