{
  "image": {
    "path": "N63E016_1224.png",
    "size": {
      "height": 512,
      "width": 512
    }
  },
  "labels": [
    {
      "elevation": 350,
      "elevation_bbox_pixels": [
        200.9987162645526,
        63.584398083065935,
        51.042034119140965,
        28.76125614782177
      ],
      "contour_line_pixels": [
        [
          226,
          78
        ],
        [
          186,
          78
        ],
        [
          145,
          78
        ],
        [
          144,
          78
        ],
        [
          145,
          77
        ],
        [
          186,
          77
        ],
        [
          226,
          77
        ],
        [
          227,
          78
        ],
        [
          226,
          78
        ]
      ]
    },
    {
      "elevation": 325,
      "elevation_bbox_pixels": [
        276.90512993878275,
        22.804513324471145,
        47.09430651822947,
        27.137872710917236
      ],
      "contour_line_pixels": []
    },
    {
      "elevation": 300,
      "elevation_bbox_pixels": [
        198.4882174279934,
        172.6422357470085,
        37.944796142834775,
        21.432304738218136
      ],
      "contour_line_pixels": [
        [
          512,
          210
        ],
        [
          512,
          210
        ],
        [
          471,
          209
        ],
        [
          430,
          205
        ],
        [
          390,
          202
        ],
        [
          389,
          202
        ],
        [
          349,
          199
        ],
        [
          308,
          195
        ],
        [
          267,
          191
        ],
        [
          226,
          189
        ],
        [
          186,
          184
        ],
        [
          145,
          184
        ],
        [
          104,
          180
        ],
        [
          63,
          178
        ],
        [
          22,
          177
        ],
        [
          0,
          174
        ]
      ]
    },
    {
      "elevation": 250,
      "elevation_bbox_pixels": [
        218.45580084702073,
        229.95456531310276,
        50.238538064554746,
        30.61783383801935
      ],
      "contour_line_pixels": [
        [
          512,
          269
        ],
        [
          512,
          269
        ],
        [
          471,
          268
        ],
        [
          430,
          267
        ],
        [
          417,
          264
        ],
        [
          390,
          261
        ],
        [
          349,
          253
        ],
        [
          308,
          253
        ],
        [
          267,
          253
        ],
        [
          226,
          246
        ],
        [
          186,
          243
        ],
        [
          145,
          244
        ],
        [
          104,
          253
        ],
        [
          90,
          264
        ],
        [
          104,
          278
        ],
        [
          119,
          296
        ],
        [
          127,
          327
        ],
        [
          104,
          339
        ],
        [
          63,
          353
        ],
        [
          51,
          358
        ],
        [
          22,
          366
        ],
        [
          0,
          370
        ]
      ]
    },
    {
      "elevation": 225,
      "elevation_bbox_pixels": [
        240.88502683299342,
        272.0798007828387,
        58.10875293785281,
        35.904299264546864
      ],
      "contour_line_pixels": [
        [
          512,
          306
        ],
        [
          512,
          306
        ],
        [
          471,
          299
        ],
        [
          451,
          296
        ],
        [
          430,
          294
        ],
        [
          390,
          293
        ],
        [
          349,
          286
        ],
        [
          308,
          289
        ],
        [
          267,
          293
        ],
        [
          261,
          296
        ],
        [
          242,
          327
        ],
        [
          226,
          345
        ],
        [
          216,
          358
        ],
        [
          186,
          369
        ],
        [
          145,
          379
        ],
        [
          104,
          384
        ],
        [
          79,
          389
        ],
        [
          63,
          392
        ],
        [
          22,
          404
        ],
        [
          0,
          409
        ]
      ]
    }
  ]
}