{
  "image": {
    "path": "N63E016_1685.png",
    "size": {
      "height": 512,
      "width": 512
    }
  },
  "labels": [
    {
      "elevation": 450,
      "elevation_bbox_pixels": [
        154.00425201172627,
        21.594790473286196,
        26.77654264614381,
        15.270664758637281
      ],
      "contour_line_pixels": [
        [
          0,
          24
        ],
        [
          2,
          25
        ],
        [
          8,
          27
        ],
        [
          2,
          33
        ],
        [
          0,
          33
        ]
      ]
    },
    {
      "elevation": 450,
      "elevation_bbox_pixels": [
        316.1937139896189,
        51.46620542726828,
        27.403062721043398,
        14.403213698726631
      ],
      "contour_line_pixels": [
        [
          512,
          61
        ],
        [
          503,
          61
        ],
        [
          484,
          62
        ],
        [
          466,
          59
        ],
        [
          460,
          57
        ],
        [
          447,
          47
        ],
        [
          440,
          42
        ],
        [
          432,
          27
        ],
        [
          447,
          14
        ],
        [
          466,
          13
        ],
        [
          484,
          15
        ],
        [
          503,
          23
        ],
        [
          512,
          23
        ]
      ]
    },
    {
      "elevation": 425,
      "elevation_bbox_pixels": [
        185.4730742850506,
        76.82892642177649,
        34.63488143956249,
        18.259893679376546
      ],
      "contour_line_pixels": [
        [
          0,
          3
        ],
        [
          2,
          4
        ],
        [
          20,
          7
        ],
        [
          39,
          12
        ],
        [
          39,
          12
        ],
        [
          58,
          14
        ],
        [
          76,
          18
        ],
        [
          95,
          23
        ],
        [
          107,
          27
        ],
        [
          113,
          29
        ],
        [
          132,
          32
        ],
        [
          150,
          38
        ],
        [
          158,
          42
        ],
        [
          169,
          57
        ],
        [
          169,
          57
        ],
        [
          169,
          57
        ],
        [
          155,
          72
        ],
        [
          150,
          74
        ],
        [
          132,
          83
        ],
        [
          113,
          85
        ],
        [
          95,
          87
        ],
        [
          95,
          87
        ],
        [
          76,
          87
        ],
        [
          76,
          87
        ],
        [
          58,
          86
        ],
        [
          39,
          83
        ],
        [
          20,
          81
        ],
        [
          2,
          80
        ],
        [
          0,
          80
        ]
      ]
    },
    {
      "elevation": 400,
      "elevation_bbox_pixels": [
        324.00171722268294,
        419.8715118021008,
        40.4593698365436,
        21.74274738826739
      ],
      "contour_line_pixels": [
        [
          512,
          431
        ],
        [
          503,
          431
        ],
        [
          502,
          430
        ],
        [
          503,
          430
        ],
        [
          512,
          430
        ]
      ]
    },
    {
      "elevation": 400,
      "elevation_bbox_pixels": [
        202.21899216176075,
        104.36933259495544,
        40.338139313404554,
        20.43112189430724
      ],
      "contour_line_pixels": []
    }
  ]
}