{
  "image": {
    "path": "N63E016_1476.png",
    "size": {
      "height": 512,
      "width": 512
    }
  },
  "labels": [
    {
      "elevation": 300,
      "elevation_bbox_pixels": [
        247.46376976979522,
        -2.2674669000194854,
        42.04748715567101,
        25.98871831612024
      ],
      "contour_line_pixels": []
    },
    {
      "elevation": 275,
      "elevation_bbox_pixels": [
        147.8667485031239,
        49.84746528289878,
        23.280443269428076,
        13.054525317370121
      ],
      "contour_line_pixels": []
    },
    {
      "elevation": 300,
      "elevation_bbox_pixels": [
        329.242239831088,
        41.30227904958849,
        33.351716338715505,
        17.544640402426694
      ],
      "contour_line_pixels": [
        [
          414,
          82
        ],
        [
          412,
          81
        ],
        [
          414,
          80
        ],
        [
          424,
          69
        ],
        [
          425,
          68
        ],
        [
          436,
          56
        ],
        [
          437,
          55
        ],
        [
          448,
          45
        ],
        [
          460,
          44
        ],
        [
          471,
          54
        ],
        [
          472,
          56
        ],
        [
          480,
          69
        ],
        [
          482,
          81
        ],
        [
          482,
          81
        ],
        [
          482,
          81
        ],
        [
          471,
          83
        ],
        [
          460,
          88
        ],
        [
          448,
          88
        ],
        [
          437,
          86
        ],
        [
          425,
          85
        ],
        [
          414,
          82
        ]
      ]
    },
    {
      "elevation": 275,
      "elevation_bbox_pixels": [
        231.64204714722365,
        105.04941260703038,
        61.800010434437695,
        33.18792239054778
      ],
      "contour_line_pixels": [
        [
          241,
          120
        ],
        [
          239,
          119
        ],
        [
          241,
          110
        ],
        [
          244,
          106
        ],
        [
          253,
          104
        ],
        [
          264,
          104
        ],
        [
          276,
          106
        ],
        [
          276,
          106
        ],
        [
          287,
          116
        ],
        [
          290,
          119
        ],
        [
          287,
          120
        ],
        [
          276,
          122
        ],
        [
          264,
          122
        ],
        [
          253,
          121
        ],
        [
          241,
          120
        ]
      ]
    },
    {
      "elevation": 225,
      "elevation_bbox_pixels": [
        273.76565860280203,
        155.08972646095629,
        49.76180205537901,
        24.024474254393454
      ],
      "contour_line_pixels": []
    },
    {
      "elevation": 225,
      "elevation_bbox_pixels": [
        344.99349011749615,
        492.4750339134813,
        27.505287214015766,
        17.324936526644464
      ],
      "contour_line_pixels": [
        [
          421,
          512
        ],
        [
          415,
          506
        ],
        [
          425,
          497
        ],
        [
          437,
          497
        ],
        [
          448,
          497
        ],
        [
          460,
          498
        ],
        [
          471,
          502
        ],
        [
          475,
          506
        ],
        [
          482,
          512
        ]
      ]
    },
    {
      "elevation": 225,
      "elevation_bbox_pixels": [
        166.93850934688754,
        483.72100704502105,
        49.797611799645324,
        27.109999531157783
      ],
      "contour_line_pixels": [
        [
          85,
          512
        ],
        [
          90,
          506
        ],
        [
          92,
          504
        ],
        [
          104,
          499
        ],
        [
          115,
          497
        ],
        [
          126,
          497
        ],
        [
          138,
          498
        ],
        [
          149,
          499
        ],
        [
          161,
          501
        ],
        [
          172,
          504
        ],
        [
          178,
          506
        ],
        [
          184,
          507
        ],
        [
          195,
          509
        ],
        [
          204,
          512
        ]
      ]
    },
    {
      "elevation": 200,
      "elevation_bbox_pixels": [
        271.0808333744159,
        420.55829416792153,
        37.58412772714905,
        20.668376469393024
      ],
      "contour_line_pixels": [
        [
          0,
          364
        ],
        [
          0,
          364
        ],
        [
          12,
          365
        ],
        [
          23,
          368
        ],
        [
          35,
          368
        ],
        [
          46,
          368
        ],
        [
          46,
          368
        ],
        [
          58,
          373
        ],
        [
          69,
          377
        ],
        [
          81,
          379
        ],
        [
          92,
          380
        ],
        [
          104,
          380
        ],
        [
          115,
          381
        ],
        [
          115,
          381
        ],
        [
          126,
          391
        ],
        [
          138,
          393
        ],
        [
          149,
          391
        ],
        [
          161,
          391
        ],
        [
          172,
          393
        ],
        [
          184,
          393
        ],
        [
          195,
          392
        ],
        [
          207,
          393
        ],
        [
          207,
          393
        ],
        [
          218,
          400
        ],
        [
          230,
          404
        ],
        [
          241,
          406
        ],
        [
          253,
          406
        ],
        [
          264,
          406
        ],
        [
          264,
          406
        ],
        [
          276,
          415
        ],
        [
          287,
          417
        ],
        [
          299,
          418
        ],
        [
          299,
          418
        ],
        [
          310,
          431
        ],
        [
          322,
          431
        ],
        [
          333,
          431
        ],
        [
          345,
          431
        ],
        [
          356,
          431
        ],
        [
          356,
          431
        ],
        [
          368,
          438
        ],
        [
          379,
          443
        ],
        [
          379,
          443
        ],
        [
          391,
          450
        ],
        [
          402,
          454
        ],
        [
          414,
          456
        ],
        [
          414,
          456
        ],
        [
          425,
          468
        ],
        [
          425,
          468
        ],
        [
          437,
          473
        ],
        [
          448,
          478
        ],
        [
          452,
          481
        ],
        [
          460,
          483
        ],
        [
          471,
          484
        ],
        [
          482,
          490
        ],
        [
          489,
          493
        ],
        [
          494,
          496
        ],
        [
          505,
          502
        ],
        [
          512,
          505
        ]
      ]
    },
    {
      "elevation": 200,
      "elevation_bbox_pixels": [
        231.17584233257688,
        193.93209440172933,
        63.50792304363219,
        37.70031177265935
      ],