{
  "image": {
    "path": "N63E016_1049.png",
    "size": {
      "height": 512,
      "width": 512
    }
  },
  "labels": [
    {
      "elevation": 225,
      "elevation_bbox_pixels": [
        211.63058633730677,
        324.33590586283424,
        31.321088332432794,
        19.12578981164478
      ],
      "contour_line_pixels": []
    },
    {
      "elevation": 250,
      "elevation_bbox_pixels": [
        221.62822839907275,
        420.87568882418446,
        24.126275018294848,
        15.355884528092588
      ],
      "contour_line_pixels": [
        [
          0,
          359
        ],
        [
          9,
          361
        ],
        [
          23,
          366
        ],
        [
          30,
          368
        ],
        [
          52,
          373
        ],
        [
          73,
          382
        ],
        [
          94,
          388
        ],
        [
          94,
          388
        ],
        [
          115,
          398
        ],
        [
          137,
          408
        ],
        [
          144,
          411
        ],
        [
          158,
          417
        ],
        [
          179,
          422
        ],
        [
          200,
          427
        ],
        [
          221,
          431
        ],
        [
          232,
          434
        ],
        [
          243,
          436
        ],
        [
          264,
          442
        ],
        [
          285,
          446
        ],
        [
          306,
          450
        ],
        [
          328,
          456
        ],
        [
          328,
          456
        ],
        [
          349,
          464
        ],
        [
          370,
          467
        ],
        [
          391,
          475
        ],
        [
          398,
          479
        ],
        [
          412,
          485
        ],
        [
          434,
          494
        ],
        [
          455,
          501
        ],
        [
          455,
          501
        ],
        [
          476,
          509
        ],
        [
          483,
          512
        ]
      ]
    }
  ]
}