{
  "image": {
    "path": "N63E016_0048.png",
    "size": {
      "height": 512,
      "width": 512
    }
  },
  "labels": [
    {
      "elevation": 350,
      "elevation_bbox_pixels": [
        249.39810430889565,
        -6.2032151097768065,
        41.158135732529445,
        24.271456382490896
      ],
      "contour_line_pixels": [
        [
          436,
          0
        ],
        [
          400,
          11
        ],
        [
          353,
          7
        ],
        [
          307,
          4
        ],
        [
          273,
          0
        ]
      ]
    },
    {
      "elevation": 325,
      "elevation_bbox_pixels": [
        262.4879819032025,
        55.5687680720593,
        47.1798117699592,
        28.648107608080068
      ],
      "contour_line_pixels": [
        [
          512,
          81
        ],
        [
          492,
          79
        ],
        [
          446,
          73
        ],
        [
          437,
          72
        ],
        [
          400,
          68
        ],
        [
          353,
          62
        ],
        [
          325,
          53
        ],
        [
          307,
          47
        ],
        [
          265,
          34
        ],
        [
          261,
          33
        ],
        [
          215,
          26
        ],
        [
          169,
          20
        ],
        [
          143,
          15
        ],
        [
          122,
          9
        ],
        [
          96,
          0
        ]
      ]
    },
    {
      "elevation": 275,
      "elevation_bbox_pixels": [
        258.4329642370398,
        365.7633135530753,
        30.224755836686313,
        14.488333193561061
      ],
      "contour_line_pixels": [
        [
          512,
          293
        ],
        [
          493,
          297
        ],
        [
          492,
          297
        ],
        [
          447,
          315
        ],
        [
          447,
          334
        ],
        [
          447,
          353
        ],
        [
          446,
          353
        ],
        [
          400,
          362
        ],
        [
          355,
          372
        ],
        [
          353,
          372
        ],
        [
          308,
          390
        ],
        [
          308,
          409
        ],
        [
          308,
          428
        ],
        [
          308,
          447
        ],
        [
          307,
          447
        ],
        [
          262,
          465
        ],
        [
          307,
          475
        ],
        [
          353,
          478
        ],
        [
          400,
          484
        ],
        [
          400,
          484
        ],
        [
          446,
          490
        ],
        [
          492,
          494
        ],
        [
          512,
          495
        ]
      ]
    }
  ]
}