{
  "image": {
    "path": "N63E016_1492.png",
    "size": {
      "height": 512,
      "width": 512
    }
  },
  "labels": [
    {
      "elevation": 200,
      "elevation_bbox_pixels": [
        94.68598382445693,
        -2.5149720174699723,
        39.415173863001414,
        20.93057051924461
      ],
      "contour_line_pixels": []
    },
    {
      "elevation": 200,
      "elevation_bbox_pixels": [
        459.55020568982144,
        402.2499132609014,
        41.55050266348701,
        24.70426178238901
      ],
      "contour_line_pixels": [
        [
          512,
          415
        ],
        [
          508,
          415
        ],
        [
          501,
          415
        ],
        [
          493,
          415
        ],
        [
          486,
          415
        ],
        [
          478,
          430
        ],
        [
          486,
          446
        ],
        [
          493,
          446
        ],
        [
          493,
          447
        ],
        [
          501,
          463
        ],
        [
          508,
          463
        ],
        [
          512,
          463
        ]
      ]
    },
    {
      "elevation": 275,
      "elevation_bbox_pixels": [
        223.97096140745208,
        482.1856578002209,
        61.532970016561535,
        32.87853180654531
      ],
      "contour_line_pixels": [
        [
          211,
          512
        ],
        [
          211,
          512
        ],
        [
          207,
          505
        ],
        [
          204,
          495
        ],
        [
          200,
          484
        ],
        [
          198,
          479
        ],
        [
          200,
          471
        ],
        [
          207,
          468
        ],
        [
          215,
          469
        ],
        [
          222,
          475
        ],
        [
          226,
          479
        ],
        [
          230,
          485
        ],
        [
          237,
          491
        ],
        [
          245,
          495
        ],
        [
          245,
          495
        ],
        [
          252,
          499
        ],
        [
          260,
          499
        ],
        [
          267,
          495
        ],
        [
          267,
          495
        ],
        [
          275,
          494
        ],
        [
          282,
          494
        ],
        [
          290,
          495
        ],
        [
          290,
          495
        ],
        [
          297,
          498
        ],
        [
          305,
          500
        ],
        [
          313,
          505
        ],
        [
          320,
          509
        ],
        [
          323,
          512
        ],
        [
          323,
          512
        ]
      ]
    },
    {
      "elevation": 250,
      "elevation_bbox_pixels": [
        168.14850854428482,
        411.2298513780864,
        52.867390292112276,
        34.51344205680229
      ],
      "contour_line_pixels": [
        [
          184,
          512
        ],
        [
          184,
          512
        ],
        [
          184,
          495
        ],
        [
          177,
          479
        ],
        [
          177,
          479
        ],
        [
          174,
          463
        ],
        [
          174,
          447
        ],
        [
          177,
          439
        ],
        [
          184,
          430
        ],
        [
          185,
          430
        ],
        [
          192,
          428
        ],
        [
          200,
          429
        ],
        [
          203,
          430
        ],
        [
          207,
          432
        ],
        [
          215,
          435
        ],
        [
          222,
          439
        ],
        [
          230,
          441
        ],
        [
          237,
          445
        ],
        [
          241,
          447
        ],
        [
          245,
          449
        ],
        [
          252,
          449
        ],
        [
          260,
          451
        ],
        [
          267,
          449
        ],
        [
          275,
          449
        ],
        [
          282,
          447
        ],
        [
          282,
          447
        ],
        [
          290,
          447
        ],
        [
          297,
          447
        ],
        [
          305,
          445
        ],
        [
          313,
          445
        ],
        [
          320,
          445
        ],
        [
          328,
          447
        ],
        [
          328,
          447
        ],
        [
          335,
          448
        ],
        [
          343,
          455
        ],
        [
          347,
          463
        ],
        [
          350,
          475
        ],
        [
          351,
          479
        ],
        [
          356,
          495
        ],
        [
          358,
          501
        ],
        [
          363,
          512
        ],
        [
          363,
          512
        ]
      ]
    },
    {
      "elevation": 225,
      "elevation_bbox_pixels": [
        261.1303731981758,
        385.76243895155176,
        35.79310895336556,
        19.08830714919071
      ],