{
  "image": {
    "path": "N63E016_0476.png",
    "size": {
      "height": 512,
      "width": 512
    }
  },
  "labels": [
    {
      "elevation": 300,
      "elevation_bbox_pixels": [
        395.71838237014975,
        6.278438313812558,
        51.94457291156698,
        25.244771309300177
      ],
      "contour_line_pixels": [
        [
          512,
          42
        ],
        [
          489,
          22
        ],
        [
          487,
          20
        ],
        [
          489,
          17
        ],
        [
          512,
          5
        ]
      ]
    },
    {
      "elevation": 275,
      "elevation_bbox_pixels": [
        388.19390568317397,
        56.24119468291417,
        31.508081349548547,
        18.987617342227395
      ],
      "contour_line_pixels": [
        [
          512,
          97
        ],
        [
          489,
          81
        ],
        [
          464,
          66
        ],
        [
          452,
          59
        ],
        [
          439,
          47
        ],
        [
          428,
          20
        ],
        [
          432,
          0
        ]
      ]
    },
    {
      "elevation": 275,
      "elevation_bbox_pixels": [
        295.3216852681595,
        178.24420223404866,
        48.375376819586336,
        27.929993180162683
      ],
      "contour_line_pixels": [
        [
          0,
          14
        ],
        [
          14,
          14
        ],
        [
          39,
          20
        ],
        [
          39,
          20
        ],
        [
          64,
          30
        ],
        [
          89,
          39
        ],
        [
          114,
          45
        ],
        [
          139,
          52
        ],
        [
          164,
          59
        ],
        [
          164,
          59
        ],
        [
          189,
          79
        ],
        [
          214,
          98
        ],
        [
          214,
          98
        ],
        [
          239,
          121
        ],
        [
          264,
          138
        ],
        [
          264,
          138
        ],
        [
          289,
          158
        ],
        [
          314,
          172
        ],
        [
          327,
          177
        ],
        [
          339,
          185
        ],
        [
          364,
          216
        ],
        [
          364,
          217
        ],
        [
          389,
          256
        ],
        [
          389,
          256
        ],
        [
          414,
          288
        ],
        [
          421,
          295
        ],
        [
          439,
          325
        ],
        [
          448,
          335
        ],
        [
          464,
          354
        ],
        [
          481,
          374
        ],
        [
          489,
          384
        ],
        [
          512,
          410
        ]
      ]
    },
    {
      "elevation": 300,
      "elevation_bbox_pixels": [
        199.53354994913786,
        178.45543614068356,
        43.60804121925983,
        23.868485300963584
      ],
      "contour_line_pixels": [
        [
          0,
          122
        ],
        [
          14,
          122
        ],
        [
          39,
          126
        ],
        [
          64,
          127
        ],
        [
          89,
          131
        ],
        [
          114,
          138
        ],
        [
          114,
          138
        ],
        [
          139,
          145
        ],
        [
          164,
          161
        ],
        [
          189,
          177
        ],
        [
          189,
          177
        ],
        [
          214,
          195
        ],
        [
          239,
          209
        ],
        [
          264,
          217
        ],
        [
          264,
          217
        ],
        [
          289,
          256
        ],
        [
          289,
          256
        ],
        [
          314,
          286
        ],
        [
          320,
          295
        ],
        [
          339,
          325
        ],
        [
          342,
          335
        ],
        [
          364,
          374
        ],
        [
          364,
          374
        ],
        [
          377,
          414
        ],
        [
          389,
          433
        ],
        [
          394,
          453
        ],
        [
          414,
          484
        ],
        [
          419,
          492
        ],
        [
          419,
          512
        ]
      ]
    },
    {
      "elevation": 325,
      "elevation_bbox_pixels": [
        187.46971335987496,
        336.2675940900838,
        52.498200050481984,
        32.863306545879425
      ],
      "contour_line_pixels": [
        [
          0,
          227
        ],
        [
          14,
          225
        ],
        [
          39,
          222
        ],
        [
          64,
          226
        ],
        [
          89,
          228
        ],
        [
          114,
          243
        ],
        [
          131,
          256
        ],
        [
          139,
          269
        ],
        [
          152,
          295
        ],
        [
          164,
          311
        ],
        [
          179,
          335
        ],
        [
          189,
          346
        ],
        [
          214,
          368
        ],
        [
          220,
          374
        ],
        [
          239,
          398
        ],
        [
          252,
          414
        ],
        [
          264,
          452
        ],
        [
          264,
          453
        ],
        [
          289,
          492
        ],
        [
          289,
          492
        ],
        [
          289,
          512
        ]
      ]
    },
    {
      "elevation": 350,
      "elevation_bbox_pixels": [
        67.51797225709996,
        465.1056768925413,
        38.44179849420692,
        22.973340854324537
      ],
      "contour_line_pixels": [
        [
          39,
          512
        ],
        [
          39,
          492
        ],
        [
          39,
          492
        ],
        [
          14,
          473
        ],
        [
          1,
          453
        ],
        [
          0,
          449
        ]
      ]
    }
  ]
}