{
  "image": {
    "path": "N63E016_1327.png",
    "size": {
      "height": 512,
      "width": 512
    }
  },
  "labels": [
    {
      "elevation": 325,
      "elevation_bbox_pixels": [
        127.43230622359143,
        19.63808647236874,
        53.60952021068316,
        32.93769877876912
      ],
      "contour_line_pixels": [
        [
          204,
          0
        ],
        [
          203,
          3
        ],
        [
          201,
          6
        ],
        [
          191,
          17
        ],
        [
          183,
          24
        ],
        [
          181,
          25
        ],
        [
          170,
          30
        ],
        [
          160,
          34
        ],
        [
          150,
          35
        ],
        [
          140,
          38
        ],
        [
          130,
          42
        ],
        [
          120,
          45
        ],
        [
          120,
          45
        ],
        [
          109,
          45
        ],
        [
          99,
          46
        ],
        [
          89,
          46
        ],
        [
          79,
          46
        ],
        [
          69,
          45
        ],
        [
          69,
          45
        ],
        [
          59,
          43
        ],
        [
          49,
          41
        ],
        [
          38,
          37
        ],
        [
          28,
          36
        ],
        [
          18,
          36
        ],
        [
          8,
          38
        ],
        [
          0,
          42
        ]
      ]
    },
    {
      "elevation": 300,
      "elevation_bbox_pixels": [
        204.28608570274346,
        27.75064321361043,
        32.36765202180885,
        15.254652089708884
      ],
      "contour_line_pixels": []
    },
    {
      "elevation": 375,
      "elevation_bbox_pixels": [
        135.4389957753124,
        216.97214188761887,
        34.169915514975344,
        23.248453587575455
      ],
      "contour_line_pixels": [
        [
          109,
          324
        ],
        [
          109,
          324
        ],
        [
          101,
          302
        ],
        [
          99,
          281
        ],
        [
          99,
          281
        ],
        [
          99,
          259
        ],
        [
          99,
          259
        ],
        [
          109,
          244
        ],
        [
          114,
          238
        ],
        [
          120,
          234
        ],
        [
          130,
          229
        ],
        [
          140,
          227
        ],
        [
          150,
          230
        ],
        [
          158,
          238
        ],
        [
          159,
          259
        ],
        [
          154,
          281
        ],
        [
          157,
          302
        ],
        [
          156,
          324
        ],
        [
          150,
          331
        ],
        [
          140,
          333
        ],
        [
          130,
          333
        ],
        [
          120,
          331
        ],
        [
          109,
          324
        ]
      ]
    },
    {
      "elevation": 400,
      "elevation_bbox_pixels": [
        216.9077843576598,
        320.2142720669412,
        42.91348259309575,
        22.019586161263874
      ],
      "contour_line_pixels": [
        [
          386,
          367
        ],
        [
          384,
          374
        ],
        [
          380,
          388
        ],
        [
          379,
          409
        ],
        [
          374,
          420
        ],
        [
          364,
          431
        ],
        [
          363,
          431
        ],
        [
          353,
          431
        ],
        [
          343,
          433
        ],
        [
          333,
          434
        ],
        [
          323,
          434
        ],
        [
          313,
          432
        ],
        [
          308,
          431
        ],
        [
          302,
          428
        ],
        [
          292,
          418
        ],
        [
          282,
          409
        ],
        [
          282,
          409
        ],
        [
          272,
          392
        ],
        [
          271,
          388
        ],
        [
          262,
          376
        ],
        [
          256,
          367
        ],
        [
          252,
          349
        ],
        [
          242,
          349
        ],
        [
          231,
          346
        ],
        [
          231,
          345
        ],
        [
          231,
          342
        ],
        [
          241,
          324
        ],
        [
          242,
          302
        ],
        [
          242,
          302
        ],
        [
          252,
          294
        ],
        [
          262,
          302
        ],
        [
          262,
          302
        ],
        [
          262,
          324
        ],
        [
          272,
          325
        ],
        [
          282,
          324
        ],
        [
          282,
          324
        ],
        [
          292,
          321
        ],
        [
          302,
          318
        ],
        [
          313,
          315
        ],
        [
          323,
          312
        ],
        [
          333,
          312
        ],
        [
          343,
          313
        ],
        [
          353,
          320
        ],
        [
          358,
          324
        ],
        [
          363,
          327
        ],
        [
          374,
          334
        ],
        [
          384,
          339
        ],
        [
          394,
          345
        ],
        [
          394,
          345
        ],
        [
          394,
          345
        ],
        [
          386,
          367
        ]
      ]
    },
    {
      "elevation": 375,
      "elevation_bbox_pixels": [
        207.4948830970936,
        224.31180416088284,
        58.810088776640924,
        35.93542735057483
      ],