{
  "image": {
    "path": "N63E016_1131.png",
    "size": {
      "height": 512,
      "width": 512
    }
  },
  "labels": [
    {
      "elevation": 400,
      "elevation_bbox_pixels": [
        186.86640391514118,
        219.6643373177111,
        59.04148958872179,
        36.54134409079256
      ],
      "contour_line_pixels": [
        [
          0,
          171
        ],
        [
          44,
          192
        ],
        [
          79,
          198
        ],
        [
          113,
          215
        ],
        [
          182,
          248
        ],
        [
          200,
          264
        ],
        [
          182,
          275
        ],
        [
          113,
          304
        ],
        [
          67,
          330
        ],
        [
          44,
          341
        ],
        [
          0,
          355
        ]
      ]
    },
    {
      "elevation": 375,
      "elevation_bbox_pixels": [
        231.70865371057664,
        347.2546444597232,
        50.507463938502724,
        30.463575557517572
      ],
      "contour_line_pixels": [
        [
          0,
          79
        ],
        [
          44,
          112
        ],
        [
          98,
          132
        ],
        [
          113,
          138
        ],
        [
          182,
          146
        ],
        [
          251,
          154
        ],
        [
          320,
          173
        ],
        [
          381,
          198
        ],
        [
          389,
          215
        ],
        [
          410,
          264
        ],
        [
          389,
          277
        ],
        [
          320,
          308
        ],
        [
          295,
          330
        ],
        [
          251,
          369
        ],
        [
          202,
          396
        ],
        [
          182,
          409
        ],
        [
          113,
          462
        ],
        [
          113,
          462
        ],
        [
          44,
          479
        ],
        [
          0,
          482
        ]
      ]
    },
    {
      "elevation": 350,
      "elevation_bbox_pixels": [
        236.38538464823296,
        84.29387504136184,
        51.07122523335693,
        26.13999034848075
      ],
      "contour_line_pixels": []
    },
    {
      "elevation": 325,
      "elevation_bbox_pixels": [
        266.7170566829989,
        42.4097972161552,
        59.53927389282808,
        30.79177522595114
      ],
      "contour_line_pixels": [
        [
          94,
          0
        ],
        [
          94,
          1
        ],
        [
          113,
          13
        ],
        [
          182,
          34
        ],
        [
          251,
          40
        ],
        [
          320,
          55
        ],
        [
          389,
          60
        ],
        [
          458,
          65
        ],
        [
          463,
          66
        ],
        [
          512,
          87
        ]
      ]
    },
    {
      "elevation": 300,
      "elevation_bbox_pixels": [
        303.64970544150435,
        -0.3577419040884706,
        47.43069982910788,
        27.641783035578612
      ],
      "contour_line_pixels": [
        [
          353,
          0
        ],
        [
          355,
          1
        ],
        [
          389,
          11
        ],
        [
          458,
          16
        ],
        [
          512,
          32
        ]
      ]
    }
  ]
}