{
  "image": {
    "path": "N63E016_0558.png",
    "size": {
      "height": 512,
      "width": 512
    }
  },
  "labels": [
    {
      "elevation": 325,
      "elevation_bbox_pixels": [
        143.93363478046643,
        264.7304613630322,
        29.685842078464816,
        14.129210242901593
      ],
      "contour_line_pixels": [
        [
          76,
          272
        ],
        [
          65,
          260
        ],
        [
          76,
          243
        ],
        [
          91,
          241
        ],
        [
          105,
          242
        ],
        [
          120,
          247
        ],
        [
          130,
          260
        ],
        [
          120,
          275
        ],
        [
          105,
          278
        ],
        [
          91,
          277
        ],
        [
          76,
          272
        ]
      ]
    },
    {
      "elevation": 325,
      "elevation_bbox_pixels": [
        79.66857165992118,
        107.67833937745087,
        36.442635874895416,
        24.35470634804085
      ],
      "contour_line_pixels": [
        [
          0,
          7
        ],
        [
          3,
          20
        ],
        [
          5,
          24
        ],
        [
          16,
          47
        ],
        [
          17,
          52
        ],
        [
          26,
          71
        ],
        [
          32,
          89
        ],
        [
          37,
          94
        ],
        [
          39,
          118
        ],
        [
          32,
          130
        ],
        [
          18,
          142
        ],
        [
          17,
          142
        ],
        [
          3,
          151
        ],
        [
          0,
          152
        ]
      ]
    },
    {
      "elevation": 325,
      "elevation_bbox_pixels": [
        157.13751603250012,
        360.0925220554782,
        36.023005637508504,
        22.14825225927052
      ],
      "contour_line_pixels": [
        [
          185,
          425
        ],
        [
          178,
          420
        ],
        [
          164,
          412
        ],
        [
          152,
          401
        ],
        [
          149,
          393
        ],
        [
          137,
          378
        ],
        [
          149,
          367
        ],
        [
          164,
          361
        ],
        [
          178,
          361
        ],
        [
          193,
          366
        ],
        [
          206,
          378
        ],
        [
          208,
          379
        ],
        [
          221,
          401
        ],
        [
          222,
          405
        ],
        [
          231,
          425
        ],
        [
          222,
          436
        ],
        [
          208,
          438
        ],
        [
          193,
          431
        ],
        [
          185,
          425
        ]
      ]
    },
    {
      "elevation": 325,
      "elevation_bbox_pixels": [
        76.88125238571223,
        475.33860049541556,
        55.63137768550962,
        33.115653036060195
      ],
      "contour_line_pixels": [
        [
          0,
          469
        ],
        [
          3,
          470
        ],
        [
          8,
          472
        ],
        [
          17,
          477
        ],
        [
          32,
          481
        ],
        [
          47,
          492
        ],
        [
          61,
          496
        ],
        [
          61,
          496
        ],
        [
          76,
          501
        ],
        [
          91,
          507
        ],
        [
          105,
          511
        ],
        [
          107,
          512
        ]
      ]
    },
    {
      "elevation": 325,
      "elevation_bbox_pixels": [
        408.24813711579907,
        209.99753076574024,
        61.92429205284884,
        33.20130444289737
      ],
      "contour_line_pixels": [
        [
          512,
          248
        ],
        [
          504,
          236
        ],
        [
          512,
          219
        ]
      ]
    },
    {
      "elevation": 275,
      "elevation_bbox_pixels": [
        382.45123823451246,
        280.97994839560545,
        49.76180205537901,
        24.024474254393454
      ],
      "contour_line_pixels": [
        [
          512,
          402
        ],
        [
          512,
          401
        ],
        [
          501,
          381
        ],
        [
          499,
          378
        ],
        [
          496,
          354
        ],
        [
          486,
          331
        ],
        [
          486,
          330
        ],
        [
          474,
          307
        ],
        [
          471,
          303
        ],
        [
          458,
          283
        ],
        [
          457,
          281
        ],
        [
          442,
          260
        ],
        [
          442,
          260
        ],
        [
          434,
          236
        ],
        [
          427,
          213
        ],
        [
          427,
          212
        ],
        [
          427,
          212
        ],
        [
          440,
          189
        ],
        [
          442,
          186
        ],
        [
          457,
          165
        ],
        [
          457,
          165
        ],
        [
          461,
          142
        ],
        [
          461,
          118
        ],
        [
          463,
          94
        ],
        [
          471,
          84
        ],
        [
          482,
          71
        ],
        [
          486,
          68
        ],
        [
          501,
          59
        ],
        [
          512,
          54
        ]
      ]
    },
    {
      "elevation": 300,
      "elevation_bbox_pixels": [
        58.12380537011958,
        322.31917782556104,
        27.50528721401573,
        17.32493652664448
      ],
      "contour_line_pixels": []
    },
    {
      "elevation": 275,
      "elevation_bbox_pixels": [
        191.62686513482123,
        168.20074409818068,
        49.797611799645324,
        27.10999953115777
      ],