{
  "image": {
    "path": "N63E016_1286.png",
    "size": {
      "height": 512,
      "width": 512
    }
  },
  "labels": [
    {
      "elevation": 275,
      "elevation_bbox_pixels": [
        313.63516334000735,
        38.10596335830553,
        31.07425525204758,
        18.51420426205891
      ],
      "contour_line_pixels": []
    },
    {
      "elevation": 375,
      "elevation_bbox_pixels": [
        281.4731258555241,
        482.49445208935083,
        41.79762106441524,
        24.742110110260192
      ],
      "contour_line_pixels": [
        [
          512,
          497
        ],
        [
          507,
          496
        ],
        [
          480,
          495
        ],
        [
          454,
          496
        ],
        [
          427,
          496
        ],
        [
          401,
          495
        ],
        [
          374,
          493
        ],
        [
          374,
          493
        ],
        [
          348,
          484
        ],
        [
          336,
          474
        ],
        [
          348,
          467
        ],
        [
          370,
          456
        ],
        [
          374,
          454
        ],
        [
          401,
          451
        ],
        [
          427,
          445
        ],
        [
          453,
          437
        ],
        [
          454,
          437
        ],
        [
          480,
          434
        ],
        [
          507,
          433
        ],
        [
          512,
          433
        ]
      ]
    },
    {
      "elevation": 350,
      "elevation_bbox_pixels": [
        226.04714853690467,
        441.29419052465727,
        61.532970016561535,
        32.87853180654531
      ],
      "contour_line_pixels": [
        [
          484,
          512
        ],
        [
          480,
          512
        ],
        [
          479,
          512
        ],
        [
          454,
          511
        ],
        [
          427,
          509
        ],
        [
          401,
          508
        ],
        [
          374,
          507
        ],
        [
          348,
          506
        ],
        [
          321,
          504
        ],
        [
          294,
          503
        ],
        [
          268,
          501
        ],
        [
          241,
          497
        ],
        [
          226,
          493
        ],
        [
          226,
          474
        ],
        [
          241,
          468
        ],
        [
          262,
          456
        ],
        [
          268,
          452
        ],
        [
          294,
          439
        ],
        [
          298,
          437
        ],
        [
          321,
          426
        ],
        [
          348,
          423
        ],
        [
          361,
          418
        ],
        [
          374,
          415
        ],
        [
          401,
          411
        ],
        [
          427,
          408
        ],
        [
          454,
          402
        ],
        [
          462,
          400
        ],
        [
          480,
          395
        ],
        [
          507,
          393
        ],
        [
          512,
          393
        ]
      ]
    },
    {
      "elevation": 300,
      "elevation_bbox_pixels": [
        260.65020378430256,
        320.0704219993463,
        35.79310895336556,
        19.08830714919071
      ],
      "contour_line_pixels": [
        [
          119,
          512
        ],
        [
          118,
          512
        ],
        [
          109,
          506
        ],
        [
          88,
          493
        ],
        [
          87,
          474
        ],
        [
          106,
          456
        ],
        [
          109,
          454
        ],
        [
          135,
          439
        ],
        [
          138,
          437
        ],
        [
          153,
          418
        ],
        [
          158,
          400
        ],
        [
          162,
          395
        ],
        [
          185,
          381
        ],
        [
          188,
          378
        ],
        [
          215,
          366
        ],
        [
          241,
          363
        ],
        [
          215,
          344
        ],
        [
          215,
          344
        ],
        [
          215,
          344
        ],
        [
          241,
          340
        ],
        [
          268,
          335
        ],
        [
          294,
          332
        ],
        [
          321,
          332
        ],
        [
          347,
          325
        ],
        [
          339,
          307
        ],
        [
          342,
          288
        ],
        [
          348,
          286
        ],
        [
          374,
          286
        ],
        [
          401,
          288
        ],
        [
          401,
          288
        ],
        [
          427,
          292
        ],
        [
          454,
          299
        ],
        [
          480,
          304
        ],
        [
          507,
          305
        ],
        [
          512,
          305
        ]
      ]
    },
    {
      "elevation": 275,
      "elevation_bbox_pixels": [
        264.6984515140235,
        244.5281310543321,
        25.570191073896126,
        15.507195079997928
      ],
      "contour_line_pixels": []
    },
    {
      "elevation": 250,
      "elevation_bbox_pixels": [
        303.26048608617504,
        89.97268638976612,
        43.58070164531938,
        23.578049307544802
      ],
      "contour_line_pixels": []
    },
    {
      "elevation": 225,
      "elevation_bbox_pixels": [
        160.5604589979376,
        98.23252123416921,
        43.00067398149247,
        27.034677817308193
      ],
      "contour_line_pixels": [
        [
          0,
          141
        ],
        [
          2,
          139
        ],
        [
          3,
          139
        ],
        [
          29,
          120
        ],
        [
          3,
          102
        ],
        [
          0,
          102
        ]
      ]
    }
  ]
}