{
  "image": {
    "path": "N63E016_0303.png",
    "size": {
      "height": 512,
      "width": 512
    }
  },
  "labels": [
    {
      "elevation": 375,
      "elevation_bbox_pixels": [
        265.1096490730313,
        356.18301274916155,
        34.098367653691184,
        18.55590101825078
      ],
      "contour_line_pixels": [
        [
          512,
          394
        ],
        [
          500,
          392
        ],
        [
          476,
          388
        ],
        [
          441,
          371
        ],
        [
          440,
          371
        ],
        [
          441,
          371
        ],
        [
          499,
          354
        ],
        [
          500,
          354
        ],
        [
          512,
          353
        ]
      ]
    },
    {
      "elevation": 375,
      "elevation_bbox_pixels": [
        203.6738330876157,
        430.8315874583545,
        46.44880396103389,
        31.48664449369707
      ],
      "contour_line_pixels": [
        [
          0,
          447
        ],
        [
          29,
          447
        ],
        [
          0,
          447
        ]
      ]
    },
    {
      "elevation": 400,
      "elevation_bbox_pixels": [
        215.73885179876055,
        490.3694026614944,
        40.288711511871156,
        23.550202383578842
      ],
      "contour_line_pixels": [
        [
          0,
          491
        ],
        [
          29,
          491
        ],
        [
          88,
          500
        ],
        [
          118,
          505
        ],
        [
          141,
          512
        ]
      ]
    },
    {
      "elevation": 350,
      "elevation_bbox_pixels": [
        246.91647178989342,
        257.3455139869166,
        38.8056806887389,
        21.461032917668376
      ],
      "contour_line_pixels": [
        [
          0,
          254
        ],
        [
          29,
          254
        ],
        [
          30,
          254
        ],
        [
          31,
          271
        ],
        [
          88,
          276
        ],
        [
          118,
          271
        ],
        [
          147,
          266
        ],
        [
          206,
          266
        ],
        [
          265,
          266
        ],
        [
          323,
          267
        ],
        [
          382,
          271
        ],
        [
          441,
          271
        ],
        [
          442,
          271
        ],
        [
          500,
          275
        ],
        [
          512,
          276
        ]
      ]
    }
  ]
}