{
  "image": {
    "path": "N63E016_1640.png",
    "size": {
      "height": 512,
      "width": 512
    }
  },
  "labels": [
    {
      "elevation": 300,
      "elevation_bbox_pixels": [
        193.62426930718047,
        337.4536895029278,
        51.042034119140965,
        28.76125614782177
      ],
      "contour_line_pixels": [
        [
          222,
          414
        ],
        [
          222,
          414
        ],
        [
          211,
          403
        ],
        [
          200,
          398
        ],
        [
          200,
          398
        ],
        [
          189,
          391
        ],
        [
          179,
          383
        ],
        [
          178,
          383
        ],
        [
          168,
          368
        ],
        [
          168,
          368
        ],
        [
          157,
          353
        ],
        [
          157,
          353
        ],
        [
          157,
          353
        ],
        [
          168,
          350
        ],
        [
          179,
          350
        ],
        [
          189,
          350
        ],
        [
          200,
          353
        ],
        [
          211,
          353
        ],
        [
          222,
          353
        ],
        [
          222,
          353
        ],
        [
          233,
          363
        ],
        [
          244,
          368
        ],
        [
          254,
          368
        ],
        [
          254,
          368
        ],
        [
          265,
          378
        ],
        [
          276,
          383
        ],
        [
          276,
          383
        ],
        [
          287,
          398
        ],
        [
          287,
          398
        ],
        [
          298,
          413
        ],
        [
          298,
          414
        ],
        [
          308,
          428
        ],
        [
          309,
          429
        ],
        [
          308,
          429
        ],
        [
          298,
          444
        ],
        [
          298,
          444
        ],
        [
          287,
          446
        ],
        [
          276,
          446
        ],
        [
          265,
          444
        ],
        [
          265,
          444
        ],
        [
          254,
          436
        ],
        [
          244,
          429
        ],
        [
          243,
          429
        ],
        [
          233,
          421
        ],
        [
          222,
          414
        ]
      ]
    },
    {
      "elevation": 300,
      "elevation_bbox_pixels": [
        345.7460759378335,
        384.96837357170875,
        47.09430651822947,
        27.137872710917293
      ],
      "contour_line_pixels": []
    },
    {
      "elevation": 300,
      "elevation_bbox_pixels": [
        382.35865609832547,
        497.7227854169262,
        37.944796142834775,
        21.43230473821817
      ],
      "contour_line_pixels": [
        [
          433,
          512
        ],
        [
          438,
          510
        ],
        [
          449,
          508
        ],
        [
          460,
          507
        ],
        [
          471,
          507
        ],
        [
          482,
          508
        ],
        [
          492,
          509
        ],
        [
          503,
          508
        ],
        [
          512,
          511
        ]
      ]
    },
    {
      "elevation": 275,
      "elevation_bbox_pixels": [
        219.92386837871385,
        275.39186905594005,
        60.78400144440377,
        35.953229198894974
      ],
      "contour_line_pixels": [
        [
          323,
          512
        ],
        [
          330,
          508
        ],
        [
          336,
          505
        ],
        [
          330,
          501
        ],
        [
          319,
          497
        ],
        [
          308,
          494
        ],
        [
          298,
          491
        ],
        [
          294,
          490
        ],
        [
          287,
          487
        ],
        [
          276,
          483
        ],
        [
          265,
          483
        ],
        [
          254,
          481
        ],
        [
          244,
          478
        ],
        [
          233,
          476
        ],
        [
          227,
          474
        ],
        [
          222,
          472
        ],
        [
          211,
          466
        ],
        [
          200,
          461
        ],
        [
          198,
          459
        ],
        [
          189,
          453
        ],
        [
          179,
          446
        ],
        [
          176,
          444
        ],
        [
          168,
          434
        ],
        [
          162,
          429
        ],
        [
          157,
          423
        ],
        [
          146,
          414
        ],
        [
          146,
          414
        ],
        [
          135,
          406
        ],
        [
          124,
          401
        ],
        [
          120,
          398
        ],
        [
          114,
          393
        ],
        [
          103,
          386
        ],
        [
          97,
          383
        ],
        [
          92,
          379
        ],
        [
          81,
          372
        ],
        [
          75,
          368
        ],
        [
          70,
          360
        ],
        [
          65,
          353
        ],
        [
          59,
          338
        ],
        [
          59,
          338
        ],
        [
          59,
          337
        ],
        [
          63,
          322
        ],
        [
          70,
          317
        ],
        [
          81,
          310
        ],
        [
          87,
          307
        ],
        [
          92,
          306
        ],
        [
          103,
          303
        ],
        [
          114,
          300
        ],
        [
          124,
          296
        ],
        [
          135,
          292
        ],
        [
          135,
          292
        ],
        [
          146,
          287
        ],
        [
          153,
          277
        ],
        [
          150,
          261
        ],
        [
          146,
          258
        ],
        [
          135,
          246
        ],
        [
          135,
          246
        ],
        [
          124,
          242
        ],
        [
          114,
          238
        ],
        [
          103,
          236
        ],
        [
          92,
          236
        ],
        [
          81,
          236
        ],
        [
          70,
          234
        ],
        [
          59,
          234
        ],
        [
          53,
          231
        ],
        [
          49,
          228
        ],
        [
          38,
          224
        ],
        [
          27,
          221
        ],
        [
          18,
          216
        ],
        [
          18,
          201
        ],
        [
          16,
          186
        ],
        [
          16,
          185
        ],
        [
          5,
          170
        ],
        [
          5,
          170
        ],
        [
          5,
          170
        ],
        [
          13,
          155
        ],
        [
          16,
          153
        ],
        [
          27,
          149
        ],
        [
          38,
          145
        ],
        [
          45,
          140
        ],
        [
          46,
          125
        ],
        [
          49,
          121
        ],
        [
          59,
          114
        ],
        [
          70,
          114
        ],
        [
          81,
          117
        ],
        [
          92,
          122
        ],
        [
          95,
