{
  "image": {
    "path": "N63E016_0458.png",
    "size": {
      "height": 512,
      "width": 512
    }
  },
  "labels": [
    {
      "elevation": 400,
      "elevation_bbox_pixels": [
        182.14290704980192,
        447.7016962173129,
        30.43960646882556,
        19.13493911545462
      ],
      "contour_line_pixels": [
        [
          137,
          475
        ],
        [
          137,
          475
        ],
        [
          118,
          457
        ],
        [
          118,
          457
        ],
        [
          118,
          457
        ],
        [
          137,
          457
        ],
        [
          137,
          457
        ],
        [
          155,
          471
        ],
        [
          168,
          475
        ],
        [
          155,
          481
        ],
        [
          137,
          475
        ]
      ]
    },
    {
      "elevation": 400,
      "elevation_bbox_pixels": [
        223.53897673827382,
        260.2299173390573,
        33.39246304434917,
        17.34526480965576
      ],
      "contour_line_pixels": []
    },
    {
      "elevation": 375,
      "elevation_bbox_pixels": [
        330.2390855575963,
        126.17624640736318,
        45.77578004219242,
        21.219880059984348
      ],
      "contour_line_pixels": []
    },
    {
      "elevation": 350,
      "elevation_bbox_pixels": [
        341.437420815909,
        62.07758134778743,
        42.82140620790017,
        26.062082099948725
      ],
      "contour_line_pixels": []
    }
  ]
}