{
  "image": {
    "path": "N63E016_0251.png",
    "size": {
      "height": 512,
      "width": 512
    }
  },
  "labels": [
    {
      "elevation": 325,
      "elevation_bbox_pixels": [
        258.94767450478093,
        12.380870628404011,
        61.684097617148836,
        32.408229657913466
      ],
      "contour_line_pixels": [
        [
          512,
          49
        ],
        [
          479,
          40
        ],
        [
          444,
          26
        ],
        [
          426,
          18
        ],
        [
          399,
          26
        ],
        [
          372,
          33
        ],
        [
          319,
          26
        ],
        [
          265,
          26
        ],
        [
          212,
          26
        ],
        [
          158,
          26
        ],
        [
          105,
          26
        ],
        [
          51,
          26
        ],
        [
          0,
          33
        ]
      ]
    },
    {
      "elevation": 300,
      "elevation_bbox_pixels": [
        225.82005326238715,
        122.71831468076306,
        25.374498323220337,
        16.55136197613831
      ],
      "contour_line_pixels": [
        [
          512,
          121
        ],
        [
          479,
          119
        ],
        [
          426,
          119
        ],
        [
          372,
          119
        ],
        [
          319,
          119
        ],
        [
          266,
          124
        ],
        [
          265,
          124
        ],
        [
          212,
          131
        ],
        [
          158,
          134
        ],
        [
          105,
          133
        ],
        [
          51,
          133
        ],
        [
          0,
          134
        ]
      ]
    },
    {
      "elevation": 275,
      "elevation_bbox_pixels": [
        188.85266505712957,
        180.34188148263263,
        39.99476564532915,
        24.59070128062035
      ],
      "contour_line_pixels": [
        [
          512,
          178
        ],
        [
          479,
          177
        ],
        [
          426,
          175
        ],
        [
          399,
          173
        ],
        [
          372,
          171
        ],
        [
          345,
          173
        ],
        [
          319,
          175
        ],
        [
          265,
          182
        ],
        [
          212,
          189
        ],
        [
          158,
          193
        ],
        [
          105,
          192
        ],
        [
          51,
          186
        ],
        [
          0,
          180
        ]
      ]
    },
    {
      "elevation": 250,
      "elevation_bbox_pixels": [
        212.4580555427214,
        246.54190908759244,
        28.95375722658818,
        16.618447992664414
      ],
      "contour_line_pixels": [
        [
          512,
          229
        ],
        [
          479,
          229
        ],
        [
          426,
          229
        ],
        [
          372,
          228
        ],
        [
          319,
          236
        ],
        [
          265,
          243
        ],
        [
          212,
          251
        ],
        [
          158,
          259
        ],
        [
          105,
          265
        ],
        [
          51,
          268
        ],
        [
          0,
          267
        ]
      ]
    },
    {
      "elevation": 200,
      "elevation_bbox_pixels": [
        234.59936820399304,
        432.84682231014745,
        59.480226138065404,
        35.859464425776935
      ],
      "contour_line_pixels": [
        [
          512,
          398
        ],
        [
          479,
          405
        ],
        [
          426,
          409
        ],
        [
          383,
          418
        ],
        [
          372,
          422
        ],
        [
          319,
          439
        ],
        [
          265,
          454
        ],
        [
          212,
          457
        ],
        [
          158,
          459
        ],
        [
          105,
          463
        ],
        [
          52,
          467
        ],
        [
          51,
          467
        ],
        [
          0,
          478
        ]
      ]
    },
    {
      "elevation": 225,
      "elevation_bbox_pixels": [
        258.8655791192982,
        355.6133622358041,
        35.30930851598441,
        21.909547238899336
      ],
      "contour_line_pixels": [
        [
          0,
          390
        ],
        [
          51,
          387
        ],
        [
          105,
          390
        ],
        [
          158,
          393
        ],
        [
          212,
          387
        ],
        [
          265,
          376
        ],
        [
          301,
          369
        ],
        [
          319,
          361
        ],
        [
          372,
          330
        ],
        [
          426,
          320
        ],
        [
          427,
          320
        ],
        [
          479,
          313
        ],
        [
          512,
          306
        ]
      ]
    }
  ]
}