{
  "image": {
    "path": "N63E016_0339.png",
    "size": {
      "height": 512,
      "width": 512
    }
  },
  "labels": [
    {
      "elevation": 500,
      "elevation_bbox_pixels": [
        289.6432588017946,
        31.11092451062524,
        31.07532664329767,
        19.079951049080023
      ],
      "contour_line_pixels": [
        [
          512,
          97
        ],
        [
          492,
          95
        ],
        [
          470,
          83
        ],
        [
          469,
          83
        ],
        [
          448,
          69
        ],
        [
          447,
          69
        ],
        [
          426,
          55
        ],
        [
          426,
          55
        ],
        [
          426,
          40
        ],
        [
          404,
          26
        ],
        [
          403,
          26
        ],
        [
          382,
          12
        ],
        [
          360,
          12
        ],
        [
          360,
          12
        ],
        [
          341,
          0
        ]
      ]
    },
    {
      "elevation": 475,
      "elevation_bbox_pixels": [
        312.98806174212916,
        221.246904280117,
        24.12627501829479,
        15.355884528092588
      ],
      "contour_line_pixels": []
    }
  ]
}