{
  "image": {
    "path": "N63E016_1573.png",
    "size": {
      "height": 512,
      "width": 512
    }
  },
  "labels": [
    {
      "elevation": 350,
      "elevation_bbox_pixels": [
        158.24852726203574,
        91.9603435785753,
        54.4367403122676,
        27.184928625400858
      ],
      "contour_line_pixels": [
        [
          0,
          110
        ],
        [
          7,
          107
        ],
        [
          20,
          104
        ],
        [
          33,
          104
        ],
        [
          46,
          106
        ],
        [
          56,
          111
        ],
        [
          59,
          113
        ],
        [
          72,
          119
        ],
        [
          77,
          121
        ],
        [
          85,
          127
        ],
        [
          91,
          131
        ],
        [
          85,
          136
        ],
        [
          72,
          140
        ],
        [
          72,
          140
        ],
        [
          59,
          140
        ],
        [
          59,
          140
        ],
        [
          46,
          140
        ],
        [
          33,
          140
        ],
        [
          20,
          139
        ],
        [
          7,
          136
        ],
        [
          0,
          134
        ]
      ]
    },
    {
      "elevation": 325,
      "elevation_bbox_pixels": [
        218.084395440642,
        180.41835893800356,
        26.392657166672223,
        14.26934644476762
      ],
      "contour_line_pixels": [
        [
          0,
          85
        ],
        [
          7,
          84
        ],
        [
          16,
          82
        ],
        [
          20,
          81
        ],
        [
          33,
          81
        ],
        [
          36,
          82
        ],
        [
          46,
          85
        ],
        [
          59,
          91
        ],
        [
          60,
          92
        ],
        [
          68,
          102
        ],
        [
          72,
          105
        ],
        [
          82,
          111
        ],
        [
          85,
          112
        ],
        [
          98,
          116
        ],
        [
          111,
          121
        ],
        [
          111,
          121
        ],
        [
          124,
          125
        ],
        [
          137,
          131
        ],
        [
          137,
          131
        ],
        [
          150,
          139
        ],
        [
          153,
          140
        ],
        [
          163,
          143
        ],
        [
          176,
          146
        ],
        [
          189,
          149
        ],
        [
          191,
          150
        ],
        [
          202,
          153
        ],
        [
          212,
          160
        ],
        [
          215,
          162
        ],
        [
          221,
          170
        ],
        [
          228,
          176
        ],
        [
          234,
          179
        ],
        [
          228,
          186
        ],
        [
          215,
          189
        ],
        [
          215,
          189
        ],
        [
          214,
          189
        ],
        [
          202,
          188
        ],
        [
          189,
          188
        ],
        [
          176,
          188
        ],
        [
          163,
          187
        ],
        [
          150,
          186
        ],
        [
          137,
          183
        ],
        [
          124,
          181
        ],
        [
          117,
          179
        ],
        [
          111,
          178
        ],
        [
          98,
          176
        ],
        [
          85,
          175
        ],
        [
          72,
          174
        ],
        [
          59,
          173
        ],
        [
          53,
          170
        ],
        [
          46,
          167
        ],
        [
          33,
          164
        ],
        [
          20,
          161
        ],
        [
          14,
          160
        ],
        [
          7,
          159
        ],
        [
          0,
          159
        ]
      ]
    },
    {
      "elevation": 300,
      "elevation_bbox_pixels": [
        260.04622118417797,
        189.53155492596784,
        58.83101301678607,
        33.860291075632176
      ],