{
  "image": {
    "path": "N63E016_0234.png",
    "size": {
      "height": 512,
      "width": 512
    }
  },
  "labels": [
    {
      "elevation": 300,
      "elevation_bbox_pixels": [
        376.2719580694769,
        -0.051110215710650664,
        34.51140978884109,
        22.72718673896452
      ],
      "contour_line_pixels": [
        [
          495,
          60
        ],
        [
          488,
          83
        ],
        [
          475,
          93
        ],
        [
          465,
          97
        ],
        [
          443,
          93
        ],
        [
          443,
          93
        ],
        [
          420,
          77
        ],
        [
          409,
          60
        ],
        [
          420,
          34
        ],
        [
          425,
          28
        ],
        [
          443,
          19
        ],
        [
          465,
          9
        ],
        [
          484,
          28
        ],
        [
          488,
          36
        ],
        [
          495,
          60
        ]
      ]
    },
    {
      "elevation": 350,
      "elevation_bbox_pixels": [
        331.3638493271451,
        352.86990801056027,
        30.29825771261949,
        18.49611380794795
      ],
      "contour_line_pixels": []
    },
    {
      "elevation": 325,
      "elevation_bbox_pixels": [
        226.81664992955265,
        448.5575379357548,
        54.80217763143153,
        28.797542365106608
      ],
      "contour_line_pixels": [
        [
          512,
          483
        ],
        [
          511,
          484
        ],
        [
          488,
          485
        ],
        [
          465,
          488
        ],
        [
          443,
          497
        ],
        [
          420,
          500
        ],
        [
          398,
          500
        ],
        [
          375,
          501
        ],
        [
          352,
          499
        ],
        [
          330,
          489
        ],
        [
          307,
          482
        ],
        [
          307,
          482
        ],
        [
          284,
          476
        ],
        [
          262,
          468
        ],
        [
          239,
          455
        ],
        [
          229,
          450
        ],
        [
          216,
          434
        ],
        [
          205,
          417
        ],
        [
          194,
          392
        ],
        [
          192,
          385
        ],
        [
          194,
          369
        ],
        [
          198,
          353
        ],
        [
          216,
          335
        ],
        [
          239,
          323
        ],
        [
          245,
          320
        ],
        [
          262,
          313
        ],
        [
          284,
          311
        ],
        [
          307,
          309
        ],
        [
          330,
          309
        ],
        [
          352,
          309
        ],
        [
          375,
          310
        ],
        [
          398,
          310
        ],
        [
          420,
          312
        ],
        [
          443,
          312
        ],
        [
          465,
          314
        ],
        [
          481,
          320
        ],
        [
          488,
          322
        ],
        [
          511,
          323
        ],
        [
          512,
          323
        ]
      ]
    },
    {
      "elevation": 275,
      "elevation_bbox_pixels": [
        203.421028628013,
        219.90370037543158,
        38.38361880113575,
        21.595166297693936
      ],
      "contour_line_pixels": []
    },
    {
      "elevation": 300,
      "elevation_bbox_pixels": [
        317.64471558943353,
        243.10309878164668,
        28.056305055232542,
        17.78704874616588
      ],
      "contour_line_pixels": []
    },
    {
      "elevation": 250,
      "elevation_bbox_pixels": [
        80.66164320513334,
        395.8161860018638,
        48.83662651168726,
        28.102938314220864
      ],
      "contour_line_pixels": [
        [
          136,
          512
        ],
        [
          126,
          501
        ],
        [
          103,
          494
        ],
        [
          92,
          482
        ],
        [
          81,
          470
        ],
        [
          58,
          453
        ],
        [
          55,
          450
        ],
        [
          35,
          428
        ],
        [
          28,
          417
        ],
        [
          13,
          392
        ],
        [
          8,
          385
        ],
        [
          0,
          374
        ]
      ]
    },
    {
      "elevation": 225,
      "elevation_bbox_pixels": [
        84.12020099948913,
        477.6901720158411,
        54.81905836367406,
        28.561633903229705
      ],
      "contour_line_pixels": [
        [
          0,
          456
        ],
        [
          13,
          474
        ],
        [
          18,
          482
        ],
        [
          35,
          493
        ],
        [
          58,
          508
        ],
        [
          63,
          512
        ]
      ]
    }
  ]
}