{
  "image": {
    "path": "N63E016_0568.png",
    "size": {
      "height": 512,
      "width": 512
    }
  },
  "labels": [
    {
      "elevation": 250,
      "elevation_bbox_pixels": [
        317.57449770755574,
        -4.903176788070482,
        25.922554673124637,
        14.617789867925012
      ],
      "contour_line_pixels": [
        [
          512,
          4
        ],
        [
          500,
          0
        ]
      ]
    },
    {
      "elevation": 275,
      "elevation_bbox_pixels": [
        284.0409543696719,
        14.81767030947708,
        54.348278310909336,
        32.353461922093175
      ],
      "contour_line_pixels": [
        [
          512,
          60
        ],
        [
          478,
          52
        ],
        [
          389,
          0
        ]
      ]
    },
    {
      "elevation": 300,
      "elevation_bbox_pixels": [
        269.73602727071886,
        103.19319071638654,
        55.06793420403187,
        30.119487048699057
      ],
      "contour_line_pixels": [
        [
          217,
          0
        ],
        [
          320,
          67
        ],
        [
          351,
          83
        ],
        [
          478,
          186
        ],
        [
          479,
          186
        ],
        [
          512,
          203
        ]
      ]
    }
  ]
}