{
  "image": {
    "path": "N63E016_0621.png",
    "size": {
      "height": 512,
      "width": 512
    }
  },
  "labels": [
    {
      "elevation": 400,
      "elevation_bbox_pixels": [
        237.972559549542,
        329.1039904370702,
        38.20940428753593,
        18.4463931478964
      ],
      "contour_line_pixels": [
        [
          395,
          512
        ],
        [
          394,
          511
        ],
        [
          375,
          491
        ],
        [
          375,
          491
        ],
        [
          355,
          465
        ],
        [
          346,
          460
        ],
        [
          336,
          430
        ],
        [
          336,
          430
        ],
        [
          316,
          399
        ],
        [
          297,
          399
        ],
        [
          296,
          399
        ],
        [
          277,
          391
        ],
        [
          258,
          373
        ],
        [
          251,
          368
        ],
        [
          258,
          338
        ],
        [
          258,
          338
        ],
        [
          277,
          336
        ],
        [
          297,
          330
        ],
        [
          316,
          322
        ],
        [
          336,
          313
        ],
        [
          342,
          307
        ],
        [
          355,
          305
        ],
        [
          375,
          305
        ],
        [
          394,
          305
        ],
        [
          414,
          306
        ],
        [
          417,
          307
        ],
        [
          433,
          332
        ],
        [
          436,
          338
        ],
        [
          433,
          368
        ],
        [
          433,
          369
        ],
        [
          414,
          399
        ],
        [
          433,
          429
        ],
        [
          453,
          429
        ],
        [
          472,
          429
        ],
        [
          473,
          430
        ],
        [
          492,
          460
        ],
        [
          511,
          460
        ],
        [
          512,
          460
        ],
        [
          512,
          461
        ]
      ]
    },
    {
      "elevation": 375,
      "elevation_bbox_pixels": [
        245.9011820278777,
        282.9061400742993,
        29.970240103440545,
        16.20206462093148
      ],
      "contour_line_pixels": [
        [
          289,
          512
        ],
        [
          277,
          497
        ],
        [
          274,
          491
        ],
        [
          269,
          460
        ],
        [
          258,
          442
        ],
        [
          250,
          430
        ],
        [
          238,
          423
        ],
        [
          219,
          410
        ],
        [
          199,
          399
        ],
        [
          199,
          399
        ],
        [
          180,
          372
        ],
        [
          178,
          368
        ],
        [
          175,
          338
        ],
        [
          180,
          317
        ],
        [
          186,
          307
        ],
        [
          199,
          302
        ],
        [
          219,
          297
        ],
        [
          238,
          297
        ],
        [
          258,
          294
        ],
        [
          277,
          282
        ],
        [
          287,
          276
        ],
        [
          297,
          273
        ],
        [
          316,
          273
        ],
        [
          336,
          273
        ],
        [
          355,
          275
        ],
        [
          375,
          276
        ],
        [
          375,
          276
        ],
        [
          394,
          278
        ],
        [
          414,
          279
        ],
        [
          433,
          286
        ],
        [
          453,
          296
        ],
        [
          472,
          306
        ],
        [
          475,
          307
        ],
        [
          492,
          321
        ],
        [
          511,
          331
        ],
        [
          512,
          332
        ]
      ]
    },
    {
      "elevation": 350,
      "elevation_bbox_pixels": [
        318.4409622164711,
        225.13686396268662,
        29.30430338950123,
        18.203453566068788
      ],
      "contour_line_pixels": [
        [
          202,
          512
        ],
        [
          199,
          491
        ],
        [
          199,
          491
        ],
        [
          184,
          460
        ],
        [
          180,
          456
        ],
        [
          160,
          436
        ],
        [
          155,
          430
        ],
        [
          141,
          410
        ],
        [
          131,
          399
        ],
        [
          121,
          376
        ],
        [
          119,
          368
        ],
        [
          102,
          351
        ],
        [
          85,
          338
        ],
        [
          82,
          334
        ],
        [
          63,
          310
        ],
        [
          59,
          307
        ],
        [
          63,
          297
        ],
        [
          67,
          276
        ],
        [
          82,
          262
        ],
        [
          102,
          254
        ],
        [
          121,
          248
        ],
        [
          140,
          246
        ],
        [
          141,
          245
        ],
        [
          160,
          240
        ],
        [
          180,
          237
        ],
        [
          199,
          226
        ],
        [
          219,
          219
        ],
        [
          238,
          215
        ],
        [
          238,
          215
        ],
        [
          239,
          215
        ],
        [
          258,
          218
        ],
        [
          277,
          220
        ],
        [
          297,
          227
        ],
        [
          316,
          228
        ],
        [
          336,
          230
        ],
        [
          355,
          233
        ],
        [
          375,
          235
        ],
        [
          394,
          237
        ],
        [
          414,
          242
        ],
        [
          422,
          246
        ],
        [
          433,
          251
        ],
        [
          453,
          261
        ],
        [
          472,
          272
        ],
        [
          480,
          276
        ],
        [
          492,
          280
        ],
        [
          511,
          285
        ],
        [
          512,
          285
        ]
      ]
    },
    {
      "elevation": 325,
      "elevation_bbox_pixels": [
        62.987658001628304,
        254.96486122792095,
        41.32397581991913,
        20.153023727657825
      ],
      "contour_line_pixels": []
    },
    {
      "elevation": 300,
      "elevation_bbox_pixels": [
        173.84572077475673,
        78.47126002348665,
        61.58651039207916,
        37.50685617291026
      ],
      "contour_line_pixels": []
    },
    {
      "elevation": 275,
      "elevation_bbox_pixels": [
        260.26894590558965,
        1.2746393333431456,
        31.6347314843905,
        19.523819835435575
      ],
      "contour_line_pixels": []
    }
  ]
}