{
  "image": {
    "path": "N63E016_1338.png",
    "size": {
      "height": 512,
      "width": 512
    }
  },
  "labels": [
    {
      "elevation": 300,
      "elevation_bbox_pixels": [
        275.6236366036804,
        99.28160597550328,
        59.56442278197699,
        33.94473378679493
      ],
      "contour_line_pixels": [
        [
          512,
          137
        ],
        [
          499,
          137
        ],
        [
          498,
          136
        ],
        [
          416,
          111
        ],
        [
          361,
          85
        ],
        [
          333,
          67
        ],
        [
          278,
          33
        ],
        [
          250,
          16
        ],
        [
          225,
          0
        ]
      ]
    },
    {
      "elevation": 275,
      "elevation_bbox_pixels": [
        277.7522931469039,
        189.88222497777696,
        34.66626784207426,
        21.27719851151744
      ],
      "contour_line_pixels": [
        [
          512,
          486
        ],
        [
          499,
          479
        ],
        [
          430,
          447
        ],
        [
          440,
          395
        ],
        [
          462,
          344
        ],
        [
          466,
          292
        ],
        [
          474,
          240
        ],
        [
          416,
          207
        ],
        [
          361,
          188
        ],
        [
          333,
          183
        ],
        [
          250,
          171
        ],
        [
          167,
          152
        ],
        [
          126,
          136
        ],
        [
          98,
          85
        ],
        [
          84,
          80
        ],
        [
          1,
          37
        ],
        [
          0,
          37
        ]
      ]
    },
    {
      "elevation": 250,
      "elevation_bbox_pixels": [
        216.46109670726827,
        277.04060954963495,
        53.50707598309475,
        24.85803959724143
      ],
      "contour_line_pixels": [
        [
          371,
          512
        ],
        [
          333,
          508
        ],
        [
          288,
          499
        ],
        [
          250,
          482
        ],
        [
          191,
          447
        ],
        [
          167,
          410
        ],
        [
          149,
          395
        ],
        [
          142,
          344
        ],
        [
          167,
          326
        ],
        [
          212,
          292
        ],
        [
          167,
          247
        ],
        [
          155,
          240
        ],
        [
          84,
          223
        ],
        [
          1,
          215
        ],
        [
          0,
          215
        ]
      ]
    },
    {
      "elevation": 225,
      "elevation_bbox_pixels": [
        190.76244641047248,
        462.1346333222563,
        57.971143005447516,
        35.868262764977885
      ],
      "contour_line_pixels": [
        [
          192,
          512
        ],
        [
          167,
          504
        ],
        [
          157,
          499
        ],
        [
          84,
          456
        ],
        [
          59,
          447
        ],
        [
          1,
          417
        ],
        [
          0,
          416
        ]
      ]
    }
  ]
}