{
  "image": {
    "path": "N63E016_1092.png",
    "size": {
      "height": 512,
      "width": 512
    }
  },
  "labels": [
    {
      "elevation": 400,
      "elevation_bbox_pixels": [
        255.25219807393904,
        -12.623411607964954,
        53.60952021068317,
        32.93769877876912
      ],
      "contour_line_pixels": [
        [
          414,
          17
        ],
        [
          414,
          17
        ],
        [
          441,
          6
        ],
        [
          442,
          6
        ],
        [
          441,
          6
        ],
        [
          414,
          3
        ],
        [
          387,
          4
        ],
        [
          359,
          6
        ],
        [
          359,
          6
        ],
        [
          332,
          11
        ],
        [
          304,
          17
        ],
        [
          304,
          17
        ],
        [
          304,
          17
        ],
        [
          332,
          20
        ],
        [
          359,
          19
        ],
        [
          387,
          17
        ],
        [
          414,
          17
        ]
      ]
    },
    {
      "elevation": 400,
      "elevation_bbox_pixels": [
        200.70489089269367,
        90.2830524157485,
        32.242655933110484,
        15.253663246895371
      ],
      "contour_line_pixels": [
        [
          414,
          133
        ],
        [
          387,
          132
        ],
        [
          386,
          132
        ],
        [
          359,
          128
        ],
        [
          332,
          124
        ],
        [
          304,
          122
        ],
        [
          291,
          121
        ],
        [
          277,
          117
        ],
        [
          249,
          115
        ],
        [
          222,
          113
        ],
        [
          195,
          111
        ],
        [
          167,
          110
        ],
        [
          140,
          110
        ],
        [
          112,
          109
        ],
        [
          112,
          109
        ],
        [
          85,
          104
        ],
        [
          58,
          99
        ],
        [
          44,
          98
        ],
        [
          30,
          87
        ],
        [
          30,
          86
        ],
        [
          30,
          86
        ],
        [
          58,
          85
        ],
        [
          85,
          85
        ],
        [
          112,
          85
        ],
        [
          140,
          85
        ],
        [
          167,
          85
        ],
        [
          195,
          86
        ],
        [
          195,
          86
        ],
        [
          222,
          93
        ],
        [
          249,
          96
        ],
        [
          277,
          97
        ],
        [
          304,
          98
        ],
        [
          305,
          98
        ],
        [
          332,
          104
        ],
        [
          359,
          107
        ],
        [
          377,
          109
        ],
        [
          387,
          112
        ],
        [
          414,
          118
        ],
        [
          428,
          121
        ],
        [
          428,
          132
        ],
        [
          414,
          133
        ]
      ]
    },
    {
      "elevation": 375,
      "elevation_bbox_pixels": [
        195.46501115697586,
        112.76377269204119,
        34.169915514975344,
        23.248453587575455
      ],
      "contour_line_pixels": []
    },
    {
      "elevation": 350,
      "elevation_bbox_pixels": [
        234.67584637297125,
        143.70708944042184,
        42.91348259309575,
        22.019586161263874
      ],
      "contour_line_pixels": [
        [
          512,
          174
        ],
        [
          496,
          173
        ],
        [
          469,
          170
        ],
        [
          441,
          168
        ],
        [
          436,
          167
        ],
        [
          414,
          165
        ],
        [
          387,
          163
        ],
        [
          359,
          161
        ],
        [
          332,
          159
        ],
        [
          304,
          157
        ],
        [
          277,
          156
        ],
        [
          268,
          155
        ],
        [
          249,
          154
        ],
        [
          222,
          154
        ],
        [
          195,
          153
        ],
        [
          167,
          152
        ],
        [
          140,
          152
        ],
        [
          112,
          152
        ],
        [
          85,
          153
        ],
        [
          58,
          154
        ],
        [
          30,
          154
        ],
        [
          3,
          155
        ],
        [
          3,
          155
        ],
        [
          2,
          155
        ],
        [
          0,
          155
        ]
      ]
    },
    {
      "elevation": 300,
      "elevation_bbox_pixels": [
        227.49464800952597,
        252.28698290065284,
        44.75664028827657,
        23.817160278411933
      ],
      "contour_line_pixels": [
        [
          512,
          280
        ],
        [
          496,
          280
        ],
        [
          469,
          280
        ],
        [
          441,
          279
        ],
        [
          414,
          277
        ],
        [
          387,
          274
        ],
        [
          359,
          273
        ],
        [
          332,
          273
        ],
        [
          304,
          271
        ],
        [
          304,
          270
        ],
        [
          277,
          269
        ],
        [
          249,
          268
        ],
        [
          222,
          264
        ],
        [
          195,
          261
        ],
        [
          167,
          259
        ],
        [
          167,
          259
        ],
        [
          140,
          258
        ],
        [
          112,
          257
        ],
        [
          85,
          257
        ],
        [
          58,
          257
        ],
        [
          30,
          257
        ],
        [
          3,
          257
        ],
        [
          0,
          257
        ]
      ]
    },
    {
      "elevation": 275,
      "elevation_bbox_pixels": [
        242.05674318627035,
        285.05499280940126,
        37.81711793100601,
        23.526605824523756
      ],
      "contour_line_pixels": [
        [
          512,
          307
        ],
        [
          496,
          307
        ],
        [
          469,
          306
        ],
        [
          441,
          306
        ],
        [
          414,
          306
        ],
        [
          387,
          306
        ],
        [
          377,
          305
        ],
        [
          359,
          303
        ],
        [
          332,
          301
        ],
        [
          304,
          299
        ],
        [
          277,
          296
        ],
        [
          256,
          293
        ],
        [
          249,
          292
        ],
        [
          222,
          289
        ],
        [
          195,
          286
        ],
        [
          167,
          284
        ],
        [
          140,
          282
        ],
        [
          140,
          282
        ],
        [
          112,
          279
        ],
        [
          85,
          277
        ],
        [
          58,
          276
        ],
        [
          30,
          276
        ],
        [
          3,
          276
        ],
        [
          0,
          276
        ]
      ]
    },
    {
      "elevation": 250,