{
  "image": {
    "path": "N63E016_0681.png",
    "size": {
      "height": 512,
      "width": 512
    }
  },
  "labels": [
    {
      "elevation": 125,
      "elevation_bbox_pixels": [
        140.06405126953243,
        253.89176222162297,
        57.86139599296308,
        30.905981140360723
      ],
      "contour_line_pixels": []
    },
    {
      "elevation": 150,
      "elevation_bbox_pixels": [
        150.84274503849852,
        199.46921550886117,
        60.517012278448135,
        29.95347290144548
      ],
      "contour_line_pixels": [
        [
          0,
          20
        ],
        [
          3,
          28
        ],
        [
          19,
          40
        ],
        [
          41,
          53
        ],
        [
          46,
          59
        ],
        [
          63,
          72
        ],
        [
          80,
          91
        ],
        [
          84,
          103
        ],
        [
          92,
          122
        ],
        [
          106,
          132
        ],
        [
          128,
          146
        ],
        [
          136,
          153
        ],
        [
          140,
          184
        ],
        [
          140,
          215
        ],
        [
          149,
          228
        ],
        [
          164,
          246
        ],
        [
          171,
          258
        ],
        [
          185,
          278
        ],
        [
          193,
          293
        ],
        [
          206,
          309
        ],
        [
          214,
          319
        ],
        [
          232,
          340
        ],
        [
          236,
          346
        ],
        [
          253,
          371
        ],
        [
          258,
          381
        ],
        [
          269,
          402
        ],
        [
          274,
          433
        ],
        [
          279,
          444
        ],
        [
          290,
          465
        ],
        [
          297,
          496
        ],
        [
          301,
          500
        ],
        [
          313,
          512
        ]
      ]
    },
    {
      "elevation": 175,
      "elevation_bbox_pixels": [
        180.07847859962556,
        108.6151307156328,
        48.403087279490364,
        27.30047147608923
      ],
      "contour_line_pixels": [
        [
          91,
          0
        ],
        [
          104,
          28
        ],
        [
          106,
          33
        ],
        [
          124,
          59
        ],
        [
          128,
          65
        ],
        [
          143,
          91
        ],
        [
          149,
          96
        ],
        [
          171,
          118
        ],
        [
          175,
          122
        ],
        [
          193,
          131
        ],
        [
          214,
          144
        ],
        [
          227,
          153
        ],
        [
          236,
          163
        ],
        [
          258,
          184
        ],
        [
          258,
          215
        ],
        [
          258,
          216
        ],
        [
          261,
          246
        ],
        [
          279,
          272
        ],
        [
          284,
          278
        ],
        [
          301,
          288
        ],
        [
          323,
          297
        ],
        [
          344,
          309
        ],
        [
          345,
          309
        ],
        [
          366,
          321
        ],
        [
          383,
          340
        ],
        [
          388,
          346
        ],
        [
          410,
          365
        ],
        [
          417,
          371
        ],
        [
          417,
          402
        ],
        [
          410,
          433
        ],
        [
          410,
          433
        ],
        [
          410,
          434
        ],
        [
          413,
          465
        ],
        [
          431,
          496
        ],
        [
          431,
          496
        ],
        [
          453,
          511
        ],
        [
          454,
          512
        ]
      ]
    },
    {
      "elevation": 200,
      "elevation_bbox_pixels": [
        293.79077630949126,
        160.75318017565564,
        29.15277987638649,
        16.28080139009444
      ],
      "contour_line_pixels": [
        [
          512,
          327
        ],
        [
          504,
          309
        ],
        [
          496,
          298
        ],
        [
          475,
          281
        ],
        [
          469,
          278
        ],
        [
          453,
          271
        ],
        [
          431,
          253
        ],
        [
          421,
          246
        ],
        [
          410,
          231
        ],
        [
          399,
          215
        ],
        [
          388,
          212
        ],
        [
          366,
          194
        ],
        [
          353,
          184
        ],
        [
          345,
          178
        ],
        [
          325,
          153
        ],
        [
          323,
          150
        ],
        [
          301,
          127
        ],
        [
          287,
          122
        ],
        [
          279,
          119
        ],
        [
          258,
          100
        ],
        [
          236,
          91
        ],
        [
          236,
          91
        ],
        [
          214,
          65
        ],
        [
          210,
          59
        ],
        [
          193,
          34
        ],
        [
          189,
          28
        ],
        [
          171,
          16
        ],
        [
          151,
          0
        ]
      ]
    },
    {
      "elevation": 225,
      "elevation_bbox_pixels": [
        336.24882562090727,
        180.80295494407068,
        50.28604818917643,
        32.60309447024713
      ],
      "contour_line_pixels": [
        [
          512,
          243
        ],
        [
          496,
          242
        ],
        [
          475,
          237
        ],
        [
          453,
          219
        ],
        [
          450,
          215
        ],
        [
          431,
          203
        ],
        [
          410,
          192
        ],
        [
          399,
          184
        ],
        [
          388,
          169
        ],
        [
          376,
          153
        ],
        [
          366,
          122
        ],
        [
          366,
          122
        ],
        [
          345,
          105
        ],
        [
          323,
          91
        ],
        [
          323,
          91
        ],
        [
          301,
          78
        ],
        [
          281,
          59
        ],
        [
          279,
          57
        ],
        [
          261,
          28
        ],
        [
          258,
          25
        ],
        [
          236,
          18
        ],
        [
          214,
          2
        ],
        [
          212,
          0
        ]
      ]
    },
    {
      "elevation": 250,
      "elevation_bbox_pixels": [
        342.13136844698295,
        154.02707077201245,
        42.526596629983715,
        21.65927532293324
      ],