{
  "image": {
    "path": "N63E016_1656.png",
    "size": {
      "height": 512,
      "width": 512
    }
  },
  "labels": [
    {
      "elevation": 250,
      "elevation_bbox_pixels": [
        337.506587652932,
        396.9065258323966,
        59.09787813462299,
        31.95281059661764
      ],
      "contour_line_pixels": [
        [
          512,
          434
        ],
        [
          509,
          432
        ],
        [
          500,
          421
        ],
        [
          491,
          398
        ],
        [
          491,
          398
        ],
        [
          473,
          387
        ],
        [
          455,
          376
        ],
        [
          437,
          398
        ],
        [
          455,
          409
        ],
        [
          464,
          421
        ],
        [
          464,
          443
        ],
        [
          455,
          466
        ],
        [
          455,
          466
        ],
        [
          437,
          489
        ],
        [
          437,
          511
        ],
        [
          437,
          512
        ]
      ]
    },
    {
      "elevation": 325,
      "elevation_bbox_pixels": [
        108.89692623670462,
        486.5443234001022,
        37.65039685877474,
        22.81479696143122
      ],
      "contour_line_pixels": [
        [
          0,
          493
        ],
        [
          2,
          493
        ],
        [
          20,
          497
        ],
        [
          38,
          504
        ],
        [
          49,
          511
        ],
        [
          50,
          512
        ]
      ]
    },
    {
      "elevation": 275,
      "elevation_bbox_pixels": [
        117.0651646905457,
        35.458806921175665,
        29.629697473429744,
        16.47332249692272
      ],
      "contour_line_pixels": []
    }
  ]
}