{
  "image": {
    "path": "N63E016_1122.png",
    "size": {
      "height": 512,
      "width": 512
    }
  },
  "labels": [
    {
      "elevation": 400,
      "elevation_bbox_pixels": [
        163.785845005704,
        51.42746621141657,
        46.677770868596326,
        21.917203928260506
      ],
      "contour_line_pixels": [
        [
          0,
          54
        ],
        [
          15,
          63
        ],
        [
          30,
          71
        ],
        [
          15,
          74
        ],
        [
          0,
          76
        ]
      ]
    },
    {
      "elevation": 375,
      "elevation_bbox_pixels": [
        191.68073740606286,
        116.54726159434841,
        49.44858927863936,
        26.616697584240114
      ],
      "contour_line_pixels": [
        [
          0,
          0
        ],
        [
          15,
          4
        ],
        [
          61,
          8
        ],
        [
          80,
          12
        ],
        [
          106,
          23
        ],
        [
          152,
          34
        ],
        [
          162,
          41
        ],
        [
          164,
          71
        ],
        [
          197,
          94
        ],
        [
          207,
          100
        ],
        [
          197,
          111
        ],
        [
          152,
          122
        ],
        [
          121,
          129
        ],
        [
          106,
          131
        ],
        [
          61,
          132
        ],
        [
          15,
          133
        ],
        [
          0,
          133
        ]
      ]
    },
    {
      "elevation": 350,
      "elevation_bbox_pixels": [
        236.46753213110472,
        151.08063761456748,
        34.16991551497537,
        23.248453587575455
      ],
      "contour_line_pixels": [
        [
          198,
          0
        ],
        [
          224,
          12
        ],
        [
          227,
          41
        ],
        [
          242,
          53
        ],
        [
          276,
          71
        ],
        [
          288,
          78
        ],
        [
          333,
          95
        ],
        [
          344,
          100
        ],
        [
          348,
          129
        ],
        [
          333,
          137
        ],
        [
          288,
          154
        ],
        [
          270,
          159
        ],
        [
          242,
          164
        ],
        [
          197,
          166
        ],
        [
          152,
          167
        ],
        [
          106,
          167
        ],
        [
          61,
          169
        ],
        [
          15,
          172
        ],
        [
          0,
          173
        ]
      ]
    },
    {
      "elevation": 300,
      "elevation_bbox_pixels": [
        230.87123939298564,
        442.68853263108724,
        58.810088776640924,
        35.9354273505748
      ],
      "contour_line_pixels": []
    },
    {
      "elevation": 275,
      "elevation_bbox_pixels": [
        198.5287018460198,
        492.74257060150586,
        44.63215224701452,
        23.805858615581542
      ],
      "contour_line_pixels": [
        [
          200,
          512
        ],
        [
          197,
          511
        ],
        [
          196,
          511
        ],
        [
          152,
          505
        ],
        [
          106,
          505
        ],
        [
          83,
          511
        ],
        [
          83,
          512
        ]
      ]
    }
  ]
}