{
  "image": {
    "path": "N63E016_0054.png",
    "size": {
      "height": 512,
      "width": 512
    }
  },
  "labels": [
    {
      "elevation": 400,
      "elevation_bbox_pixels": [
        230.71478054995742,
        141.69081160912776,
        25.916612496478933,
        17.029160708235167
      ],
      "contour_line_pixels": [
        [
          512,
          271
        ],
        [
          481,
          268
        ],
        [
          404,
          263
        ],
        [
          385,
          261
        ],
        [
          327,
          247
        ],
        [
          312,
          240
        ],
        [
          250,
          221
        ],
        [
          240,
          218
        ],
        [
          204,
          196
        ],
        [
          173,
          190
        ],
        [
          96,
          177
        ],
        [
          85,
          174
        ],
        [
          96,
          153
        ],
        [
          96,
          153
        ],
        [
          173,
          150
        ],
        [
          250,
          150
        ],
        [
          327,
          147
        ],
        [
          404,
          149
        ],
        [
          481,
          144
        ],
        [
          512,
          141
        ]
      ]
    },
    {
      "elevation": 375,
      "elevation_bbox_pixels": [
        251.27494095770095,
        2.5259974638616427,
        27.062338372386762,
        14.730267601057562
      ],
      "contour_line_pixels": []
    },
    {
      "elevation": 350,
      "elevation_bbox_pixels": [
        238.2183330171285,
        296.1484693150114,
        59.65153728165717,
        33.854341942615065
      ],
      "contour_line_pixels": [
        [
          512,
          334
        ],
        [
          481,
          330
        ],
        [
          455,
          326
        ],
        [
          404,
          321
        ],
        [
          327,
          310
        ],
        [
          265,
          305
        ],
        [
          250,
          303
        ],
        [
          173,
          289
        ],
        [
          134,
          283
        ],
        [
          96,
          275
        ],
        [
          44,
          261
        ],
        [
          19,
          256
        ],
        [
          0,
          252
        ]
      ]
    },
    {
      "elevation": 325,
      "elevation_bbox_pixels": [
        250.04993334626718,
        344.07372492979766,
        32.71868245026681,
        17.76548973779154
      ],
      "contour_line_pixels": [
        [
          512,
          384
        ],
        [
          481,
          381
        ],
        [
          426,
          370
        ],
        [
          404,
          366
        ],
        [
          327,
          351
        ],
        [
          316,
          348
        ],
        [
          250,
          329
        ],
        [
          239,
          326
        ],
        [
          173,
          320
        ],
        [
          101,
          305
        ],
        [
          96,
          304
        ],
        [
          19,
          292
        ],
        [
          0,
          288
        ]
      ]
    },
    {
      "elevation": 300,
      "elevation_bbox_pixels": [
        217.0309647593996,
        429.061753512431,
        45.80703095884533,
        23.419041780147666
      ],
      "contour_line_pixels": [
        [
          0,
          456
        ],
        [
          19,
          456
        ],
        [
          96,
          446
        ],
        [
          171,
          435
        ],
        [
          171,
          413
        ],
        [
          96,
          392
        ],
        [
          94,
          391
        ],
        [
          19,
          381
        ],
        [
          0,
          375
        ]
      ]
    }
  ]
}