{
  "image": {
    "path": "N63E016_0785.png",
    "size": {
      "height": 512,
      "width": 512
    }
  },
  "labels": [
    {
      "elevation": 275,
      "elevation_bbox_pixels": [
        250.5383522929255,
        -5.576557373337096,
        27.508831127562217,
        15.259043005178967
      ],
      "contour_line_pixels": []
    },
    {
      "elevation": 250,
      "elevation_bbox_pixels": [
        196.85533651947452,
        156.54882525778356,
        26.804686588657773,
        15.803813018184542
      ],
      "contour_line_pixels": [
        [
          512,
          269
        ],
        [
          500,
          268
        ],
        [
          486,
          266
        ],
        [
          486,
          266
        ],
        [
          472,
          264
        ],
        [
          458,
          263
        ],
        [
          444,
          259
        ],
        [
          430,
          255
        ],
        [
          416,
          251
        ],
        [
          403,
          249
        ],
        [
          402,
          249
        ],
        [
          389,
          245
        ],
        [
          375,
          241
        ],
        [
          361,
          236
        ],
        [
          351,
          232
        ],
        [
          347,
          230
        ],
        [
          333,
          224
        ],
        [
          319,
          220
        ],
        [
          305,
          216
        ],
        [
          298,
          215
        ],
        [
          291,
          213
        ],
        [
          277,
          210
        ],
        [
          263,
          205
        ],
        [
          249,
          201
        ],
        [
          235,
          197
        ],
        [
          235,
          197
        ],
        [
          221,
          191
        ],
        [
          207,
          184
        ],
        [
          200,
          180
        ],
        [
          193,
          175
        ],
        [
          180,
          168
        ],
        [
          170,
          163
        ],
        [
          166,
          160
        ],
        [
          152,
          151
        ],
        [
          145,
          145
        ],
        [
          138,
          128
        ],
        [
          138,
          128
        ],
        [
          131,
          111
        ],
        [
          124,
          94
        ],
        [
          124,
          93
        ],
        [
          117,
          76
        ],
        [
          110,
          65
        ],
        [
          106,
          59
        ],
        [
          96,
          42
        ],
        [
          96,
          42
        ],
        [
          82,
          27
        ],
        [
          80,
          24
        ],
        [
          72,
          7
        ],
        [
          77,
          0
        ]
      ]
    },
    {
      "elevation": 200,
      "elevation_bbox_pixels": [
        306.78474492031233,
        452.65667394746674,
        56.26315723891901,
        30.363871033068335
      ],
      "contour_line_pixels": [
        [
          512,
          387
        ],
        [
          500,
          388
        ],
        [
          486,
          388
        ],
        [
          472,
          388
        ],
        [
          458,
          388
        ],
        [
          444,
          393
        ],
        [
          430,
          396
        ],
        [
          416,
          388
        ],
        [
          403,
          405
        ],
        [
          403,
          422
        ],
        [
          403,
          439
        ],
        [
          403,
          440
        ],
        [
          389,
          457
        ],
        [
          403,
          473
        ],
        [
          416,
          473
        ],
        [
          417,
          474
        ],
        [
          430,
          491
        ],
        [
          431,
          491
        ],
        [
          444,
          508
        ],
        [
          445,
          508
        ],
        [
          450,
          512
        ]
      ]
    },
    {
      "elevation": 225,
      "elevation_bbox_pixels": [
        304.0123955516549,
        282.2747214580454,
        38.869275676564484,
        21.95371715639982
      ],
      "contour_line_pixels": [
        [
          512,
          318
        ],
        [
          500,
          316
        ],
        [
          486,
          316
        ],
        [
          472,
          314
        ],
        [
          458,
          312
        ],
        [
          444,
          309
        ],
        [
          430,
          306
        ],
        [
          416,
          303
        ],
        [
          410,
          301
        ],
        [
          403,
          299
        ],
        [
          389,
          297
        ],
        [
          375,
          292
        ],
        [
          361,
          291
        ],
        [
          347,
          289
        ],
        [
          333,
          288
        ],
        [
          319,
          286
        ],
        [
          305,
          284
        ],
        [
          291,
          284
        ],
        [
          291,
          284
        ],
        [
          277,
          281
        ],
        [
          263,
          278
        ],
        [
          249,
          277
        ],
        [
          235,
          273
        ],
        [
          221,
          272
        ],
        [
          207,
          270
        ],
        [
          193,
          272
        ],
        [
          180,
          275
        ],
        [
          166,
          284
        ],
        [
          166,
          301
        ],
        [
          166,
          318
        ],
        [
          180,
          335
        ],
        [
          180,
          336
        ],
        [
          180,
          353
        ],
        [
          180,
          353
        ],
        [
          175,
          370
        ],
        [
          173,
          387
        ],
        [
          166,
          405
        ],
        [
          166,
          422
        ],
        [
          166,
          439
        ],
        [
          166,
          457
        ],
        [
          166,
          474
        ],
        [
          180,
          491
        ],
        [
          180,
          491
        ],
        [
          193,
          503
        ],
        [
          200,
          508
        ],
        [
          206,
          512
        ]
      ]
    },
    {
      "elevation": 250,
      "elevation_bbox_pixels": [
        111.52161546945592,
        291.64515509436444,
        39.69196790816454,
        21.01222096004375
      ],
      "contour_line_pixels": [
        [
          0,
          265
        ],
        [
          1,
          266
        ],
        [
          12,
          281
        ],
        [
          14,
          284
        ],
        [
          26,
          297
        ],
        [
          31,
          301
        ],
        [
          40,
          315
        ],
        [
          42,
          318
        ],
        [
          49,
          336
        ],
        [
          54,
          353
        ],
        [
          54,
          353
        ],
        [
          54,
          370
        ],
        [
          54,
          370
        ],
        [
          40,
          373
        ],
        [
          26,
          373
        ],
        [
          12,
          372
        ],
        [
          0,
          370
        ]
      ]
    }
  ]
}