{
  "image": {
    "path": "N63E016_0707.png",
    "size": {
      "height": 512,
      "width": 512
    }
  },
  "labels": [
    {
      "elevation": 400,
      "elevation_bbox_pixels": [
        177.69641288498548,
        251.28653261080444,
        55.62649646970647,
        30.905238564758292
      ],
      "contour_line_pixels": [
        [
          124,
          265
        ],
        [
          124,
          265
        ],
        [
          124,
          265
        ],
        [
          142,
          263
        ],
        [
          151,
          265
        ],
        [
          142,
          268
        ],
        [
          124,
          265
        ]
      ]
    },
    {
      "elevation": 375,
      "elevation_bbox_pixels": [
        148.76105790907224,
        132.25702060684557,
        47.09430651822947,
        27.137872710917236
      ],
      "contour_line_pixels": []
    },
    {
      "elevation": 350,
      "elevation_bbox_pixels": [
        210.16190700985464,
        326.938983266876,
        37.944796142834775,
        21.432304738218193
      ],
      "contour_line_pixels": [
        [
          82,
          0
        ],
        [
          82,
          1
        ],
        [
          87,
          10
        ],
        [
          93,
          20
        ],
        [
          105,
          32
        ],
        [
          111,
          39
        ],
        [
          124,
          54
        ],
        [
          127,
          58
        ],
        [
          139,
          76
        ],
        [
          142,
          81
        ],
        [
          150,
          95
        ],
        [
          157,
          114
        ],
        [
          160,
          132
        ],
        [
          160,
          133
        ],
        [
          179,
          149
        ],
        [
          182,
          152
        ],
        [
          197,
          159
        ],
        [
          215,
          168
        ],
        [
          219,
          171
        ],
        [
          234,
          181
        ],
        [
          243,
          189
        ],
        [
          252,
          199
        ],
        [
          263,
          208
        ],
        [
          270,
          218
        ],
        [
          275,
          227
        ],
        [
          288,
          243
        ],
        [
          292,
          246
        ],
        [
          307,
          258
        ],
        [
          316,
          265
        ],
        [
          325,
          283
        ],
        [
          325,
          283
        ],
        [
          325,
          302
        ],
        [
          325,
          321
        ],
        [
          325,
          322
        ],
        [
          316,
          340
        ],
        [
          307,
          342
        ],
        [
          288,
          344
        ],
        [
          270,
          346
        ],
        [
          252,
          346
        ],
        [
          234,
          345
        ],
        [
          218,
          340
        ],
        [
          215,
          339
        ],
        [
          197,
          338
        ],
        [
          179,
          336
        ],
        [
          160,
          335
        ],
        [
          142,
          330
        ],
        [
          126,
          321
        ],
        [
          124,
          320
        ],
        [
          105,
          312
        ],
        [
          87,
          307
        ],
        [
          78,
          302
        ],
        [
          69,
          298
        ],
        [
          51,
          292
        ],
        [
          32,
          287
        ],
        [
          23,
          283
        ],
        [
          14,
          278
        ],
        [
          0,
          268
        ]
      ]
    },
    {
      "elevation": 325,
      "elevation_bbox_pixels": [
        237.84516086930165,
        354.27533423052563,
        60.78400144440377,
        35.953229198894974
      ],
      "contour_line_pixels": []
    },
    {
      "elevation": 300,
      "elevation_bbox_pixels": [
        268.2774031940948,
        422.0890090450813,
        50.238538064554746,
        30.61783383801938
      ],
      "contour_line_pixels": [
        [
          512,
          321
        ],
        [
          508,
          321
        ],
        [
          490,
          321
        ],
        [
          478,
          340
        ],
        [
          478,
          359
        ],
        [
          472,
          378
        ],
        [
          472,
          396
        ],
        [
          472,
          415
        ],
        [
          472,
          434
        ],
        [
          472,
          453
        ],
        [
          471,
          453
        ],
        [
          453,
          458
        ],
        [
          435,
          457
        ],
        [
          417,
          453
        ],
        [
          416,
          453
        ],
        [
          398,
          445
        ],
        [
          380,
          439
        ],
        [
          362,
          437
        ],
        [
          343,
          438
        ],
        [
          325,
          437
        ],
        [
          307,
          436
        ],
        [
          288,
          434
        ],
        [
          288,
          434
        ],
        [
          270,
          430
        ],
        [
          252,
          415
        ],
        [
          252,
          415
        ],
        [
          252,
          396
        ],
        [
          234,
          394
        ],
        [
          215,
          392
        ],
        [
          197,
          391
        ],
        [
          179,
          391
        ],
        [
          160,
          390
        ],
        [
          142,
          390
        ],
        [
          124,
          390
        ],
        [
          105,
          389
        ],
        [
          87,
          389
        ],
        [
          69,
          388
        ],
        [
          51,
          385
        ],
        [
          32,
          382
        ],
        [
          14,
          379
        ],
        [
          8,
          378
        ],
        [
          0,
          372
        ]
      ]
    },
    {
      "elevation": 225,
      "elevation_bbox_pixels": [
        198.8102266258292,
        488.92189577260297,
        41.30025505552311,
        24.981809644191323
      ],
      "contour_line_pixels": [
        [
          343,
          512
        ],
        [
          339,
          509
        ],
        [
          325,
          506
        ],
        [
          307,
          503
        ],
        [
          288,
          501
        ],
        [
          270,
          501
        ],
        [
          252,
          501
        ],
        [
          234,
          499
        ],
        [
          215,
          498
        ],
        [
          197,
          499
        ],
        [
          179,
          501
        ],
        [
          160,
          502
        ],
        [
          142,
          503
        ],
        [
          133,
          509
        ],
        [
          142,
          512
        ]
      ]
    },
    {
      "elevation": 250,
      "elevation_bbox_pixels": [
        248.61402335817561,
        458.5616213718206,
        53.13802702074432,
        32.2036525384969
      ],