{
  "image": {
    "path": "N63E016_0489.png",
    "size": {
      "height": 512,
      "width": 512
    }
  },
  "labels": [
    {
      "elevation": 300,
      "elevation_bbox_pixels": [
        69.49896654237168,
        429.2887840360414,
        25.053202375287867,
        15.066420944219118
      ],
      "contour_line_pixels": []
    },
    {
      "elevation": 275,
      "elevation_bbox_pixels": [
        225.88439386976725,
        443.5537617150582,
        45.52171643942913,
        29.38506063821174
      ],
      "contour_line_pixels": [
        [
          0,
          244
        ],
        [
          9,
          259
        ],
        [
          25,
          273
        ],
        [
          30,
          277
        ],
        [
          41,
          288
        ],
        [
          58,
          302
        ],
        [
          74,
          305
        ],
        [
          83,
          314
        ],
        [
          90,
          319
        ],
        [
          106,
          336
        ],
        [
          123,
          351
        ],
        [
          123,
          351
        ],
        [
          139,
          373
        ],
        [
          143,
          388
        ],
        [
          149,
          425
        ],
        [
          155,
          433
        ],
        [
          171,
          453
        ],
        [
          176,
          462
        ],
        [
          188,
          486
        ],
        [
          204,
          496
        ],
        [
          220,
          499
        ],
        [
          237,
          484
        ],
        [
          250,
          462
        ],
        [
          253,
          459
        ],
        [
          269,
          450
        ],
        [
          285,
          449
        ],
        [
          302,
          446
        ],
        [
          318,
          432
        ],
        [
          321,
          425
        ],
        [
          334,
          416
        ],
        [
          350,
          419
        ],
        [
          356,
          425
        ],
        [
          367,
          445
        ],
        [
          383,
          452
        ],
        [
          399,
          456
        ],
        [
          402,
          462
        ],
        [
          402,
          499
        ],
        [
          399,
          511
        ],
        [
          399,
          512
        ]
      ]
    },
    {
      "elevation": 125,
      "elevation_bbox_pixels": [
        461.3762212174166,
        14.750557490613005,
        58.6096668620055,
        32.94396350721331
      ],
      "contour_line_pixels": [
        [
          462,
          0
        ],
        [
          464,
          1
        ],
        [
          481,
          13
        ],
        [
          485,
          17
        ],
        [
          497,
          31
        ],
        [
          512,
          40
        ]
      ]
    },
    {
      "elevation": 150,
      "elevation_bbox_pixels": [
        216.68275209284894,
        40.4741776372814,
        49.23320357009686,
        25.663562888923025
      ],
      "contour_line_pixels": [
        [
          512,
          257
        ],
        [
          497,
          239
        ],
        [
          497,
          239
        ],
        [
          481,
          221
        ],
        [
          470,
          202
        ],
        [
          464,
          184
        ],
        [
          459,
          165
        ],
        [
          448,
          147
        ],
        [
          437,
          128
        ],
        [
          432,
          122
        ],
        [
          416,
          110
        ],
        [
          399,
          91
        ],
        [
          399,
          91
        ],
        [
          383,
          82
        ],
        [
          367,
          73
        ],
        [
          350,
          68
        ],
        [
          334,
          59
        ],
        [
          318,
          54
        ],
        [
          318,
          54
        ],
        [
          302,
          54
        ],
        [
          285,
          48
        ],
        [
          269,
          47
        ],
        [
          253,
          47
        ],
        [
          237,
          47
        ],
        [
          220,
          47
        ],
        [
          204,
          47
        ],
        [
          188,
          45
        ],
        [
          171,
          45
        ],
        [
          155,
          45
        ],
        [
          139,
          39
        ],
        [
          123,
          32
        ],
        [
          106,
          32
        ],
        [
          90,
          32
        ],
        [
          74,
          25
        ],
        [
          68,
          17
        ],
        [
          58,
          5
        ],
        [
          52,
          0
        ]
      ]
    },
    {
      "elevation": 175,
      "elevation_bbox_pixels": [
        226.02519318319264,
        144.1546015559103,
        49.50659554444974,
        26.443115463226377
      ],
      "contour_line_pixels": [
        [
          0,
          31
        ],
        [
          9,
          43
        ],
        [
          25,
          50
        ],
        [
          27,
          54
        ],
        [
          41,
          84
        ],
        [
          45,
          91
        ],
        [
          58,
          114
        ],
        [
          74,
          126
        ],
        [
          77,
          128
        ],
        [
          90,
          138
        ],
        [
          106,
          148
        ],
        [
          123,
          153
        ],
        [
          139,
          153
        ],
        [
          155,
          154
        ],
        [
          171,
          158
        ],
        [
          188,
          160
        ],
        [
          204,
          160
        ],
        [
          220,
          160
        ],
        [
          237,
          158
        ],
        [
          253,
          154
        ],
        [
          269,
          145
        ],
        [
          285,
          138
        ],
        [
          302,
          131
        ],
        [
          318,
          140
        ],
        [
          334,
          145
        ],
        [
          350,
          148
        ],
        [
          367,
          159
        ],
        [
          374,
          165
        ],
        [
          383,
          172
        ],
        [
          399,
          187
        ],
        [
          408,
          202
        ],
        [
          416,
          212
        ],
        [
          430,
          239
        ],
        [
          432,
          243
        ],
        [
          448,
          268
        ],
        [
          454,
          277
        ],
        [
          464,
          291
        ],
        [
          481,
          312
        ],
        [
          482,
          314
        ],
        [
          497,
          329
        ],
        [
          512,
          342
        ]
      ]
    },
    {
      "elevation": 200,
      "elevation_bbox_pixels": [
        93.29307033586083,
        178.8204864916271,
        45.49915723656305,
        26.18125342840881
      ],