{
  "image": {
    "path": "N63E016_0403.png",
    "size": {
      "height": 512,
      "width": 512
    }
  },
  "labels": [
    {
      "elevation": 425,
      "elevation_bbox_pixels": [
        241.89778389345946,
        128.28024966833027,
        47.967063724425884,
        24.7239391316225
      ],
      "contour_line_pixels": [
        [
          512,
          157
        ],
        [
          470,
          152
        ],
        [
          445,
          148
        ],
        [
          408,
          143
        ],
        [
          371,
          138
        ],
        [
          346,
          134
        ],
        [
          284,
          128
        ],
        [
          284,
          128
        ],
        [
          222,
          120
        ],
        [
          206,
          118
        ],
        [
          160,
          113
        ],
        [
          98,
          108
        ],
        [
          97,
          108
        ],
        [
          36,
          100
        ],
        [
          20,
          98
        ],
        [
          0,
          94
        ]
      ]
    },
    {
      "elevation": 400,
      "elevation_bbox_pixels": [
        247.9323755584981,
        172.79412385482055,
        37.094580753548485,
        18.975798033444335
      ],
      "contour_line_pixels": [
        [
          512,
          195
        ],
        [
          470,
          190
        ],
        [
          449,
          188
        ],
        [
          408,
          183
        ],
        [
          346,
          178
        ],
        [
          346,
          178
        ],
        [
          284,
          170
        ],
        [
          259,
          168
        ],
        [
          222,
          163
        ],
        [
          175,
          158
        ],
        [
          160,
          156
        ],
        [
          98,
          148
        ],
        [
          97,
          148
        ],
        [
          36,
          144
        ],
        [
          0,
          141
        ]
      ]
    },
    {
      "elevation": 350,
      "elevation_bbox_pixels": [
        230.23570215208304,
        207.6258097013582,
        55.66074471569459,
        26.88463934494507
      ],
      "contour_line_pixels": [
        [
          512,
          238
        ],
        [
          470,
          236
        ],
        [
          408,
          232
        ],
        [
          356,
          228
        ],
        [
          346,
          227
        ],
        [
          284,
          221
        ],
        [
          247,
          218
        ],
        [
          222,
          216
        ],
        [
          160,
          211
        ],
        [
          113,
          208
        ],
        [
          98,
          207
        ],
        [
          36,
          205
        ],
        [
          0,
          203
        ]
      ]
    },
    {
      "elevation": 325,
      "elevation_bbox_pixels": [
        235.28977725971686,
        283.34335005002976,
        51.154906233460224,
        27.34869362741813
      ],
      "contour_line_pixels": [
        [
          512,
          295
        ],
        [
          470,
          295
        ],
        [
          408,
          295
        ],
        [
          347,
          298
        ],
        [
          346,
          298
        ],
        [
          344,
          298
        ],
        [
          284,
          295
        ],
        [
          223,
          298
        ],
        [
          223,
          308
        ],
        [
          222,
          308
        ],
        [
          161,
          318
        ],
        [
          160,
          318
        ],
        [
          98,
          318
        ],
        [
          96,
          318
        ],
        [
          36,
          315
        ],
        [
          0,
          313
        ]
      ]
    }
  ]
}