{
  "image": {
    "path": "N63E016_0592.png",
    "size": {
      "height": 512,
      "width": 512
    }
  },
  "labels": [
    {
      "elevation": 300,
      "elevation_bbox_pixels": [
        153.60392869477613,
        59.88190599400872,
        58.3591417530007,
        34.851710594299334
      ],
      "contour_line_pixels": [
        [
          227,
          143
        ],
        [
          227,
          143
        ],
        [
          213,
          141
        ],
        [
          199,
          140
        ],
        [
          184,
          134
        ],
        [
          170,
          133
        ],
        [
          170,
          133
        ],
        [
          156,
          132
        ],
        [
          141,
          126
        ],
        [
          131,
          124
        ],
        [
          127,
          123
        ],
        [
          113,
          118
        ],
        [
          99,
          115
        ],
        [
          91,
          114
        ],
        [
          84,
          112
        ],
        [
          70,
          106
        ],
        [
          66,
          105
        ],
        [
          56,
          98
        ],
        [
          41,
          95
        ],
        [
          41,
          95
        ],
        [
          27,
          86
        ],
        [
          27,
          86
        ],
        [
          13,
          76
        ],
        [
          13,
          76
        ],
        [
          8,
          67
        ],
        [
          13,
          62
        ],
        [
          27,
          62
        ],
        [
          41,
          63
        ],
        [
          56,
          65
        ],
        [
          70,
          66
        ],
        [
          70,
          67
        ],
        [
          84,
          73
        ],
        [
          99,
          76
        ],
        [
          99,
          76
        ],
        [
          113,
          81
        ],
        [
          127,
          86
        ],
        [
          127,
          86
        ],
        [
          141,
          91
        ],
        [
          156,
          95
        ],
        [
          156,
          95
        ],
        [
          170,
          102
        ],
        [
          177,
          105
        ],
        [
          184,
          106
        ],
        [
          199,
          111
        ],
        [
          208,
          114
        ],
        [
          213,
          119
        ],
        [
          220,
          124
        ],
        [
          227,
          133
        ],
        [
          241,
          133
        ],
        [
          241,
          133
        ],
        [
          241,
          143
        ],
        [
          241,
          143
        ],
        [
          227,
          143
        ]
      ]
    },
    {
      "elevation": 250,
      "elevation_bbox_pixels": [
        174.54116902489386,
        161.8427773245524,
        57.25557405683685,
        35.7535469086082
      ],
      "contour_line_pixels": [
        [
          56,
          172
        ],
        [
          42,
          181
        ],
        [
          56,
          190
        ],
        [
          70,
          190
        ],
        [
          84,
          181
        ],
        [
          70,
          172
        ],
        [
          56,
          172
        ]
      ]
    },
    {
      "elevation": 275,
      "elevation_bbox_pixels": [
        204.8444631586863,
        132.13313002680945,
        30.42153948135814,
        18.51676823838511
      ],
      "contour_line_pixels": []
    },
    {
      "elevation": 225,
      "elevation_bbox_pixels": [
        246.12383812689507,
        11.500426149952943,
        54.92700212553041,
        28.804163971631283
      ],
      "contour_line_pixels": [
        [
          187,
          0
        ],
        [
          199,
          2
        ],
        [
          213,
          3
        ],
        [
          227,
          7
        ],
        [
          234,
          9
        ],
        [
          241,
          11
        ],
        [
          256,
          14
        ],
        [
          270,
          17
        ],
        [
          277,
          19
        ],
        [
          284,
          20
        ],
        [
          299,
          23
        ],
        [
          313,
          26
        ],
        [
          322,
          28
        ],
        [
          327,
          30
        ],
        [
          341,
          34
        ],
        [
          352,
          38
        ],
        [
          356,
          39
        ],
        [
          370,
          44
        ],
        [
          380,
          47
        ],
        [
          384,
          49
        ],
        [
          399,
          57
        ],
        [
          399,
          57
        ],
        [
          413,
          61
        ],
        [
          427,
          64
        ],
        [
          437,
          67
        ],
        [
          441,
          68
        ],
        [
          456,
          70
        ],
        [
          470,
          73
        ],
        [
          484,
          76
        ],
        [
          485,
          76
        ],
        [
          499,
          78
        ],
        [
          512,
          83
        ]
      ]
    },
    {
      "elevation": 350,
      "elevation_bbox_pixels": [
        189.51963193339364,
        476.64040930165265,
        38.13425332976834,
        21.577365688442995
      ],
      "contour_line_pixels": [
        [
          0,
          482
        ],
        [
          13,
          481
        ],
        [
          27,
          481
        ],
        [
          41,
          480
        ],
        [
          56,
          480
        ],
        [
          70,
          480
        ],
        [
          84,
          484
        ],
        [
          99,
          487
        ],
        [
          99,
          487
        ],
        [
          113,
          496
        ],
        [
          113,
          496
        ],
        [
          127,
          500
        ],
        [
          141,
          506
        ],
        [
          142,
          506
        ],
        [
          151,
          512
        ]
      ]
    },
    {
      "elevation": 250,
      "elevation_bbox_pixels": [
        214.9236511672849,
        255.86145005163968,
        28.056305055232542,
        17.78704874616588
      ],
      "contour_line_pixels": []
    },
    {
      "elevation": 275,
      "elevation_bbox_pixels": [
        277.7530687339414,
        416.5750659705275,
        48.8366265116872,
        28.102938314220864
      ],