{
  "image": {
    "path": "N63E016_1407.png",
    "size": {
      "height": 512,
      "width": 512
    }
  },
  "labels": [
    {
      "elevation": 300,
      "elevation_bbox_pixels": [
        245.25337821174136,
        -8.53324805810189,
        57.35846752490997,
        29.39264448753238
      ],
      "contour_line_pixels": []
    },
    {
      "elevation": 250,
      "elevation_bbox_pixels": [
        267.32065771761563,
        158.1067163070225,
        55.934090202342304,
        34.161960127944326
      ],
      "contour_line_pixels": [
        [
          512,
          183
        ],
        [
          503,
          182
        ],
        [
          497,
          181
        ],
        [
          497,
          176
        ],
        [
          503,
          174
        ],
        [
          512,
          172
        ]
      ]
    },
    {
      "elevation": 200,
      "elevation_bbox_pixels": [
        195.11507753077498,
        227.0759413562779,
        39.66244978376409,
        19.867359181573875
      ],
      "contour_line_pixels": [
        [
          0,
          238
        ],
        [
          2,
          237
        ],
        [
          0,
          237
        ]
      ]
    },
    {
      "elevation": 275,
      "elevation_bbox_pixels": [
        202.68244414755958,
        322.5431719135988,
        36.757636622632276,
        21.219798471307058
      ],
      "contour_line_pixels": [
        [
          38,
          351
        ],
        [
          31,
          350
        ],
        [
          26,
          348
        ],
        [
          21,
          345
        ],
        [
          14,
          342
        ],
        [
          11,
          341
        ],
        [
          10,
          337
        ],
        [
          14,
          335
        ],
        [
          26,
          334
        ],
        [
          38,
          333
        ],
        [
          50,
          332
        ],
        [
          50,
          332
        ],
        [
          62,
          332
        ],
        [
          62,
          332
        ],
        [
          74,
          333
        ],
        [
          86,
          334
        ],
        [
          97,
          335
        ],
        [
          109,
          337
        ],
        [
          109,
          337
        ],
        [
          121,
          340
        ],
        [
          127,
          341
        ],
        [
          133,
          343
        ],
        [
          139,
          345
        ],
        [
          141,
          350
        ],
        [
          137,
          354
        ],
        [
          133,
          355
        ],
        [
          128,
          358
        ],
        [
          121,
          360
        ],
        [
          109,
          361
        ],
        [
          97,
          361
        ],
        [
          86,
          360
        ],
        [
          75,
          358
        ],
        [
          74,
          358
        ],
        [
          62,
          355
        ],
        [
          55,
          354
        ],
        [
          50,
          353
        ],
        [
          38,
          351
        ]
      ]
    },
    {
      "elevation": 200,
      "elevation_bbox_pixels": [
        224.54357723929803,
        491.723513338034,
        60.66230760815495,
        32.85659235723967
      ],
      "contour_line_pixels": [
        [
          242,
          512
        ],
        [
          241,
          512
        ],
        [
          229,
          510
        ],
        [
          241,
          506
        ],
        [
          252,
          509
        ],
        [
          264,
          510
        ],
        [
          264,
          510
        ],
        [
          272,
          512
        ]
      ]
    }
  ]
}