{
  "image": {
    "path": "N63E016_0053.png",
    "size": {
      "height": 512,
      "width": 512
    }
  },
  "labels": [
    {
      "elevation": 400,
      "elevation_bbox_pixels": [
        256.67323339065564,
        -11.360755763533916,
        51.94457291156698,
        25.244771309300177
      ],
      "contour_line_pixels": []
    },
    {
      "elevation": 375,
      "elevation_bbox_pixels": [
        266.9185403545831,
        97.1235748999951,
        31.508081349548547,
        18.987617342227395
      ],
      "contour_line_pixels": [
        [
          512,
          194
        ],
        [
          477,
          178
        ],
        [
          473,
          174
        ],
        [
          432,
          153
        ],
        [
          431,
          153
        ],
        [
          425,
          131
        ],
        [
          386,
          109
        ],
        [
          386,
          109
        ],
        [
          346,
          88
        ],
        [
          340,
          80
        ],
        [
          327,
          66
        ],
        [
          294,
          44
        ],
        [
          294,
          44
        ],
        [
          284,
          23
        ],
        [
          248,
          4
        ],
        [
          243,
          1
        ],
        [
          241,
          0
        ]
      ]
    },
    {
      "elevation": 325,
      "elevation_bbox_pixels": [
        236.10938813806968,
        175.45505823303301,
        43.6080412192598,
        23.868485300963584
      ],
      "contour_line_pixels": [
        [
          512,
          288
        ],
        [
          500,
          283
        ],
        [
          477,
          274
        ],
        [
          443,
          261
        ],
        [
          432,
          257
        ],
        [
          386,
          244
        ],
        [
          372,
          240
        ],
        [
          340,
          226
        ],
        [
          323,
          218
        ],
        [
          298,
          196
        ],
        [
          294,
          195
        ],
        [
          248,
          183
        ],
        [
          223,
          174
        ],
        [
          202,
          165
        ],
        [
          163,
          153
        ],
        [
          156,
          150
        ],
        [
          117,
          131
        ],
        [
          111,
          127
        ],
        [
          65,
          109
        ],
        [
          65,
          109
        ],
        [
          37,
          88
        ],
        [
          19,
          73
        ],
        [
          11,
          66
        ],
        [
          11,
          44
        ],
        [
          6,
          23
        ],
        [
          0,
          15
        ]
      ]
    },
    {
      "elevation": 300,
      "elevation_bbox_pixels": [
        231.22180645139775,
        237.69578891633057,
        52.74556051664047,
        32.89953912489159
      ],
      "contour_line_pixels": []
    },
    {
      "elevation": 275,
      "elevation_bbox_pixels": [
        196.5352927762516,
        316.93930703323747,
        38.31806955537263,
        22.955560255489445
      ],
      "contour_line_pixels": [
        [
          0,
          429
        ],
        [
          19,
          420
        ],
        [
          30,
          413
        ],
        [
          65,
          400
        ],
        [
          95,
          391
        ],
        [
          110,
          370
        ],
        [
          99,
          348
        ],
        [
          65,
          327
        ],
        [
          65,
          326
        ],
        [
          56,
          305
        ],
        [
          32,
          283
        ],
        [
          25,
          261
        ],
        [
          19,
          258
        ],
        [
          3,
          240
        ],
        [
          0,
          238
        ]
      ]
    }
  ]
}