{
  "image": {
    "path": "N63E016_0742.png",
    "size": {
      "height": 512,
      "width": 512
    }
  },
  "labels": [
    {
      "elevation": 300,
      "elevation_bbox_pixels": [
        246.21142984959113,
        482.369124488925,
        30.43960646882556,
        19.134939115454628
      ],
      "contour_line_pixels": [
        [
          249,
          512
        ],
        [
          258,
          493
        ],
        [
          258,
          493
        ],
        [
          267,
          490
        ],
        [
          276,
          489
        ],
        [
          286,
          491
        ],
        [
          295,
          493
        ],
        [
          295,
          493
        ],
        [
          304,
          509
        ],
        [
          306,
          512
        ]
      ]
    },
    {
      "elevation": 275,
      "elevation_bbox_pixels": [
        150.88989510789068,
        465.6685362600334,
        55.283782486449525,
        33.11668593947135
      ],
      "contour_line_pixels": []
    },
    {
      "elevation": 175,
      "elevation_bbox_pixels": [
        480.7877665243774,
        -3.2069994751951754,
        33.26780299326197,
        17.336052227882874
      ],
      "contour_line_pixels": [
        [
          503,
          0
        ],
        [
          506,
          6
        ],
        [
          511,
          16
        ],
        [
          512,
          18
        ]
      ]
    },
    {
      "elevation": 200,
      "elevation_bbox_pixels": [
        371.7577102094298,
        132.67915698760447,
        45.65082602332291,
        21.216489902412945
      ],
      "contour_line_pixels": [
        [
          321,
          0
        ],
        [
          321,
          16
        ],
        [
          313,
          35
        ],
        [
          312,
          36
        ],
        [
          312,
          56
        ],
        [
          313,
          57
        ],
        [
          322,
          60
        ],
        [
          331,
          66
        ],
        [
          341,
          76
        ],
        [
          341,
          76
        ],
        [
          350,
          96
        ],
        [
          350,
          96
        ],
        [
          359,
          101
        ],
        [
          366,
          116
        ],
        [
          368,
          117
        ],
        [
          377,
          118
        ],
        [
          386,
          122
        ],
        [
          396,
          135
        ],
        [
          396,
          136
        ],
        [
          405,
          155
        ],
        [
          405,
          155
        ],
        [
          405,
          175
        ],
        [
          409,
          195
        ],
        [
          414,
          197
        ],
        [
          423,
          197
        ],
        [
          432,
          198
        ],
        [
          441,
          198
        ],
        [
          451,
          207
        ],
        [
          460,
          212
        ],
        [
          464,
          215
        ],
        [
          469,
          222
        ],
        [
          478,
          235
        ],
        [
          478,
          235
        ],
        [
          487,
          250
        ],
        [
          496,
          255
        ],
        [
          506,
          255
        ],
        [
          512,
          255
        ]
      ]
    },
    {
      "elevation": 225,
      "elevation_bbox_pixels": [
        352.6866170796177,
        232.211594458099,
        42.94425494563393,
        26.085172956087575
      ],
      "contour_line_pixels": [
        [
          307,
          0
        ],
        [
          306,
          16
        ],
        [
          304,
          22
        ],
        [
          297,
          36
        ],
        [
          295,
          56
        ],
        [
          303,
          76
        ],
        [
          304,
          78
        ],
        [
          313,
          94
        ],
        [
          315,
          96
        ],
        [
          322,
          104
        ],
        [
          331,
          113
        ],
        [
          333,
          116
        ],
        [
          341,
          132
        ],
        [
          343,
          136
        ],
        [
          350,
          144
        ],
        [
          359,
          152
        ],
        [
          362,
          155
        ],
        [
          365,
          175
        ],
        [
          365,
          195
        ],
        [
          368,
          214
        ],
        [
          368,
          215
        ],
        [
          368,
          235
        ],
        [
          377,
          245
        ],
        [
          386,
          250
        ],
        [
          391,
          255
        ],
        [
          396,
          265
        ],
        [
          400,
          275
        ],
        [
          405,
          285
        ],
        [
          414,
          294
        ],
        [
          414,
          294
        ],
        [
          418,
          314
        ],
        [
          418,
          334
        ],
        [
          423,
          344
        ],
        [
          426,
          354
        ],
        [
          432,
          367
        ],
        [
          435,
          374
        ],
        [
          441,
          384
        ],
        [
          446,
          394
        ],
        [
          451,
          402
        ],
        [
          460,
          413
        ],
        [
          460,
          414
        ],
        [
          469,
          426
        ],
        [
          475,
          433
        ],
        [
          478,
          443
        ],
        [
          481,
          453
        ],
        [
          483,
          473
        ],
        [
          487,
          493
        ],
        [
          487,
          493
        ],
        [
          496,
          512
        ]
      ]
    },
    {
      "elevation": 250,
      "elevation_bbox_pixels": [
        229.89185845220376,
        302.51971745628543,
        39.36976268002698,
        23.311020439534275
      ],