{
  "image": {
    "path": "N63E016_0749.png",
    "size": {
      "height": 512,
      "width": 512
    }
  },
  "labels": [
    {
      "elevation": 275,
      "elevation_bbox_pixels": [
        188.02423336648448,
        484.1119912019322,
        45.49386679179253,
        27.606303685932197
      ],
      "contour_line_pixels": []
    },
    {
      "elevation": 125,
      "elevation_bbox_pixels": [
        210.94151873388302,
        108.60148161044742,
        53.832957533549575,
        26.19150927475789
      ],
      "contour_line_pixels": []
    },
    {
      "elevation": 150,
      "elevation_bbox_pixels": [
        232.9353130978603,
        187.53947027264115,
        48.23200631460972,
        30.53970386080539
      ],
      "contour_line_pixels": [
        [
          512,
          269
        ],
        [
          503,
          267
        ],
        [
          503,
          266
        ],
        [
          488,
          257
        ],
        [
          488,
          257
        ],
        [
          473,
          252
        ],
        [
          458,
          252
        ],
        [
          443,
          247
        ],
        [
          442,
          247
        ],
        [
          427,
          247
        ],
        [
          412,
          247
        ],
        [
          397,
          244
        ],
        [
          382,
          242
        ],
        [
          367,
          237
        ],
        [
          367,
          237
        ],
        [
          352,
          237
        ],
        [
          337,
          227
        ],
        [
          336,
          227
        ],
        [
          321,
          227
        ],
        [
          306,
          218
        ],
        [
          306,
          217
        ],
        [
          291,
          217
        ],
        [
          276,
          208
        ],
        [
          276,
          207
        ],
        [
          261,
          203
        ],
        [
          246,
          203
        ],
        [
          230,
          201
        ],
        [
          216,
          198
        ],
        [
          215,
          198
        ],
        [
          200,
          193
        ],
        [
          185,
          188
        ],
        [
          185,
          188
        ],
        [
          170,
          183
        ],
        [
          155,
          178
        ],
        [
          155,
          178
        ],
        [
          140,
          178
        ],
        [
          124,
          173
        ],
        [
          110,
          168
        ],
        [
          109,
          168
        ],
        [
          95,
          159
        ],
        [
          94,
          159
        ],
        [
          79,
          154
        ],
        [
          64,
          149
        ],
        [
          64,
          149
        ],
        [
          49,
          144
        ],
        [
          34,
          142
        ],
        [
          19,
          139
        ],
        [
          18,
          139
        ],
        [
          3,
          139
        ],
        [
          0,
          138
        ]
      ]
    },
    {
      "elevation": 175,
      "elevation_bbox_pixels": [
        229.60385699525423,
        318.06774327823894,
        30.833471494748864,
        18.061370214186525
      ],
      "contour_line_pixels": [
        [
          512,
          427
        ],
        [
          503,
          427
        ],
        [
          488,
          429
        ],
        [
          473,
          429
        ],
        [
          458,
          429
        ],
        [
          442,
          429
        ],
        [
          427,
          428
        ],
        [
          412,
          424
        ],
        [
          412,
          424
        ],
        [
          397,
          424
        ],
        [
          382,
          421
        ],
        [
          367,
          420
        ],
        [
          352,
          416
        ],
        [
          344,
          414
        ],
        [
          336,
          411
        ],
        [
          321,
          406
        ],
        [
          306,
          404
        ],
        [
          306,
          404
        ],
        [
          291,
          399
        ],
        [
          276,
          397
        ],
        [
          268,
          394
        ],
        [
          261,
          391
        ],
        [
          246,
          388
        ],
        [
          231,
          384
        ],
        [
          231,
          375
        ],
        [
          231,
          365
        ],
        [
          246,
          355
        ],
        [
          246,
          355
        ],
        [
          246,
          345
        ],
        [
          246,
          345
        ],
        [
          238,
          335
        ],
        [
          230,
          333
        ],
        [
          215,
          326
        ],
        [
          215,
          325
        ],
        [
          200,
          323
        ],
        [
          185,
          320
        ],
        [
          170,
          317
        ],
        [
          155,
          317
        ],
        [
          140,
          316
        ],
        [
          140,
          316
        ],
        [
          124,
          316
        ],
        [
          124,
          316
        ],
        [
          109,
          318
        ],
        [
          94,
          318
        ],
        [
          79,
          319
        ],
        [
          64,
          322
        ],
        [
          49,
          322
        ],
        [
          34,
          322
        ],
        [
          18,
          321
        ],
        [
          4,
          316
        ],
        [
          3,
          316
        ],
        [
          0,
          315
        ]
      ]
    },
    {
      "elevation": 200,
      "elevation_bbox_pixels": [
        222.97248875452843,
        425.02373836678305,
        49.75545528225953,
        26.466965639268153
      ],