{
  "image": {
    "path": "N63E016_1001.png",
    "size": {
      "height": 512,
      "width": 512
    }
  },
  "labels": [
    {
      "elevation": 225,
      "elevation_bbox_pixels": [
        211.71719088117837,
        62.246237961371094,
        59.09787813462296,
        31.95281059661761
      ],
      "contour_line_pixels": [
        [
          512,
          129
        ],
        [
          508,
          127
        ],
        [
          491,
          119
        ],
        [
          455,
          107
        ],
        [
          437,
          101
        ],
        [
          402,
          96
        ],
        [
          349,
          89
        ],
        [
          313,
          83
        ],
        [
          296,
          82
        ],
        [
          243,
          80
        ],
        [
          189,
          79
        ],
        [
          136,
          78
        ],
        [
          83,
          75
        ],
        [
          51,
          66
        ],
        [
          30,
          62
        ],
        [
          0,
          61
        ]
      ]
    },
    {
      "elevation": 250,
      "elevation_bbox_pixels": [
        248.91179900576452,
        23.657949477582804,
        37.52726322294495,
        22.793277023528503
      ],
      "contour_line_pixels": [
        [
          512,
          67
        ],
        [
          508,
          67
        ],
        [
          503,
          66
        ],
        [
          455,
          55
        ],
        [
          422,
          48
        ],
        [
          402,
          44
        ],
        [
          349,
          37
        ],
        [
          311,
          31
        ],
        [
          296,
          28
        ],
        [
          243,
          21
        ],
        [
          197,
          13
        ],
        [
          189,
          12
        ],
        [
          136,
          4
        ],
        [
          97,
          0
        ]
      ]
    }
  ]
}