{
  "image": {
    "path": "N63E016_1069.png",
    "size": {
      "height": 512,
      "width": 512
    }
  },
  "labels": [
    {
      "elevation": 250,
      "elevation_bbox_pixels": [
        131.4402736563934,
        490.9211612601931,
        53.935528827714734,
        30.46005136479083
      ],
      "contour_line_pixels": [
        [
          0,
          500
        ],
        [
          27,
          511
        ],
        [
          30,
          512
        ]
      ]
    }
  ]
}