{
  "image": {
    "path": "N63E016_0688.png",
    "size": {
      "height": 512,
      "width": 512
    }
  },
  "labels": [
    {
      "elevation": 300,
      "elevation_bbox_pixels": [
        287.2328127521078,
        4.14391901217067,
        35.29879513613366,
        21.173013213185754
      ],
      "contour_line_pixels": [
        [
          512,
          18
        ],
        [
          511,
          18
        ],
        [
          500,
          17
        ],
        [
          490,
          17
        ],
        [
          479,
          17
        ],
        [
          469,
          16
        ],
        [
          458,
          15
        ],
        [
          447,
          14
        ],
        [
          447,
          14
        ],
        [
          437,
          8
        ],
        [
          437,
          8
        ],
        [
          426,
          2
        ],
        [
          426,
          2
        ],
        [
          417,
          0
        ]
      ]
    },
    {
      "elevation": 250,
      "elevation_bbox_pixels": [
        255.44549430228568,
        298.21875510196037,
        25.131027958997834,
        14.685189749811286
      ],
      "contour_line_pixels": [
        [
          352,
          313
        ],
        [
          352,
          313
        ],
        [
          341,
          308
        ],
        [
          331,
          310
        ],
        [
          320,
          309
        ],
        [
          309,
          308
        ],
        [
          309,
          308
        ],
        [
          299,
          302
        ],
        [
          299,
          302
        ],
        [
          299,
          302
        ],
        [
          309,
          302
        ],
        [
          320,
          302
        ],
        [
          320,
          302
        ],
        [
          331,
          306
        ],
        [
          341,
          308
        ],
        [
          341,
          308
        ],
        [
          352,
          313
        ],
        [
          362,
          313
        ],
        [
          363,
          313
        ],
        [
          362,
          313
        ],
        [
          352,
          313
        ]
      ]
    },
    {
      "elevation": 250,
      "elevation_bbox_pixels": [
        173.37798764871474,
        364.9843978578896,
        55.95710110466905,
        30.35717877168763
      ],
      "contour_line_pixels": [
        [
          0,
          366
        ],
        [
          2,
          367
        ],
        [
          11,
          371
        ],
        [
          12,
          371
        ],
        [
          23,
          374
        ],
        [
          30,
          377
        ],
        [
          32,
          382
        ],
        [
          31,
          388
        ],
        [
          23,
          390
        ],
        [
          12,
          390
        ],
        [
          2,
          390
        ],
        [
          0,
          390
        ]
      ]
    },
    {
      "elevation": 200,
      "elevation_bbox_pixels": [
        257.4111733571183,
        389.1887847501043,
        56.636892527328655,
        32.358491103546044
      ],
      "contour_line_pixels": [
        [
          341,
          417
        ],
        [
          341,
          411
        ],
        [
          341,
          406
        ],
        [
          341,
          405
        ],
        [
          352,
          405
        ],
        [
          362,
          405
        ],
        [
          373,
          405
        ],
        [
          384,
          405
        ],
        [
          384,
          406
        ],
        [
          394,
          411
        ],
        [
          395,
          411
        ],
        [
          405,
          417
        ],
        [
          405,
          417
        ],
        [
          405,
          417
        ],
        [
          394,
          423
        ],
        [
          394,
          423
        ],
        [
          384,
          423
        ],
        [
          383,
          423
        ],
        [
          373,
          417
        ],
        [
          362,
          417
        ],
        [
          352,
          417
        ],
        [
          341,
          417
        ],
        [
          341,
          417
        ]
      ]
    },
    {
      "elevation": 200,
      "elevation_bbox_pixels": [
        226.86927481159168,
        441.9976515585223,
        34.737305377875856,
        18.34356077869569
      ],
      "contour_line_pixels": [
        [
          203,
          457
        ],
        [
          214,
          452
        ],
        [
          203,
          451
        ],
        [
          193,
          452
        ],
        [
          203,
          457
        ]
      ]
    },
    {
      "elevation": 225,
      "elevation_bbox_pixels": [
        244.3346554407009,
        128.93655993708654,
        51.59613690985654,
        30.93533690761285
      ],