{
  "image": {
    "path": "N63E016_0538.png",
    "size": {
      "height": 512,
      "width": 512
    }
  },
  "labels": [
    {
      "elevation": 350,
      "elevation_bbox_pixels": [
        311.2572883492495,
        2.6316287863882053,
        31.901682616540484,
        21.389699641731795
      ],
      "contour_line_pixels": []
    },
    {
      "elevation": 400,
      "elevation_bbox_pixels": [
        297.7065651848659,
        452.72702666799216,
        55.97931692644897,
        31.778497814970976
      ],
      "contour_line_pixels": [
        [
          337,
          512
        ],
        [
          323,
          503
        ],
        [
          320,
          482
        ],
        [
          320,
          482
        ],
        [
          320,
          482
        ],
        [
          342,
          472
        ],
        [
          365,
          461
        ],
        [
          365,
          461
        ],
        [
          387,
          460
        ],
        [
          410,
          461
        ],
        [
          410,
          461
        ],
        [
          432,
          474
        ],
        [
          455,
          477
        ],
        [
          477,
          468
        ],
        [
          499,
          461
        ],
        [
          500,
          461
        ],
        [
          512,
          455
        ]
      ]
    },
    {
      "elevation": 400,
      "elevation_bbox_pixels": [
        206.15016204725544,
        483.5968134534075,
        38.48543053652975,
        24.289931505826324
      ],
      "contour_line_pixels": [
        [
          122,
          512
        ],
        [
          126,
          503
        ],
        [
          139,
          499
        ],
        [
          162,
          496
        ],
        [
          184,
          496
        ],
        [
          207,
          500
        ],
        [
          218,
          503
        ],
        [
          230,
          510
        ],
        [
          233,
          512
        ]
      ]
    },
    {
      "elevation": 400,
      "elevation_bbox_pixels": [
        200.89245512674844,
        80.66739393940031,
        33.31182549362671,
        20.699922864198243
      ],
      "contour_line_pixels": [
        [
          73,
          0
        ],
        [
          73,
          4
        ],
        [
          94,
          24
        ],
        [
          96,
          25
        ],
        [
          117,
          46
        ],
        [
          117,
          46
        ],
        [
          134,
          67
        ],
        [
          139,
          70
        ],
        [
          162,
          86
        ],
        [
          164,
          87
        ],
        [
          164,
          108
        ],
        [
          162,
          119
        ],
        [
          151,
          129
        ],
        [
          139,
          139
        ],
        [
          117,
          150
        ],
        [
          117,
          170
        ],
        [
          117,
          191
        ],
        [
          117,
          192
        ],
        [
          111,
          212
        ],
        [
          109,
          233
        ],
        [
          94,
          247
        ],
        [
          72,
          254
        ],
        [
          72,
          254
        ],
        [
          49,
          254
        ],
        [
          27,
          254
        ],
        [
          26,
          254
        ],
        [
          4,
          248
        ],
        [
          0,
          248
        ]
      ]
    },
    {
      "elevation": 375,
      "elevation_bbox_pixels": [
        216.34481523601002,
        344.24958695646706,
        31.49553467009656,
        17.587362689648728
      ],
      "contour_line_pixels": []
    },
    {
      "elevation": 350,
      "elevation_bbox_pixels": [
        252.83303496867362,
        112.31928971512497,
        36.04672510427068,
        21.247771360720094
      ],
      "contour_line_pixels": [
        [
          194,
          0
        ],
        [
          199,
          4
        ],
        [
          207,
          17
        ],
        [
          211,
          25
        ],
        [
          230,
          44
        ],
        [
          231,
          46
        ],
        [
          252,
          65
        ],
        [
          254,
          67
        ],
        [
          254,
          87
        ],
        [
          268,
          108
        ],
        [
          275,
          113
        ],
        [
          297,
          126
        ],
        [
          303,
          129
        ],
        [
          320,
          150
        ],
        [
          320,
          150
        ],
        [
          342,
          170
        ],
        [
          342,
          170
        ],
        [
          365,
          191
        ],
        [
          365,
          191
        ],
        [
          387,
          212
        ],
        [
          387,
          212
        ],
        [
          402,
          233
        ],
        [
          410,
          253
        ],
        [
          410,
          254
        ],
        [
          425,
          274
        ],
        [
          432,
          279
        ],
        [
          455,
          287
        ],
        [
          477,
          291
        ],
        [
          500,
          288
        ],
        [
          512,
          287
        ]
      ]
    }
  ]
}