{
  "image": {
    "path": "N63E016_1389.png",
    "size": {
      "height": 512,
      "width": 512
    }
  },
  "labels": [
    {
      "elevation": 350,
      "elevation_bbox_pixels": [
        99.80195552536681,
        325.8795466037652,
        35.8918188794414,
        20.57719097031304
      ],
      "contour_line_pixels": [
        [
          0,
          325
        ],
        [
          6,
          327
        ],
        [
          6,
          327
        ],
        [
          11,
          335
        ],
        [
          6,
          337
        ],
        [
          0,
          338
        ]
      ]
    },
    {
      "elevation": 300,
      "elevation_bbox_pixels": [
        252.200657685362,
        320.76240837324394,
        35.511071881508315,
        18.499372653998705
      ],
      "contour_line_pixels": [
        [
          320,
          359
        ],
        [
          320,
          359
        ],
        [
          314,
          358
        ],
        [
          308,
          355
        ],
        [
          301,
          353
        ],
        [
          295,
          352
        ],
        [
          288,
          351
        ],
        [
          287,
          351
        ],
        [
          282,
          346
        ],
        [
          281,
          343
        ],
        [
          281,
          335
        ],
        [
          281,
          327
        ],
        [
          282,
          325
        ],
        [
          288,
          321
        ],
        [
          295,
          319
        ],
        [
          295,
          319
        ],
        [
          301,
          318
        ],
        [
          308,
          316
        ],
        [
          314,
          317
        ],
        [
          320,
          319
        ],
        [
          321,
          319
        ],
        [
          327,
          323
        ],
        [
          329,
          327
        ],
        [
          333,
          333
        ],
        [
          334,
          335
        ],
        [
          336,
          343
        ],
        [
          335,
          351
        ],
        [
          333,
          359
        ],
        [
          333,
          359
        ],
        [
          327,
          363
        ],
        [
          320,
          359
        ]
      ]
    },
    {
      "elevation": 300,
      "elevation_bbox_pixels": [
        136.22075673633853,
        356.2475356979049,
        53.94680666096593,
        26.932267335665415
      ],
      "contour_line_pixels": []
    },
    {
      "elevation": 250,
      "elevation_bbox_pixels": [
        135.05747870887564,
        229.04138338127763,
        47.791146309219926,
        28.183230893832956
      ],
      "contour_line_pixels": []
    },
    {
      "elevation": 350,
      "elevation_bbox_pixels": [
        255.51817473674356,
        429.30677063844814,
        28.929593251877463,
        17.390450370261533
      ],
      "contour_line_pixels": [
        [
          301,
          455
        ],
        [
          295,
          456
        ],
        [
          295,
          456
        ],
        [
          295,
          456
        ],
        [
          288,
          454
        ],
        [
          282,
          451
        ],
        [
          279,
          448
        ],
        [
          281,
          440
        ],
        [
          282,
          431
        ],
        [
          282,
          431
        ],
        [
          284,
          423
        ],
        [
          288,
          417
        ],
        [
          291,
          415
        ],
        [
          295,
          411
        ],
        [
          301,
          410
        ],
        [
          308,
          410
        ],
        [
          314,
          411
        ],
        [
          318,
          415
        ],
        [
          318,
          423
        ],
        [
          314,
          431
        ],
        [
          314,
          432
        ],
        [
          311,
          440
        ],
        [
          309,
          448
        ],
        [
          308,
          450
        ],
        [
          301,
          455
        ]
      ]
    },
    {
      "elevation": 300,
      "elevation_bbox_pixels": [
        260.16853374330145,
        370.91283415777895,
        35.0499391526381,
        18.83161662713053
      ],