{
  "image": {
    "path": "N63E016_1362.png",
    "size": {
      "height": 512,
      "width": 512
    }
  },
  "labels": [
    {
      "elevation": 300,
      "elevation_bbox_pixels": [
        215.01720155420333,
        212.5159816807148,
        54.391806032104114,
        32.22610913589358
      ],
      "contour_line_pixels": []
    },
    {
      "elevation": 225,
      "elevation_bbox_pixels": [
        214.37577632854467,
        411.3370048500563,
        54.239755908278624,
        33.86655635033489
      ],
      "contour_line_pixels": []
    },
    {
      "elevation": 275,
      "elevation_bbox_pixels": [
        225.3874049148752,
        340.12858812987866,
        31.758117210056554,
        18.455621259527902
      ],
      "contour_line_pixels": []
    }
  ]
}