{
  "image": {
    "path": "N63E016_1504.png",
    "size": {
      "height": 512,
      "width": 512
    }
  },
  "labels": [
    {
      "elevation": 275,
      "elevation_bbox_pixels": [
        150.52508619644885,
        -7.19869339238187,
        50.78922797747475,
        27.66015706686835
      ],
      "contour_line_pixels": [
        [
          109,
          0
        ],
        [
          108,
          2
        ],
        [
          108,
          2
        ],
        [
          96,
          7
        ],
        [
          83,
          4
        ],
        [
          77,
          2
        ],
        [
          72,
          0
        ]
      ]
    },
    {
      "elevation": 275,
      "elevation_bbox_pixels": [
        105.40255868154631,
        155.16164574789389,
        56.58470247859378,
        32.84703930502678
      ],
      "contour_line_pixels": [
        [
          0,
          161
        ],
        [
          3,
          163
        ],
        [
          11,
          176
        ],
        [
          11,
          176
        ],
        [
          11,
          177
        ],
        [
          5,
          190
        ],
        [
          2,
          203
        ],
        [
          0,
          205
        ]
      ]
    },
    {
      "elevation": 250,
      "elevation_bbox_pixels": [
        178.24735325993805,
        87.84042117232951,
        46.501811773985196,
        27.43421521781886
      ],
      "contour_line_pixels": [
        [
          201,
          0
        ],
        [
          201,
          2
        ],
        [
          204,
          8
        ],
        [
          210,
          15
        ],
        [
          212,
          29
        ],
        [
          204,
          42
        ],
        [
          204,
          42
        ],
        [
          192,
          55
        ],
        [
          204,
          69
        ],
        [
          216,
          69
        ],
        [
          228,
          69
        ],
        [
          240,
          69
        ],
        [
          241,
          69
        ],
        [
          240,
          82
        ],
        [
          240,
          82
        ],
        [
          228,
          82
        ],
        [
          228,
          82
        ],
        [
          216,
          69
        ],
        [
          204,
          69
        ],
        [
          192,
          69
        ],
        [
          186,
          82
        ],
        [
          180,
          89
        ],
        [
          168,
          92
        ],
        [
          156,
          96
        ],
        [
          156,
          96
        ],
        [
          144,
          103
        ],
        [
          132,
          109
        ],
        [
          144,
          122
        ],
        [
          144,
          123
        ],
        [
          150,
          136
        ],
        [
          144,
          150
        ],
        [
          144,
          150
        ],
        [
          132,
          156
        ],
        [
          120,
          163
        ],
        [
          124,
          176
        ],
        [
          124,
          190
        ],
        [
          132,
          199
        ],
        [
          138,
          203
        ],
        [
          144,
          217
        ],
        [
          144,
          217
        ],
        [
          148,
          230
        ],
        [
          144,
          235
        ],
        [
          136,
          244
        ],
        [
          132,
          257
        ],
        [
          132,
          271
        ],
        [
          144,
          284
        ],
        [
          144,
          284
        ],
        [
          144,
          284
        ],
        [
          132,
          287
        ],
        [
          120,
          287
        ],
        [
          108,
          289
        ],
        [
          96,
          286
        ],
        [
          83,
          284
        ],
        [
          83,
          284
        ],
        [
          71,
          283
        ],
        [
          59,
          283
        ],
        [
          47,
          283
        ],
        [
          35,
          281
        ],
        [
          23,
          279
        ],
        [
          11,
          274
        ],
        [
          0,
          271
        ]
      ]
    },
    {
      "elevation": 250,
      "elevation_bbox_pixels": [
        265.7844589682912,
        362.1120072542885,
        47.83963846246968,
        32.423030212016826
      ],
      "contour_line_pixels": [
        [
          313,
          378
        ],
        [
          313,
          378
        ],
        [
          313,
          378
        ],
        [
          325,
          378
        ],
        [
          325,
          378
        ],
        [
          325,
          378
        ],
        [
          313,
          378
        ]
      ]
    },
    {
      "elevation": 225,
      "elevation_bbox_pixels": [
        168.0089095604545,
        340.0174621845143,
        62.24431969460039,
        36.04825683128763
      ],
      "contour_line_pixels": [
        [
          144,
          512
        ],
        [
          156,
          499
        ],
        [
          156,
          499
        ],
        [
          162,
          486
        ],
        [
          168,
          472
        ],
        [
          168,
          472
        ],
        [
          180,
          466
        ],
        [
          192,
          463
        ],
        [
          204,
          459
        ],
        [
          204,
          459
        ],
        [
          216,
          459
        ],
        [
          228,
          445
        ],
        [
          228,
          445
        ],
        [
          234,
          432
        ],
        [
          228,
          419
        ],
        [
          228,
          419
        ],
        [
          216,
          410
        ],
        [
          210,
          405
        ],
        [
          204,
          403
        ],
        [
          192,
          396
        ],
        [
          184,
          392
        ],
        [
          180,
          387
        ],
        [
          172,
          378
        ],
        [
          168,
          371
        ],
        [
          162,
          365
        ],
        [
          156,
          360
        ],
        [
          144,
          358
        ],
        [
          132,
          358
        ],
        [
          120,
          358
        ],
        [
          108,
          358
        ],
        [
          96,
          358
        ],
        [
          83,
          358
        ],
        [
          71,
          356
        ],
        [
          59,
          356
        ],
        [
          47,
          354
        ],
        [
          41,
          351
        ],
        [
          35,
          348
        ],
        [
          23,
          342
        ],
        [
          19,
          338
        ],
        [
          11,
          332
        ],
        [
          0,
          325
        ]
      ]
    }
  ]
}