{
  "image": {
    "path": "N63E016_1273.png",
    "size": {
      "height": 512,
      "width": 512
    }
  },
  "labels": [
    {
      "elevation": 325,
      "elevation_bbox_pixels": [
        160.40492372552723,
        418.8291823849624,
        42.454469071811104,
        26.14702416964215
      ],
      "contour_line_pixels": [
        [
          0,
          413
        ],
        [
          19,
          413
        ],
        [
          61,
          431
        ],
        [
          72,
          440
        ],
        [
          103,
          464
        ],
        [
          115,
          476
        ],
        [
          146,
          509
        ],
        [
          150,
          512
        ]
      ]
    },
    {
      "elevation": 300,
      "elevation_bbox_pixels": [
        264.48122046592556,
        449.79269768108594,
        50.63076886112515,
        30.48409130895553
      ],
      "contour_line_pixels": [
        [
          0,
          345
        ],
        [
          19,
          348
        ],
        [
          61,
          360
        ],
        [
          73,
          366
        ],
        [
          103,
          377
        ],
        [
          146,
          396
        ],
        [
          167,
          403
        ],
        [
          188,
          414
        ],
        [
          231,
          434
        ],
        [
          259,
          440
        ],
        [
          273,
          444
        ],
        [
          315,
          458
        ],
        [
          358,
          468
        ],
        [
          379,
          476
        ],
        [
          400,
          484
        ],
        [
          443,
          492
        ],
        [
          485,
          507
        ],
        [
          500,
          512
        ]
      ]
    },
    {
      "elevation": 275,
      "elevation_bbox_pixels": [
        196.76797908993694,
        331.5434700035862,
        51.07122523335693,
        26.139990348480808
      ],
      "contour_line_pixels": [
        [
          0,
          271
        ],
        [
          19,
          274
        ],
        [
          61,
          284
        ],
        [
          77,
          292
        ],
        [
          103,
          309
        ],
        [
          135,
          329
        ],
        [
          146,
          335
        ],
        [
          188,
          354
        ],
        [
          222,
          366
        ],
        [
          231,
          368
        ],
        [
          273,
          382
        ],
        [
          315,
          400
        ],
        [
          330,
          403
        ],
        [
          358,
          408
        ],
        [
          400,
          426
        ],
        [
          443,
          440
        ],
        [
          443,
          440
        ],
        [
          485,
          455
        ],
        [
          512,
          463
        ]
      ]
    },
    {
      "elevation": 250,
      "elevation_bbox_pixels": [
        236.6447944226345,
        286.5800488333633,
        59.53927389282808,
        30.791775225951085
      ],
      "contour_line_pixels": [
        [
          0,
          55
        ],
        [
          19,
          71
        ],
        [
          19,
          71
        ],
        [
          61,
          108
        ],
        [
          61,
          108
        ],
        [
          89,
          145
        ],
        [
          103,
          163
        ],
        [
          111,
          182
        ],
        [
          146,
          218
        ],
        [
          146,
          219
        ],
        [
          188,
          250
        ],
        [
          195,
          255
        ],
        [
          231,
          274
        ],
        [
          261,
          292
        ],
        [
          273,
          298
        ],
        [
          315,
          313
        ],
        [
          352,
          329
        ],
        [
          358,
          332
        ],
        [
          400,
          349
        ],
        [
          443,
          366
        ],
        [
          443,
          366
        ],
        [
          485,
          383
        ],
        [
          512,
          391
        ]
      ]
    }
  ]
}