{
  "image": {
    "path": "N63E016_0412.png",
    "size": {
      "height": 512,
      "width": 512
    }
  },
  "labels": [
    {
      "elevation": 300,
      "elevation_bbox_pixels": [
        197.97236896805097,
        396.5398415540376,
        51.042034119140965,
        28.76125614782177
      ],
      "contour_line_pixels": [
        [
          124,
          421
        ],
        [
          139,
          412
        ],
        [
          124,
          408
        ],
        [
          108,
          412
        ],
        [
          124,
          421
        ]
      ]
    },
    {
      "elevation": 400,
      "elevation_bbox_pixels": [
        299.11244683347815,
        119.0755725823808,
        47.09430651822947,
        27.137872710917236
      ],
      "contour_line_pixels": [
        [
          512,
          136
        ],
        [
          512,
          136
        ],
        [
          511,
          136
        ],
        [
          496,
          127
        ],
        [
          496,
          127
        ],
        [
          496,
          127
        ],
        [
          512,
          127
        ],
        [
          512,
          126
        ]
      ]
    },
    {
      "elevation": 375,
      "elevation_bbox_pixels": [
        208.6795857295234,
        182.32152051111302,
        37.944796142834775,
        21.432304738218136
      ],
      "contour_line_pixels": [
        [
          512,
          336
        ],
        [
          512,
          336
        ],
        [
          496,
          329
        ],
        [
          496,
          329
        ],
        [
          481,
          325
        ],
        [
          465,
          322
        ],
        [
          457,
          320
        ],
        [
          450,
          318
        ],
        [
          434,
          313
        ],
        [
          426,
          311
        ],
        [
          419,
          308
        ],
        [
          403,
          302
        ],
        [
          403,
          302
        ],
        [
          393,
          293
        ],
        [
          387,
          284
        ],
        [
          387,
          283
        ],
        [
          376,
          274
        ],
        [
          372,
          270
        ],
        [
          364,
          265
        ],
        [
          356,
          262
        ],
        [
          341,
          256
        ],
        [
          341,
          256
        ],
        [
          325,
          251
        ],
        [
          310,
          247
        ],
        [
          310,
          247
        ],
        [
          294,
          237
        ],
        [
          294,
          237
        ],
        [
          279,
          233
        ],
        [
          263,
          228
        ],
        [
          263,
          228
        ],
        [
          248,
          224
        ],
        [
          232,
          222
        ],
        [
          217,
          219
        ],
        [
          217,
          219
        ],
        [
          201,
          214
        ],
        [
          186,
          210
        ],
        [
          186,
          210
        ],
        [
          170,
          204
        ],
        [
          162,
          200
        ],
        [
          155,
          196
        ],
        [
          147,
          191
        ],
        [
          139,
          187
        ],
        [
          124,
          182
        ],
        [
          123,
          182
        ],
        [
          108,
          173
        ],
        [
          108,
          173
        ],
        [
          93,
          168
        ],
        [
          77,
          164
        ],
        [
          77,
          164
        ],
        [
          62,
          161
        ],
        [
          46,
          161
        ],
        [
          31,
          158
        ],
        [
          23,
          154
        ],
        [
          15,
          151
        ],
        [
          0,
          151
        ]
      ]
    },
    {
      "elevation": 350,
      "elevation_bbox_pixels": [
        188.7398056723717,
        252.1412927919368,
        60.661095103403,
        35.93044693952933
      ],
      "contour_line_pixels": [
        [
          512,
          410
        ],
        [
          512,
          410
        ],
        [
          496,
          403
        ],
        [
          496,
          403
        ],
        [
          481,
          397
        ],
        [
          473,
          394
        ],
        [
          465,
          391
        ],
        [
          455,
          385
        ],
        [
          450,
          382
        ],
        [
          439,
          375
        ],
        [
          434,
          372
        ],
        [
          419,
          366
        ],
        [
          418,
          366
        ],
        [
          403,
          362
        ],
        [
          393,
          357
        ],
        [
          387,
          355
        ],
        [
          372,
          352
        ],
        [
          356,
          348
        ],
        [
          356,
          348
        ],
        [
          341,
          343
        ],
        [
          325,
          339
        ],
        [
          325,
          339
        ],
        [
          310,
          332
        ],
        [
          305,
          329
        ],
        [
          294,
          323
        ],
        [
          289,
          320
        ],
        [
          279,
          311
        ],
        [
          279,
          311
        ],
        [
          263,
          302
        ],
        [
          263,
          302
        ],
        [
          248,
          297
        ],
        [
          232,
          297
        ],
        [
          217,
          295
        ],
        [
          201,
          293
        ],
        [
          201,
          293
        ],
        [
          186,
          286
        ],
        [
          170,
          283
        ],
        [
          170,
          283
        ],
        [
          155,
          279
        ],
        [
          139,
          274
        ],
        [
          139,
          274
        ],
        [
          124,
          272
        ],
        [
          108,
          267
        ],
        [
          103,
          265
        ],
        [
          93,
          262
        ],
        [
          77,
          258
        ],
        [
          72,
          256
        ],
        [
          62,
          252
        ],
        [
          46,
          248
        ],
        [
          41,
          247
        ],
        [
          31,
          243
        ],
        [
          15,
          237
        ],
        [
          15,
          237
        ],
        [
          0,
          233
        ]
      ]
    },
    {
      "elevation": 300,
      "elevation_bbox_pixels": [
        229.25505355327448,
        458.81739082030117,
        58.354105626707906,
        35.952279031861465
      ],