{
  "image": {
    "path": "N63E016_0417.png",
    "size": {
      "height": 512,
      "width": 512
    }
  },
  "labels": [
    {
      "elevation": 450,
      "elevation_bbox_pixels": [
        321.52684835166576,
        467.4607168659982,
        54.640462307617554,
        32.25199458832948
      ],
      "contour_line_pixels": [
        [
          493,
          512
        ],
        [
          493,
          503
        ],
        [
          502,
          484
        ],
        [
          502,
          484
        ],
        [
          512,
          477
        ]
      ]
    },
    {
      "elevation": 425,
      "elevation_bbox_pixels": [
        284.0714607392927,
        348.86838918844825,
        54.23975590827865,
        33.86655635033492
      ],
      "contour_line_pixels": []
    },
    {
      "elevation": 400,
      "elevation_bbox_pixels": [
        241.58235853055052,
        302.5472659679322,
        31.758117210056554,
        18.455621259527902
      ],
      "contour_line_pixels": []
    },
    {
      "elevation": 375,
      "elevation_bbox_pixels": [
        235.84150920589894,
        123.3492774017555,
        32.82990308595174,
        20.44456945882564
      ],
      "contour_line_pixels": [
        [
          285,
          512
        ],
        [
          279,
          509
        ],
        [
          260,
          503
        ],
        [
          256,
          499
        ],
        [
          247,
          484
        ],
        [
          234,
          472
        ],
        [
          227,
          465
        ],
        [
          212,
          451
        ],
        [
          205,
          447
        ],
        [
          189,
          436
        ],
        [
          180,
          428
        ],
        [
          167,
          416
        ],
        [
          160,
          409
        ],
        [
          156,
          391
        ],
        [
          154,
          372
        ],
        [
          152,
          353
        ],
        [
          149,
          334
        ],
        [
          145,
          316
        ],
        [
          145,
          316
        ],
        [
          145,
          315
        ],
        [
          149,
          297
        ],
        [
          162,
          278
        ],
        [
          167,
          269
        ],
        [
          175,
          260
        ],
        [
          189,
          241
        ],
        [
          184,
          222
        ],
        [
          181,
          203
        ],
        [
          189,
          191
        ],
        [
          195,
          185
        ],
        [
          201,
          166
        ],
        [
          212,
          154
        ],
        [
          217,
          147
        ],
        [
          234,
          139
        ],
        [
          256,
          129
        ],
        [
          256,
          129
        ],
        [
          279,
          115
        ],
        [
          283,
          110
        ],
        [
          301,
          97
        ],
        [
          312,
          91
        ],
        [
          323,
          72
        ],
        [
          301,
          58
        ],
        [
          294,
          54
        ],
        [
          279,
          48
        ],
        [
          261,
          35
        ],
        [
          256,
          17
        ],
        [
          256,
          16
        ],
        [
          243,
          0
        ]
      ]
    },
    {
      "elevation": 350,
      "elevation_bbox_pixels": [
        177.24013980230222,
        445.68473692235705,
        40.83592380456116,
        21.729185225960293
      ],
      "contour_line_pixels": []
    }
  ]
}