{
  "image": {
    "path": "N63E016_1662.png",
    "size": {
      "height": 512,
      "width": 512
    }
  },
  "labels": [
    {
      "elevation": 400,
      "elevation_bbox_pixels": [
        291.61826449597083,
        126.85690095422194,
        33.83850624122539,
        16.06173154046087
      ],
      "contour_line_pixels": [
        [
          512,
          256
        ],
        [
          502,
          255
        ],
        [
          484,
          252
        ],
        [
          465,
          248
        ],
        [
          465,
          248
        ],
        [
          447,
          233
        ],
        [
          429,
          219
        ],
        [
          411,
          205
        ],
        [
          411,
          205
        ],
        [
          393,
          176
        ],
        [
          384,
          162
        ],
        [
          375,
          154
        ],
        [
          357,
          141
        ],
        [
          339,
          134
        ],
        [
          320,
          131
        ],
        [
          302,
          131
        ],
        [
          284,
          130
        ],
        [
          266,
          130
        ],
        [
          248,
          128
        ],
        [
          230,
          122
        ],
        [
          224,
          119
        ],
        [
          212,
          102
        ],
        [
          193,
          85
        ],
        [
          175,
          77
        ],
        [
          175,
          77
        ],
        [
          157,
          34
        ],
        [
          157,
          34
        ],
        [
          147,
          0
        ]
      ]
    },
    {
      "elevation": 375,
      "elevation_bbox_pixels": [
        338.77686537797365,
        276.45345283050756,
        56.46022698234697,
        32.83560030008266
      ],
      "contour_line_pixels": [
        [
          512,
          339
        ],
        [
          502,
          341
        ],
        [
          484,
          341
        ],
        [
          465,
          340
        ],
        [
          447,
          335
        ],
        [
          444,
          333
        ],
        [
          429,
          321
        ],
        [
          411,
          314
        ],
        [
          393,
          307
        ],
        [
          375,
          299
        ],
        [
          361,
          290
        ],
        [
          357,
          283
        ],
        [
          339,
          265
        ],
        [
          324,
          248
        ],
        [
          320,
          239
        ],
        [
          302,
          211
        ],
        [
          293,
          205
        ],
        [
          284,
          202
        ],
        [
          266,
          195
        ],
        [
          248,
          190
        ],
        [
          230,
          187
        ],
        [
          212,
          182
        ],
        [
          193,
          176
        ],
        [
          175,
          171
        ],
        [
          157,
          162
        ],
        [
          157,
          162
        ],
        [
          139,
          136
        ],
        [
          121,
          122
        ],
        [
          118,
          119
        ],
        [
          103,
          96
        ],
        [
          85,
          87
        ],
        [
          66,
          79
        ],
        [
          63,
          77
        ],
        [
          48,
          60
        ],
        [
          30,
          50
        ],
        [
          12,
          34
        ],
        [
          12,
          34
        ],
        [
          12,
          0
        ]
      ]
    },
    {
      "elevation": 375,
      "elevation_bbox_pixels": [
        65.77206537285839,
        468.61073810609616,
        46.37747227176985,
        27.421382128212628
      ],
      "contour_line_pixels": [
        [
          0,
          476
        ],
        [
          12,
          480
        ],
        [
          30,
          486
        ],
        [
          48,
          487
        ],
        [
          66,
          488
        ],
        [
          85,
          489
        ],
        [
          103,
          492
        ],
        [
          121,
          492
        ],
        [
          139,
          494
        ],
        [
          157,
          497
        ],
        [
          175,
          497
        ],
        [
          193,
          497
        ],
        [
          212,
          501
        ],
        [
          214,
          504
        ],
        [
          224,
          512
        ]
      ]
    },
    {
      "elevation": 350,
      "elevation_bbox_pixels": [
        181.0763562059413,
        299.75202989230957,
        47.83963846246968,
        32.42303021201684
      ],
      "contour_line_pixels": [
        [
          0,
          401
        ],
        [
          12,
          404
        ],
        [
          30,
          408
        ],
        [
          48,
          411
        ],
        [
          66,
          411
        ],
        [
          85,
          411
        ],
        [
          103,
          407
        ],
        [
          121,
          406
        ],
        [
          139,
          402
        ],
        [
          157,
          400
        ],
        [
          175,
          397
        ],
        [
          193,
          393
        ],
        [
          212,
          386
        ],
        [
          229,
          376
        ],
        [
          212,
          334
        ],
        [
          211,
          333
        ],
        [
          193,
          291
        ],
        [
          193,
          290
        ],
        [
          175,
          282
        ],
        [
          157,
          269
        ],
        [
          139,
          248
        ],
        [
          139,
          248
        ],
        [
          121,
          229
        ],
        [
          103,
          211
        ],
        [
          98,
          205
        ],
        [
          85,
          189
        ],
        [
          66,
          162
        ],
        [
          66,
          162
        ],
        [
          48,
          143
        ],
        [
          30,
          124
        ],
        [
          27,
          119
        ],
        [
          12,
          108
        ],
        [
          0,
          101
        ]
      ]
    }
  ]
}