{
  "image": {
    "path": "N63E016_0965.png",
    "size": {
      "height": 512,
      "width": 512
    }
  },
  "labels": [
    {
      "elevation": 375,
      "elevation_bbox_pixels": [
        75.00588132271933,
        435.2073381931086,
        51.042034119140936,
        28.76125614782177
      ],
      "contour_line_pixels": [
        [
          0,
          435
        ],
        [
          17,
          443
        ],
        [
          43,
          450
        ],
        [
          65,
          459
        ],
        [
          70,
          464
        ],
        [
          97,
          491
        ],
        [
          105,
          502
        ],
        [
          104,
          512
        ]
      ]
    },
    {
      "elevation": 350,
      "elevation_bbox_pixels": [
        84.38610505689921,
        384.3339240825269,
        47.09430651822949,
        27.137872710917293
      ],
      "contour_line_pixels": [
        [
          0,
          382
        ],
        [
          17,
          387
        ],
        [
          43,
          396
        ],
        [
          70,
          404
        ],
        [
          97,
          413
        ],
        [
          102,
          416
        ],
        [
          123,
          428
        ],
        [
          150,
          445
        ],
        [
          164,
          459
        ],
        [
          176,
          473
        ],
        [
          203,
          498
        ],
        [
          207,
          502
        ],
        [
          207,
          512
        ]
      ]
    },
    {
      "elevation": 325,
      "elevation_bbox_pixels": [
        221.7226644990311,
        410.08108101592484,
        37.944796142834775,
        21.432304738218164
      ],
      "contour_line_pixels": [
        [
          0,
          318
        ],
        [
          17,
          320
        ],
        [
          43,
          330
        ],
        [
          44,
          330
        ],
        [
          70,
          338
        ],
        [
          97,
          345
        ],
        [
          123,
          355
        ],
        [
          150,
          373
        ],
        [
          150,
          373
        ],
        [
          176,
          384
        ],
        [
          203,
          396
        ],
        [
          229,
          416
        ],
        [
          229,
          416
        ],
        [
          256,
          440
        ],
        [
          271,
          459
        ],
        [
          282,
          472
        ],
        [
          306,
          502
        ],
        [
          307,
          512
        ]
      ]
    },
    {
      "elevation": 300,
      "elevation_bbox_pixels": [
        299.40767706399873,
        369.9793237884253,
        60.53818876240223,
        35.90766468016365
      ],
      "contour_line_pixels": [
        [
          0,
          249
        ],
        [
          17,
          249
        ],
        [
          43,
          249
        ],
        [
          70,
          252
        ],
        [
          97,
          256
        ],
        [
          123,
          268
        ],
        [
          150,
          272
        ],
        [
          176,
          287
        ],
        [
          203,
          287
        ],
        [
          203,
          287
        ],
        [
          229,
          294
        ],
        [
          256,
          308
        ],
        [
          282,
          330
        ],
        [
          283,
          330
        ],
        [
          309,
          341
        ],
        [
          335,
          359
        ],
        [
          349,
          373
        ],
        [
          362,
          394
        ],
        [
          375,
          416
        ],
        [
          389,
          427
        ],
        [
          408,
          459
        ],
        [
          415,
          473
        ],
        [
          428,
          502
        ],
        [
          430,
          512
        ]
      ]
    },
    {
      "elevation": 275,
      "elevation_bbox_pixels": [
        258.27451733684705,
        45.39119275511996,
        50.238538064554746,
        30.61783383801935
      ],
      "contour_line_pixels": [
        [
          111,
          0
        ],
        [
          123,
          7
        ],
        [
          150,
          12
        ],
        [
          176,
          22
        ],
        [
          194,
          28
        ],
        [
          203,
          35
        ],
        [
          229,
          43
        ],
        [
          256,
          52
        ],
        [
          282,
          58
        ],
        [
          309,
          64
        ],
        [
          329,
          71
        ],
        [
          335,
          77
        ],
        [
          362,
          93
        ],
        [
          389,
          99
        ],
        [
          415,
          105
        ],
        [
          433,
          114
        ],
        [
          442,
          125
        ],
        [
          468,
          140
        ],
        [
          490,
          158
        ],
        [
          495,
          164
        ],
        [
          512,
          178
        ]
      ]
    },
    {
      "elevation": 250,
      "elevation_bbox_pixels": [
        330.0284524669718,
        4.266505376346345,
        58.231429282280374,
        35.92828914820416
      ],
      "contour_line_pixels": [
        [
          326,
          0
        ],
        [
          335,
          3
        ],
        [
          362,
          8
        ],
        [
          389,
          18
        ],
        [
          415,
          28
        ],
        [
          415,
          28
        ],
        [
          442,
          42
        ],
        [
          468,
          57
        ],
        [
          483,
          71
        ],
        [
          495,
          80
        ],
        [
          512,
          92
        ]
      ]
    }
  ]
}