{
  "image": {
    "path": "N63E016_0214.png",
    "size": {
      "height": 512,
      "width": 512
    }
  },
  "labels": [
    {
      "elevation": 275,
      "elevation_bbox_pixels": [
        1.6776985136226124,
        447.2682052315171,
        41.88951084480763,
        19.586705598057222
      ],
      "contour_line_pixels": [
        [
          0,
          425
        ],
        [
          30,
          487
        ],
        [
          37,
          500
        ],
        [
          40,
          512
        ]
      ]
    },
    {
      "elevation": 150,
      "elevation_bbox_pixels": [
        302.2064176039396,
        140.3235429987967,
        53.011446176451045,
        28.337547947335224
      ],
      "contour_line_pixels": [
        [
          452,
          512
        ],
        [
          446,
          500
        ],
        [
          446,
          389
        ],
        [
          445,
          388
        ],
        [
          393,
          333
        ],
        [
          367,
          278
        ],
        [
          342,
          166
        ],
        [
          341,
          166
        ],
        [
          289,
          110
        ],
        [
          238,
          83
        ],
        [
          203,
          55
        ],
        [
          186,
          45
        ],
        [
          134,
          8
        ],
        [
          126,
          0
        ]
      ]
    },
    {
      "elevation": 175,
      "elevation_bbox_pixels": [
        111.14547849739482,
        231.8238249343143,
        35.389986918269656,
        18.522732925364153
      ],
      "contour_line_pixels": [
        [
          0,
          76
        ],
        [
          30,
          113
        ],
        [
          82,
          160
        ],
        [
          86,
          166
        ],
        [
          134,
          258
        ],
        [
          144,
          278
        ],
        [
          186,
          367
        ],
        [
          195,
          389
        ],
        [
          215,
          500
        ],
        [
          219,
          512
        ]
      ]
    },
    {
      "elevation": 200,
      "elevation_bbox_pixels": [
        61.30811199026209,
        285.03202999900043,
        60.126029035457805,
        33.012361959462226
      ],
      "contour_line_pixels": [
        [
          0,
          186
        ],
        [
          30,
          214
        ],
        [
          75,
          278
        ],
        [
          82,
          292
        ],
        [
          127,
          389
        ],
        [
          134,
          405
        ],
        [
          159,
          500
        ],
        [
          162,
          512
        ]
      ]
    },
    {
      "elevation": 225,
      "elevation_bbox_pixels": [
        71.00925946830607,
        421.56851287419784,
        44.814517655152386,
        24.354250627553682
      ],
      "contour_line_pixels": [
        [
          0,
          264
        ],
        [
          14,
          278
        ],
        [
          30,
          307
        ],
        [
          69,
          389
        ],
        [
          82,
          418
        ],
        [
          117,
          500
        ],
        [
          121,
          512
        ]
      ]
    },
    {
      "elevation": 250,
      "elevation_bbox_pixels": [
        16.06629801368503,
        413.41421977956986,
        47.28860081659306,
        23.99762021069938
      ],
      "contour_line_pixels": [
        [
          0,
          358
        ],
        [
          16,
          389
        ],
        [
          30,
          419
        ],
        [
          68,
          500
        ],
        [
          72,
          512
        ]
      ]
    }
  ]
}