{
  "image": {
    "path": "N63E016_0622.png",
    "size": {
      "height": 512,
      "width": 512
    }
  },
  "labels": [
    {
      "elevation": 300,
      "elevation_bbox_pixels": [
        280.52917966482744,
        42.29743174186109,
        30.43960646882556,
        19.134939115454586
      ],
      "contour_line_pixels": [
        [
          512,
          118
        ],
        [
          506,
          117
        ],
        [
          470,
          107
        ],
        [
          433,
          98
        ],
        [
          415,
          92
        ],
        [
          397,
          84
        ],
        [
          361,
          77
        ],
        [
          349,
          61
        ],
        [
          361,
          51
        ],
        [
          397,
          31
        ],
        [
          397,
          31
        ],
        [
          433,
          18
        ],
        [
          469,
          0
        ],
        [
          470,
          0
        ],
        [
          470,
          0
        ]
      ]
    },
    {
      "elevation": 400,
      "elevation_bbox_pixels": [
        162.94298463504288,
        486.2335383435785,
        55.038055339763105,
        33.07066236528019
      ],
      "contour_line_pixels": [
        [
          95,
          512
        ],
        [
          71,
          492
        ],
        [
          59,
          512
        ]
      ]
    },
    {
      "elevation": 375,
      "elevation_bbox_pixels": [
        242.12988570744568,
        372.55101675183096,
        45.77578004219242,
        21.21988005998439
      ],
      "contour_line_pixels": [
        [
          0,
          332
        ],
        [
          35,
          338
        ],
        [
          35,
          338
        ],
        [
          71,
          349
        ],
        [
          107,
          354
        ],
        [
          144,
          361
        ],
        [
          180,
          366
        ],
        [
          192,
          368
        ],
        [
          216,
          376
        ],
        [
          252,
          382
        ],
        [
          289,
          384
        ],
        [
          325,
          381
        ],
        [
          361,
          373
        ],
        [
          397,
          373
        ],
        [
          433,
          382
        ],
        [
          470,
          394
        ],
        [
          478,
          399
        ],
        [
          494,
          430
        ],
        [
          497,
          460
        ],
        [
          506,
          467
        ],
        [
          512,
          476
        ]
      ]
    },
    {
      "elevation": 350,
      "elevation_bbox_pixels": [
        229.4121433755892,
        301.60590583913176,
        42.82140620790017,
        26.062082099948782
      ],
      "contour_line_pixels": [
        [
          0,
          285
        ],
        [
          35,
          288
        ],
        [
          71,
          293
        ],
        [
          107,
          299
        ],
        [
          144,
          305
        ],
        [
          162,
          307
        ],
        [
          180,
          310
        ],
        [
          216,
          313
        ],
        [
          252,
          315
        ],
        [
          289,
          317
        ],
        [
          325,
          316
        ],
        [
          361,
          318
        ],
        [
          397,
          319
        ],
        [
          433,
          321
        ],
        [
          470,
          325
        ],
        [
          506,
          334
        ],
        [
          512,
          336
        ]
      ]
    },
    {
      "elevation": 325,
      "elevation_bbox_pixels": [
        252.4240499509618,
        264.50750984016486,
        39.36976268002698,
        23.311020439534275
      ],
      "contour_line_pixels": [
        [
          0,
          241
        ],
        [
          17,
          246
        ],
        [
          35,
          248
        ],
        [
          71,
          254
        ],
        [
          107,
          258
        ],
        [
          144,
          263
        ],
        [
          180,
          268
        ],
        [
          216,
          272
        ],
        [
          252,
          275
        ],
        [
          289,
          276
        ],
        [
          325,
          276
        ],
        [
          326,
          276
        ],
        [
          361,
          278
        ],
        [
          397,
          279
        ],
        [
          433,
          283
        ],
        [
          470,
          287
        ],
        [
          506,
          293
        ],
        [
          512,
          294
        ]
      ]
    },
    {
      "elevation": 300,
      "elevation_bbox_pixels": [
        224.81406681275527,
        107.21161431860048,
        38.824840870898726,
        21.83634340122603
      ],
      "contour_line_pixels": [
        [
          0,
          113
        ],
        [
          35,
          113
        ],
        [
          71,
          118
        ],
        [
          107,
          118
        ],
        [
          144,
          118
        ],
        [
          180,
          118
        ],
        [
          216,
          117
        ],
        [
          252,
          123
        ],
        [
          253,
          123
        ],
        [
          252,
          123
        ],
        [
          216,
          138
        ],
        [
          181,
          153
        ],
        [
          180,
          154
        ],
        [
          144,
          154
        ],
        [
          107,
          169
        ],
        [
          72,
          184
        ],
        [
          107,
          199
        ],
        [
          119,
          215
        ],
        [
          144,
          220
        ],
        [
          180,
          224
        ],
        [
          216,
          230
        ],
        [
          252,
          235
        ],
        [
          289,
          239
        ],
        [
          325,
          242
        ],
        [
          361,
          245
        ],
        [
          361,
          246
        ],
        [
          397,
          249
        ],
        [
          433,
          253
        ],
        [
          470,
          255
        ],
        [
          506,
          259
        ],
        [
          512,
          260
        ]
      ]
    },
    {
      "elevation": 275,
      "elevation_bbox_pixels": [
        192.21464509683187,
        0.36147549694874215,
        53.97529202832857,
        29.278140873787834
      ],
      "contour_line_pixels": [
        [
          0,
          47
        ],
        [
          35,
          47
        ],
        [
          71,
          42
        ],
        [
          93,
          31
        ],
        [
          107,
          26
        ],
        [
          144,
          18
        ],
        [
          180,
          11
        ],
        [
          216,
          3
        ],
        [
          228,
          0
        ],
        [
          229,
          0
        ]
      ]
    }
  ]
}