{
  "image": {
    "path": "N63E016_0976.png",
    "size": {
      "height": 512,
      "width": 512
    }
  },
  "labels": [
    {
      "elevation": 350,
      "elevation_bbox_pixels": [
        334.7803189139067,
        174.65977696222575,
        58.3591417530007,
        34.851710594299334
      ],
      "contour_line_pixels": [
        [
          512,
          208
        ],
        [
          510,
          207
        ],
        [
          501,
          206
        ],
        [
          501,
          206
        ],
        [
          493,
          203
        ],
        [
          484,
          202
        ],
        [
          477,
          197
        ],
        [
          475,
          195
        ],
        [
          466,
          188
        ],
        [
          465,
          187
        ],
        [
          466,
          186
        ],
        [
          475,
          181
        ],
        [
          481,
          177
        ],
        [
          484,
          174
        ],
        [
          493,
          173
        ],
        [
          501,
          172
        ],
        [
          510,
          171
        ],
        [
          512,
          171
        ]
      ]
    },
    {
      "elevation": 350,
      "elevation_bbox_pixels": [
        285.97636940693246,
        442.94101485348375,
        57.25557405683685,
        35.75354690860821
      ],
      "contour_line_pixels": [
        [
          327,
          463
        ],
        [
          324,
          462
        ],
        [
          318,
          455
        ],
        [
          317,
          452
        ],
        [
          314,
          442
        ],
        [
          312,
          432
        ],
        [
          318,
          424
        ],
        [
          327,
          423
        ],
        [
          335,
          427
        ],
        [
          344,
          430
        ],
        [
          348,
          432
        ],
        [
          353,
          435
        ],
        [
          362,
          436
        ],
        [
          370,
          439
        ],
        [
          374,
          442
        ],
        [
          376,
          452
        ],
        [
          373,
          462
        ],
        [
          370,
          464
        ],
        [
          362,
          467
        ],
        [
          353,
          467
        ],
        [
          344,
          466
        ],
        [
          335,
          464
        ],
        [
          327,
          463
        ]
      ]
    },
    {
      "elevation": 325,
      "elevation_bbox_pixels": [
        339.98596382758626,
        318.7627939739838,
        54.802177631431505,
        28.797542365106608
      ],
      "contour_line_pixels": []
    },
    {
      "elevation": 300,
      "elevation_bbox_pixels": [
        303.631179465057,
        273.24418468582394,
        38.00957059408461,
        21.56846538381751
      ],
      "contour_line_pixels": [
        [
          512,
          480
        ],
        [
          510,
          482
        ],
        [
          510,
          491
        ],
        [
          510,
          501
        ],
        [
          510,
          501
        ],
        [
          501,
          502
        ],
        [
          493,
          502
        ],
        [
          484,
          501
        ],
        [
          475,
          501
        ],
        [
          475,
          501
        ],
        [
          466,
          496
        ],
        [
          458,
          493
        ],
        [
          453,
          491
        ],
        [
          449,
          490
        ],
        [
          440,
          486
        ],
        [
          432,
          485
        ],
        [
          423,
          485
        ],
        [
          414,
          484
        ],
        [
          405,
          484
        ],
        [
          397,
          485
        ],
        [
          388,
          487
        ],
        [
          379,
          489
        ],
        [
          370,
          489
        ],
        [
          362,
          488
        ],
        [
          353,
          488
        ],
        [
          344,
          488
        ],
        [
          335,
          489
        ],
        [
          327,
          491
        ],
        [
          318,
          491
        ],
        [
          309,
          490
        ],
        [
          300,
          488
        ],
        [
          292,
          486
        ],
        [
          283,
          483
        ],
        [
          278,
          482
        ],
        [
          274,
          480
        ],
        [
          265,
          477
        ],
        [
          257,
          474
        ],
        [
          249,
          472
        ],
        [
          248,
          471
        ],
        [
          243,
          462
        ],
        [
          239,
          456
        ],
        [
          236,
          452
        ],
        [
          230,
          446
        ],
        [
          227,
          442
        ],
        [
          227,
          432
        ],
        [
          222,
          427
        ],
        [
          218,
          423
        ],
        [
          217,
          413
        ],
        [
          216,
          403
        ],
        [
          216,
          393
        ],
        [
          214,
          383
        ],
        [
          213,
          378
        ],
        [
          212,
          373
        ],
        [
          213,
          372
        ],
        [
          222,
          366
        ],
        [
          230,
          364
        ],
        [
          230,
          364
        ],
        [
          239,
          361
        ],
        [
          248,
          359
        ],
        [
          257,
          354
        ],
        [
          257,
          354
        ],
        [
          262,
          344
        ],
        [
          265,
          342
        ],
        [
          274,
          334
        ],
        [
          274,
          334
        ],
        [
          283,
          330
        ],
        [
          292,
          324
        ],
        [
          292,
          324
        ],
        [
          300,
          320
        ],
        [
          307,
          314
        ],
        [
          309,
          305
        ],
        [
          309,
          305
        ],
        [
          318,
          295
        ],
        [
          318,
          295
        ],
        [
          327,
          291
        ],
        [
          335,
          285
        ],
        [
          335,
          285
        ],
        [
          344,
          284
        ],
        [
          353,
          281
        ],
        [
          362,
          281
        ],
        [
          370,
          283
        ],
        [
          379,
          285
        ],
        [
          388,
          285
        ],
        [
          397,
          280
        ],
        [
          405,
          281
        ],
        [
          414,
          281
        ],
        [
          423,
          280
        ],
        [
          432,
          280
        ],
        [
          440,
          280
        ],
        [
          449,
          278
        ],
        [
          458,
          275
        ],
        [
          452,
          265
        ],
        [
          452,
          256
        ],
        [
          449,
          251
        ],
        [
          445,
          246
        ],
        [
          442,
          236
        ],
        [
          440,
          234
        ],
        [
          432,
          232
        ],
        [
          423,
          229
