{
  "image": {
    "path": "N63E016_0115.png",
    "size": {
      "height": 512,
      "width": 512
    }
  },
  "labels": [
    {
      "elevation": 350,
      "elevation_bbox_pixels": [
        80.73949438442763,
        30.575987240899394,
        55.644313050286215,
        30.04471534440472
      ],
      "contour_line_pixels": []
    },
    {
      "elevation": 275,
      "elevation_bbox_pixels": [
        378.5473731130884,
        75.2507525217568,
        58.02162637320612,
        34.885668470833934
      ],
      "contour_line_pixels": [
        [
          512,
          125
        ],
        [
          507,
          123
        ],
        [
          504,
          122
        ],
        [
          499,
          111
        ],
        [
          498,
          110
        ],
        [
          490,
          99
        ],
        [
          490,
          99
        ],
        [
          482,
          87
        ],
        [
          482,
          87
        ],
        [
          482,
          87
        ],
        [
          490,
          87
        ],
        [
          498,
          75
        ],
        [
          499,
          75
        ],
        [
          507,
          75
        ],
        [
          512,
          71
        ]
      ]
    },
    {
      "elevation": 325,
      "elevation_bbox_pixels": [
        124.01822702742214,
        104.35165592617523,
        43.37979399386961,
        25.268940612735605
      ],
      "contour_line_pixels": []
    },
    {
      "elevation": 325,
      "elevation_bbox_pixels": [
        61.141654283229016,
        169.82413653418735,
        60.75750359663185,
        36.66179123508118
      ],
      "contour_line_pixels": [
        [
          73,
          240
        ],
        [
          69,
          241
        ],
        [
          61,
          242
        ],
        [
          52,
          241
        ],
        [
          44,
          240
        ],
        [
          42,
          240
        ],
        [
          36,
          236
        ],
        [
          29,
          228
        ],
        [
          28,
          227
        ],
        [
          20,
          221
        ],
        [
          16,
          216
        ],
        [
          12,
          208
        ],
        [
          10,
          205
        ],
        [
          6,
          193
        ],
        [
          6,
          181
        ],
        [
          12,
          172
        ],
        [
          15,
          169
        ],
        [
          20,
          165
        ],
        [
          28,
          163
        ],
        [
          36,
          160
        ],
        [
          44,
          160
        ],
        [
          52,
          164
        ],
        [
          57,
          169
        ],
        [
          61,
          171
        ],
        [
          69,
          177
        ],
        [
          72,
          181
        ],
        [
          77,
          183
        ],
        [
          85,
          184
        ],
        [
          93,
          186
        ],
        [
          100,
          193
        ],
        [
          101,
          194
        ],
        [
          109,
          203
        ],
        [
          111,
          205
        ],
        [
          115,
          216
        ],
        [
          109,
          225
        ],
        [
          107,
          228
        ],
        [
          101,
          235
        ],
        [
          93,
          237
        ],
        [
          85,
          237
        ],
        [
          77,
          238
        ],
        [
          73,
          240
        ]
      ]
    },
    {
      "elevation": 325,
      "elevation_bbox_pixels": [
        266.2293799819006,
        191.56647532330066,
        26.050159235079718,
        14.326442150600542
      ],
      "contour_line_pixels": [
        [
          270,
          228
        ],
        [
          266,
          216
        ],
        [
          269,
          205
        ],
        [
          271,
          203
        ],
        [
          280,
          199
        ],
        [
          288,
          198
        ],
        [
          296,
          199
        ],
        [
          302,
          205
        ],
        [
          304,
          205
        ],
        [
          312,
          209
        ],
        [
          320,
          216
        ],
        [
          320,
          216
        ],
        [
          328,
          226
        ],
        [
          331,
          228
        ],
        [
          328,
          236
        ],
        [
          327,
          240
        ],
        [
          320,
          247
        ],
        [
          312,
          249
        ],
        [
          304,
          250
        ],
        [
          296,
          248
        ],
        [
          288,
          245
        ],
        [
          282,
          240
        ],
        [
          280,
          238
        ],
        [
          271,
          230
        ],
        [
          270,
          228
        ]
      ]
    },
    {
      "elevation": 300,
      "elevation_bbox_pixels": [
        383.4536717114078,
        286.36716186382785,
        43.55274530378313,
        25.96958011669153
      ],
      "contour_line_pixels": [
        [
          482,
          314
        ],
        [
          478,
          311
        ],
        [
          482,
          299
        ],
        [
          490,
          305
        ],
        [
          495,
          311
        ],
        [
          490,
          322
        ],
        [
          482,
          314
        ]
      ]
    },
    {
      "elevation": 325,
      "elevation_bbox_pixels": [
        383.4983208092398,
        324.49315339075747,
        52.10093881551825,
        33.87037627132855
      ],
      "contour_line_pixels": [
        [
          458,
          348
        ],
        [
          456,
          346
        ],
        [
          456,
          334
        ],
        [
          458,
          332
        ],
        [
          466,
          333
        ],
        [
          474,
          334
        ],
        [
          474,
          334
        ],
        [
          482,
          336
        ],
        [
          490,
          342
        ],
        [
          494,
          346
        ],
        [
          490,
          353
        ],
        [
          482,
          355
        ],
        [
          474,
          353
        ],
        [
          466,
          353
        ],
        [
          458,
          348
        ]
      ]
    },
    {
      "elevation": 300,
      "elevation_bbox_pixels": [
        215.85764510464833,
        72.61882038801667,
        54.566620249661355,
        30.197058301358652
      ],
      "contour_line_pixels": []
    },
    {
      "elevation": 300,
      "elevation_bbox_pixels": [
        139.2938821611508,
        401.14446716674826,
        44.97645885589509,
        20.796986222020593
      ],