{
  "image": {
    "path": "N63E016_0443.png",
    "size": {
      "height": 512,
      "width": 512
    }
  },
  "labels": [
    {
      "elevation": 400,
      "elevation_bbox_pixels": [
        120.95006875574323,
        176.63383026793718,
        54.39180603210416,
        32.22610913589358
      ],
      "contour_line_pixels": []
    },
    {
      "elevation": 375,
      "elevation_bbox_pixels": [
        86.26036412518245,
        63.84072466976596,
        54.23975590827861,
        33.86655635033492
      ],
      "contour_line_pixels": []
    },
    {
      "elevation": 350,
      "elevation_bbox_pixels": [
        403.2867830450731,
        396.915598689458,
        31.758117210056525,
        18.455621259527902
      ],
      "contour_line_pixels": []
    },
    {
      "elevation": 350,
      "elevation_bbox_pixels": [
        219.22788423154128,
        433.40150373679865,
        32.82990308595174,
        20.444569458825583
      ],
      "contour_line_pixels": [
        [
          0,
          0
        ],
        [
          3,
          1
        ],
        [
          11,
          8
        ],
        [
          21,
          14
        ],
        [
          40,
          24
        ],
        [
          58,
          25
        ],
        [
          77,
          29
        ],
        [
          95,
          39
        ],
        [
          95,
          39
        ],
        [
          113,
          44
        ],
        [
          132,
          49
        ],
        [
          150,
          51
        ],
        [
          168,
          55
        ],
        [
          187,
          61
        ],
        [
          201,
          70
        ],
        [
          205,
          72
        ],
        [
          223,
          82
        ],
        [
          242,
          93
        ],
        [
          252,
          101
        ],
        [
          260,
          110
        ],
        [
          279,
          125
        ],
        [
          291,
          132
        ],
        [
          297,
          140
        ],
        [
          311,
          163
        ],
        [
          315,
          193
        ],
        [
          315,
          194
        ],
        [
          321,
          225
        ],
        [
          334,
          255
        ],
        [
          334,
          256
        ],
        [
          334,
          256
        ],
        [
          331,
          287
        ],
        [
          323,
          317
        ],
        [
          315,
          331
        ],
        [
          304,
          348
        ],
        [
          297,
          359
        ],
        [
          283,
          379
        ],
        [
          279,
          395
        ],
        [
          272,
          410
        ],
        [
          260,
          428
        ],
        [
          242,
          441
        ],
        [
          242,
          441
        ],
        [
          223,
          445
        ],
        [
          205,
          445
        ],
        [
          187,
          447
        ],
        [
          168,
          448
        ],
        [
          150,
          449
        ],
        [
          132,
          450
        ],
        [
          113,
          452
        ],
        [
          95,
          447
        ],
        [
          77,
          441
        ],
        [
          58,
          441
        ],
        [
          40,
          441
        ],
        [
          21,
          452
        ],
        [
          3,
          472
        ],
        [
          3,
          472
        ],
        [
          0,
          474
        ]
      ]
    },
    {
      "elevation": 325,
      "elevation_bbox_pixels": [
        249.94759053521113,
        4.394116811660808,
        40.83592380456116,
        21.72918522596035
      ],
      "contour_line_pixels": []
    },
    {
      "elevation": 300,
      "elevation_bbox_pixels": [
        360.3435969756333,
        73.18853589963459,
        35.22926095437742,
        20.92849991049036
      ],
      "contour_line_pixels": [
        [
          476,
          0
        ],
        [
          481,
          7
        ],
        [
          481,
          8
        ],
        [
          481,
          9
        ],
        [
          463,
          39
        ],
        [
          462,
          39
        ],
        [
          444,
          39
        ],
        [
          425,
          39
        ],
        [
          425,
          39
        ],
        [
          407,
          37
        ],
        [
          389,
          39
        ],
        [
          398,
          70
        ],
        [
          407,
          74
        ],
        [
          425,
          91
        ],
        [
          435,
          101
        ],
        [
          444,
          116
        ],
        [
          450,
          132
        ],
        [
          455,
          163
        ],
        [
          462,
          178
        ],
        [
          474,
          194
        ],
        [
          481,
          197
        ],
        [
          499,
          212
        ],
        [
          511,
          225
        ],
        [
          512,
          225
        ]
      ]
    }
  ]
}