{
  "image": {
    "path": "N63E016_0638.png",
    "size": {
      "height": 512,
      "width": 512
    }
  },
  "labels": [
    {
      "elevation": 200,
      "elevation_bbox_pixels": [
        225.6487533834458,
        280.42387953575013,
        37.11374458783814,
        22.735120867616274
      ],
      "contour_line_pixels": [
        [
          269,
          415
        ],
        [
          269,
          414
        ],
        [
          258,
          379
        ],
        [
          257,
          378
        ],
        [
          257,
          342
        ],
        [
          246,
          307
        ],
        [
          235,
          307
        ],
        [
          235,
          306
        ],
        [
          224,
          271
        ],
        [
          224,
          271
        ],
        [
          224,
          235
        ],
        [
          224,
          235
        ],
        [
          235,
          233
        ],
        [
          246,
          233
        ],
        [
          250,
          235
        ],
        [
          258,
          259
        ],
        [
          261,
          271
        ],
        [
          269,
          295
        ],
        [
          273,
          306
        ],
        [
          280,
          330
        ],
        [
          286,
          342
        ],
        [
          281,
          378
        ],
        [
          280,
          414
        ],
        [
          280,
          414
        ],
        [
          269,
          415
        ]
      ]
    },
    {
      "elevation": 250,
      "elevation_bbox_pixels": [
        32.21362453165436,
        341.67333150703536,
        49.44858927863939,
        26.616697584240114
      ],
      "contour_line_pixels": [
        [
          35,
          512
        ],
        [
          43,
          493
        ],
        [
          45,
          486
        ],
        [
          47,
          450
        ],
        [
          54,
          414
        ],
        [
          54,
          413
        ],
        [
          60,
          378
        ],
        [
          66,
          371
        ],
        [
          77,
          358
        ],
        [
          88,
          350
        ],
        [
          100,
          346
        ],
        [
          111,
          354
        ],
        [
          122,
          361
        ],
        [
          131,
          378
        ],
        [
          133,
          387
        ],
        [
          145,
          401
        ],
        [
          152,
          414
        ],
        [
          156,
          436
        ],
        [
          159,
          450
        ],
        [
          156,
          474
        ],
        [
          154,
          486
        ],
        [
          151,
          512
        ]
      ]
    },
    {
      "elevation": 225,
      "elevation_bbox_pixels": [
        116.08558980784122,
        298.77542380578694,
        34.169915514975344,
        23.248453587575455
      ],
      "contour_line_pixels": [
        [
          0,
          286
        ],
        [
          9,
          275
        ],
        [
          15,
          271
        ],
        [
          21,
          268
        ],
        [
          32,
          260
        ],
        [
          43,
          255
        ],
        [
          54,
          253
        ],
        [
          66,
          255
        ],
        [
          77,
          270
        ],
        [
          77,
          271
        ],
        [
          88,
          278
        ],
        [
          100,
          283
        ],
        [
          111,
          298
        ],
        [
          117,
          306
        ],
        [
          122,
          315
        ],
        [
          133,
          335
        ],
        [
          138,
          342
        ],
        [
          145,
          355
        ],
        [
          156,
          370
        ],
        [
          160,
          378
        ],
        [
          167,
          393
        ],
        [
          179,
          414
        ],
        [
          179,
          414
        ],
        [
          189,
          450
        ],
        [
          190,
          456
        ],
        [
          197,
          486
        ],
        [
          198,
          512
        ]
      ]
    },
    {
      "elevation": 125,
      "elevation_bbox_pixels": [
        389.3312871074884,
        265.13067525791485,
        42.78882333915726,
        22.010362799213965
      ],
      "contour_line_pixels": [
        [
          332,
          0
        ],
        [
          337,
          19
        ],
        [
          337,
          19
        ],
        [
          345,
          55
        ],
        [
          348,
          67
        ],
        [
          352,
          91
        ],
        [
          359,
          127
        ],
        [
          359,
          127
        ],
        [
          370,
          163
        ],
        [
          371,
          166
        ],
        [
          382,
          190
        ],
        [
          385,
          199
        ],
        [
          390,
          235
        ],
        [
          393,
          245
        ],
        [
          401,
          271
        ],
        [
          404,
          278
        ],
        [
          416,
          291
        ],
        [
          427,
          301
        ],
        [
          431,
          306
        ],
        [
          438,
          314
        ],
        [
          450,
          326
        ],
        [
          461,
          338
        ],
        [
          465,
          342
        ],
        [
          472,
          354
        ],
        [
          483,
          374
        ],
        [
          487,
          378
        ],
        [
          492,
          414
        ],
        [
          495,
          426
        ],
        [
          502,
          450
        ],
        [
          506,
          457
        ],
        [
          512,
          466
        ]
      ]
    },
    {
      "elevation": 150,
      "elevation_bbox_pixels": [
        349.9653479213866,
        300.71508854248634,
        58.68735742190995,
        35.9117205041818
      ],