{
  "image": {
    "path": "N63E016_1133.png",
    "size": {
      "height": 512,
      "width": 512
    }
  },
  "labels": [
    {
      "elevation": 300,
      "elevation_bbox_pixels": [
        183.5308755761918,
        -2.584062875397535,
        29.994552031397404,
        15.743756532967154
      ],
      "contour_line_pixels": [
        [
          183,
          0
        ],
        [
          183,
          5
        ],
        [
          182,
          5
        ],
        [
          113,
          5
        ],
        [
          44,
          5
        ],
        [
          0,
          5
        ]
      ]
    },
    {
      "elevation": 325,
      "elevation_bbox_pixels": [
        155.1241871532028,
        445.2997464707113,
        49.84341540567607,
        30.096442825721425
      ],
      "contour_line_pixels": [
        [
          0,
          440
        ],
        [
          38,
          456
        ],
        [
          44,
          460
        ],
        [
          94,
          512
        ]
      ]
    },
    {
      "elevation": 300,
      "elevation_bbox_pixels": [
        218.07809187896495,
        472.77657387669007,
        44.90577624098509,
        23.583210209705086
      ],
      "contour_line_pixels": [
        [
          0,
          373
        ],
        [
          44,
          391
        ],
        [
          70,
          400
        ],
        [
          113,
          416
        ],
        [
          165,
          456
        ],
        [
          182,
          475
        ],
        [
          251,
          497
        ],
        [
          320,
          502
        ],
        [
          353,
          512
        ]
      ]
    },
    {
      "elevation": 275,
      "elevation_bbox_pixels": [
        171.9806099369533,
        91.1278240125452,
        41.364243651113014,
        24.835198772360968
      ],
      "contour_line_pixels": []
    }
  ]
}