{
  "image": {
    "path": "N63E016_1238.png",
    "size": {
      "height": 512,
      "width": 512
    }
  },
  "labels": [
    {
      "elevation": 425,
      "elevation_bbox_pixels": [
        193.66920969313995,
        485.37822763156294,
        27.31644636714958,
        14.209546871014693
      ],
      "contour_line_pixels": []
    },
    {
      "elevation": 375,
      "elevation_bbox_pixels": [
        221.50744146954779,
        415.0557269473013,
        56.78297335673503,
        33.02515834282855
      ],
      "contour_line_pixels": [
        [
          0,
          359
        ],
        [
          26,
          361
        ],
        [
          80,
          365
        ],
        [
          93,
          369
        ],
        [
          134,
          383
        ],
        [
          169,
          392
        ],
        [
          187,
          400
        ],
        [
          210,
          415
        ],
        [
          230,
          439
        ],
        [
          241,
          445
        ],
        [
          259,
          462
        ],
        [
          294,
          477
        ],
        [
          324,
          485
        ],
        [
          348,
          491
        ],
        [
          402,
          501
        ],
        [
          442,
          509
        ],
        [
          455,
          512
        ]
      ]
    },
    {
      "elevation": 350,
      "elevation_bbox_pixels": [
        213.3698760936323,
        341.6671755996382,
        43.25896122453358,
        21.38936091394379
      ],
      "contour_line_pixels": [
        [
          0,
          333
        ],
        [
          26,
          334
        ],
        [
          80,
          335
        ],
        [
          113,
          345
        ],
        [
          134,
          351
        ],
        [
          187,
          357
        ],
        [
          224,
          369
        ],
        [
          241,
          374
        ],
        [
          284,
          392
        ],
        [
          294,
          397
        ],
        [
          339,
          415
        ],
        [
          341,
          439
        ],
        [
          348,
          454
        ],
        [
          354,
          462
        ],
        [
          402,
          471
        ],
        [
          455,
          482
        ],
        [
          471,
          485
        ],
        [
          509,
          493
        ],
        [
          512,
          494
        ]
      ]
    },
    {
      "elevation": 325,
      "elevation_bbox_pixels": [
        225.0139394296994,
        314.2844759211548,
        37.56896573127767,
        19.88281248935533
      ],
      "contour_line_pixels": [
        [
          0,
          305
        ],
        [
          26,
          305
        ],
        [
          80,
          306
        ],
        [
          134,
          311
        ],
        [
          181,
          322
        ],
        [
          187,
          323
        ],
        [
          241,
          333
        ],
        [
          294,
          345
        ],
        [
          295,
          345
        ],
        [
          348,
          368
        ],
        [
          348,
          369
        ],
        [
          375,
          392
        ],
        [
          402,
          404
        ],
        [
          417,
          415
        ],
        [
          434,
          439
        ],
        [
          455,
          446
        ],
        [
          498,
          462
        ],
        [
          509,
          464
        ],
        [
          512,
          465
        ]
      ]
    },
    {
      "elevation": 275,
      "elevation_bbox_pixels": [
        218.96972852022006,
        248.09891619147322,
        45.192685883448604,
        22.481195407257246
      ],
      "contour_line_pixels": [
        [
          0,
          248
        ],
        [
          26,
          248
        ],
        [
          80,
          250
        ],
        [
          107,
          252
        ],
        [
          134,
          254
        ],
        [
          187,
          260
        ],
        [
          241,
          266
        ],
        [
          294,
          270
        ],
        [
          337,
          275
        ],
        [
          348,
          277
        ],
        [
          402,
          291
        ],
        [
          432,
          299
        ],
        [
          455,
          304
        ],
        [
          509,
          322
        ],
        [
          509,
          322
        ],
        [
          512,
          323
        ]
      ]
    },
    {
      "elevation": 225,
      "elevation_bbox_pixels": [
        182.22602930323632,
        145.48247387108546,
        57.89510694235207,
        28.89665696048803
      ],
      "contour_line_pixels": []
    }
  ]
}