{
  "image": {
    "path": "N63E016_0005.png",
    "size": {
      "height": 512,
      "width": 512
    }
  },
  "labels": [
    {
      "elevation": 375,
      "elevation_bbox_pixels": [
        269.7474721079299,
        -5.71760587610504,
        25.553386002351203,
        13.105033389892753
      ],
      "contour_line_pixels": [
        [
          512,
          2
        ],
        [
          509,
          2
        ],
        [
          472,
          1
        ],
        [
          434,
          1
        ],
        [
          433,
          1
        ],
        [
          396,
          1
        ],
        [
          371,
          0
        ]
      ]
    },
    {
      "elevation": 450,
      "elevation_bbox_pixels": [
        215.133194132784,
        187.2338931030107,
        45.38886130326944,
        24.535885541378093
      ],
      "contour_line_pixels": [
        [
          0,
          186
        ],
        [
          19,
          186
        ],
        [
          57,
          186
        ],
        [
          94,
          189
        ],
        [
          132,
          193
        ],
        [
          143,
          195
        ],
        [
          156,
          209
        ],
        [
          132,
          221
        ],
        [
          113,
          223
        ],
        [
          94,
          224
        ],
        [
          57,
          226
        ],
        [
          19,
          229
        ],
        [
          0,
          229
        ]
      ]
    },
    {
      "elevation": 400,
      "elevation_bbox_pixels": [
        239.29760734653246,
        145.16199410281945,
        40.38541871607595,
        22.60902054898702
      ],
      "contour_line_pixels": [
        [
          0,
          153
        ],
        [
          19,
          153
        ],
        [
          57,
          153
        ],
        [
          94,
          153
        ],
        [
          132,
          153
        ],
        [
          170,
          154
        ],
        [
          208,
          154
        ],
        [
          245,
          154
        ],
        [
          246,
          154
        ],
        [
          283,
          157
        ],
        [
          321,
          166
        ],
        [
          346,
          167
        ],
        [
          358,
          169
        ],
        [
          396,
          180
        ],
        [
          399,
          181
        ],
        [
          434,
          194
        ],
        [
          440,
          195
        ],
        [
          472,
          209
        ],
        [
          472,
          209
        ],
        [
          472,
          209
        ],
        [
          440,
          223
        ],
        [
          443,
          237
        ],
        [
          434,
          251
        ],
        [
          434,
          251
        ],
        [
          421,
          264
        ],
        [
          396,
          274
        ],
        [
          384,
          278
        ],
        [
          358,
          288
        ],
        [
          340,
          292
        ],
        [
          321,
          296
        ],
        [
          283,
          305
        ],
        [
          278,
          306
        ],
        [
          245,
          313
        ],
        [
          213,
          320
        ],
        [
          208,
          321
        ],
        [
          170,
          327
        ],
        [
          140,
          334
        ],
        [
          132,
          335
        ],
        [
          94,
          338
        ],
        [
          57,
          345
        ],
        [
          20,
          348
        ],
        [
          19,
          348
        ],
        [
          0,
          348
        ]
      ]
    },
    {
      "elevation": 350,
      "elevation_bbox_pixels": [
        224.3785404818335,
        108.92997344355797,
        52.13854545797244,
        26.78221937584226
      ],
      "contour_line_pixels": []
    },
    {
      "elevation": 375,
      "elevation_bbox_pixels": [
        229.99823245107694,
        332.51053902439975,
        43.866721278146656,
        26.527049508584355
      ],
      "contour_line_pixels": []
    },
    {
      "elevation": 325,
      "elevation_bbox_pixels": [
        209.7332003853391,
        26.568538640704105,
        58.751401067707434,
        30.72136266839857
      ],
      "contour_line_pixels": []
    },
    {
      "elevation": 325,
      "elevation_bbox_pixels": [
        267.6119698169865,
        492.91765238190237,
        59.59140850372091,
        37.68805555423383
      ],
      "contour_line_pixels": [
        [
          502,
          512
        ],
        [
          509,
          511
        ],
        [
          512,
          511
        ]
      ]
    },
    {
      "elevation": 300,
      "elevation_bbox_pixels": [
        257.4840139088487,
        401.4394038109297,
        58.979872876661034,
        31.317299875812182
      ],
      "contour_line_pixels": []
    }
  ]
}