{
  "image": {
    "path": "N63E016_0240.png",
    "size": {
      "height": 512,
      "width": 512
    }
  },
  "labels": [
    {
      "elevation": 350,
      "elevation_bbox_pixels": [
        163.50543265554404,
        297.5703948014615,
        30.43960646882556,
        19.134939115454642
      ],
      "contour_line_pixels": [
        [
          107,
          332
        ],
        [
          107,
          332
        ],
        [
          107,
          332
        ],
        [
          85,
          313
        ],
        [
          62,
          313
        ],
        [
          62,
          313
        ],
        [
          39,
          293
        ],
        [
          39,
          293
        ],
        [
          39,
          293
        ],
        [
          62,
          293
        ],
        [
          62,
          293
        ],
        [
          85,
          312
        ],
        [
          85,
          313
        ],
        [
          107,
          331
        ],
        [
          107,
          332
        ]
      ]
    },
    {
      "elevation": 325,
      "elevation_bbox_pixels": [
        166.9045946104045,
        246.95343406580685,
        55.16091891310634,
        33.0936741523758
      ],
      "contour_line_pixels": [
        [
          0,
          211
        ],
        [
          7,
          216
        ],
        [
          17,
          220
        ],
        [
          39,
          233
        ],
        [
          44,
          235
        ],
        [
          62,
          246
        ],
        [
          79,
          255
        ],
        [
          85,
          258
        ],
        [
          107,
          269
        ],
        [
          119,
          274
        ],
        [
          130,
          280
        ],
        [
          147,
          293
        ],
        [
          153,
          297
        ],
        [
          170,
          313
        ],
        [
          175,
          316
        ],
        [
          198,
          332
        ],
        [
          198,
          332
        ],
        [
          198,
          332
        ],
        [
          175,
          346
        ],
        [
          153,
          348
        ],
        [
          130,
          349
        ],
        [
          107,
          349
        ],
        [
          85,
          348
        ],
        [
          62,
          347
        ],
        [
          39,
          344
        ],
        [
          17,
          337
        ],
        [
          7,
          332
        ],
        [
          0,
          329
        ]
      ]
    },
    {
      "elevation": 325,
      "elevation_bbox_pixels": [
        337.437875572229,
        503.3201032308942,
        33.39246304434914,
        17.34526480965578
      ],
      "contour_line_pixels": [
        [
          510,
          512
        ],
        [
          512,
          512
        ]
      ]
    },
    {
      "elevation": 300,
      "elevation_bbox_pixels": [
        281.4593663177444,
        414.38812078782615,
        45.65082602332291,
        21.216489902412945
      ],
      "contour_line_pixels": [
        [
          308,
          512
        ],
        [
          311,
          506
        ],
        [
          311,
          506
        ],
        [
          334,
          486
        ],
        [
          334,
          486
        ],
        [
          351,
          467
        ],
        [
          349,
          448
        ],
        [
          356,
          432
        ],
        [
          368,
          428
        ],
        [
          379,
          426
        ],
        [
          402,
          419
        ],
        [
          424,
          424
        ],
        [
          447,
          428
        ],
        [
          469,
          428
        ],
        [
          492,
          409
        ],
        [
          492,
          409
        ],
        [
          512,
          398
        ]
      ]
    },
    {
      "elevation": 300,
      "elevation_bbox_pixels": [
        254.7769623124924,
        262.1398856915773,
        42.698557470166406,
        26.03899124380996
      ],
      "contour_line_pixels": []
    },
    {
      "elevation": 275,
      "elevation_bbox_pixels": [
        303.47158260012054,
        271.38997893416456,
        39.49387514265004,
        23.32588975766413
      ],
      "contour_line_pixels": []
    },
    {
      "elevation": 250,
      "elevation_bbox_pixels": [
        317.58285612325835,
        113.14522127754856,
        38.8248408708987,
        21.83634340122603
      ],
      "contour_line_pixels": [
        [
          512,
          86
        ],
        [
          503,
          100
        ],
        [
          492,
          105
        ],
        [
          470,
          119
        ],
        [
          469,
          119
        ],
        [
          456,
          139
        ],
        [
          451,
          158
        ],
        [
          469,
          177
        ],
        [
          470,
          177
        ],
        [
          492,
          196
        ],
        [
          492,
          197
        ],
        [
          496,
          216
        ],
        [
          492,
          226
        ],
        [
          486,
          235
        ],
        [
          492,
          254
        ],
        [
          492,
          255
        ],
        [
          512,
          269
        ]
      ]
    }
  ]
}