{
  "image": {
    "path": "N63E016_1274.png",
    "size": {
      "height": 512,
      "width": 512
    }
  },
  "labels": [
    {
      "elevation": 275,
      "elevation_bbox_pixels": [
        83.04101863591663,
        477.74879760148616,
        59.222149672434455,
        31.96628594039649
      ],
      "contour_line_pixels": [
        [
          0,
          463
        ],
        [
          8,
          468
        ],
        [
          27,
          476
        ],
        [
          31,
          479
        ],
        [
          54,
          493
        ],
        [
          75,
          512
        ]
      ]
    },
    {
      "elevation": 250,
      "elevation_bbox_pixels": [
        109.98806378630314,
        438.12125744569084,
        37.52726322294495,
        22.793277023528447
      ],
      "contour_line_pixels": [
        [
          0,
          391
        ],
        [
          8,
          396
        ],
        [
          17,
          403
        ],
        [
          31,
          413
        ],
        [
          54,
          431
        ],
        [
          62,
          440
        ],
        [
          77,
          449
        ],
        [
          100,
          461
        ],
        [
          123,
          465
        ],
        [
          141,
          476
        ],
        [
          145,
          482
        ],
        [
          168,
          503
        ],
        [
          178,
          512
        ]
      ]
    }
  ]
}