{
  "image": {
    "path": "N63E016_1391.png",
    "size": {
      "height": 512,
      "width": 512
    }
  },
  "labels": [
    {
      "elevation": 200,
      "elevation_bbox_pixels": [
        280.0724551516967,
        129.8187927130786,
        40.48851503832191,
        22.0311327342057
      ],
      "contour_line_pixels": [
        [
          387,
          165
        ],
        [
          405,
          153
        ],
        [
          405,
          140
        ],
        [
          387,
          128
        ],
        [
          368,
          128
        ],
        [
          350,
          140
        ],
        [
          368,
          152
        ],
        [
          369,
          153
        ],
        [
          387,
          165
        ]
      ]
    },
    {
      "elevation": 275,
      "elevation_bbox_pixels": [
        155.6770602930516,
        338.58770406308724,
        63.76293425336979,
        38.88304620204218
      ],
      "contour_line_pixels": [
        [
          0,
          317
        ],
        [
          17,
          326
        ],
        [
          17,
          326
        ],
        [
          36,
          336
        ],
        [
          38,
          339
        ],
        [
          39,
          351
        ],
        [
          36,
          355
        ],
        [
          17,
          361
        ],
        [
          0,
          363
        ]
      ]
    },
    {
      "elevation": 300,
      "elevation_bbox_pixels": [
        249.80684869408637,
        454.91403349670554,
        25.05918207768289,
        15.078990681656194
      ],
      "contour_line_pixels": [
        [
          239,
          512
        ],
        [
          220,
          506
        ],
        [
          202,
          500
        ],
        [
          201,
          500
        ],
        [
          183,
          496
        ],
        [
          165,
          490
        ],
        [
          160,
          487
        ],
        [
          165,
          484
        ],
        [
          183,
          479
        ],
        [
          201,
          475
        ],
        [
          202,
          475
        ],
        [
          220,
          470
        ],
        [
          239,
          467
        ],
        [
          257,
          465
        ],
        [
          275,
          462
        ],
        [
          276,
          462
        ],
        [
          294,
          462
        ],
        [
          295,
          462
        ],
        [
          313,
          472
        ],
        [
          319,
          475
        ],
        [
          331,
          481
        ],
        [
          339,
          487
        ],
        [
          341,
          500
        ],
        [
          338,
          512
        ]
      ]
    },
    {
      "elevation": 275,
      "elevation_bbox_pixels": [
        260.7667811535235,
        425.0491867879731,
        38.82191452307859,
        20.0889207384364
      ],
      "contour_line_pixels": [
        [
          72,
          512
        ],
        [
          65,
          500
        ],
        [
          68,
          487
        ],
        [
          68,
          475
        ],
        [
          68,
          462
        ],
        [
          69,
          450
        ],
        [
          72,
          438
        ],
        [
          72,
          438
        ],
        [
          82,
          425
        ],
        [
          91,
          413
        ],
        [
          91,
          413
        ],
        [
          109,
          404
        ],
        [
          119,
          401
        ],
        [
          128,
          396
        ],
        [
          146,
          394
        ],
        [
          165,
          396
        ],
        [
          183,
          396
        ],
        [
          202,
          396
        ],
        [
          220,
          397
        ],
        [
          239,
          397
        ],
        [
          257,
          400
        ],
        [
          258,
          401
        ],
        [
          276,
          403
        ],
        [
          291,
          413
        ],
        [
          294,
          415
        ],
        [
          313,
          423
        ],
        [
          317,
          425
        ],
        [
          331,
          433
        ],
        [
          344,
          438
        ],
        [
          350,
          440
        ],
        [
          368,
          444
        ],
        [
          387,
          450
        ],
        [
          387,
          450
        ],
        [
          401,
          462
        ],
        [
          405,
          465
        ],
        [
          424,
          473
        ],
        [
          428,
          475
        ],
        [
          442,
          484
        ],
        [
          448,
          487
        ],
        [
          461,
          499
        ],
        [
          461,
          500
        ],
        [
          461,
          512
        ]
      ]
    },
    {
      "elevation": 250,
      "elevation_bbox_pixels": [
        232.7766158693035,
        279.6148612345845,
        40.46668062573269,
        24.663699071799044
      ],
      "contour_line_pixels": [
        [
          0,
          224
        ],
        [
          8,
          227
        ],
        [
          17,
          230
        ],
        [
          36,
          237
        ],
        [
          42,
          239
        ],
        [
          54,
          244
        ],
        [
          72,
          252
        ],
        [
          73,
          252
        ],
        [
          91,
          260
        ],
        [
          97,
          264
        ],
        [
          109,
          272
        ],
        [
          116,
          277
        ],
        [
          128,
          285
        ],
        [
          146,
          289
        ],
        [
          147,
          289
        ],
        [
          165,
          291
        ],
        [
          183,
          289
        ],
        [
          183,
          289
        ],
        [
          202,
          289
        ],
        [
          220,
          289
        ],
        [
          221,
          289
        ],
        [
          239,
          290
        ],
        [
          257,
          295
        ],
        [
          276,
          297
        ],
        [
          285,
          301
        ],
        [
          294,
          306
        ],
        [
          313,
          313
        ],
        [
          317,
          314
        ],
        [
          331,
          321
        ],
        [
          342,
          326
        ],
        [
          350,
          332
        ],
        [
          357,
          339
        ],
        [
          368,
          345
        ],
        [
          379,
          351
        ],
        [
          387,
          354
        ],
        [
          405,
          361
        ],
        [
          410,
          363
        ],
        [
          424,
          371
        ],
        [
          436,
          376
        ],
        [
          442,
          382
        ],
        [
          452,
          388
        ],
        [
          461,
          394
        ],
        [
          470,
          401
        ],
        [
          479,
          404
        ],
        [
          498,
          410
        ],
        [
          504,
          413
        ],
        [
          512,
          417
        ]
      ]
    },
    {
      "elevation": 225,
      "elevation_bbox_pixels": [
        192.9173019823529,
        161.62465519772667,
        39.491112372832504,
        24.279231307789473
      ],