{
  "image": {
    "path": "N63E016_0861.png",
    "size": {
      "height": 512,
      "width": 512
    }
  },
  "labels": [
    {
      "elevation": 350,
      "elevation_bbox_pixels": [
        330.16576546954434,
        58.29004628859491,
        44.37232340109813,
        25.61993092957823
      ],
      "contour_line_pixels": [
        [
          512,
          76
        ],
        [
          499,
          75
        ],
        [
          475,
          71
        ],
        [
          455,
          62
        ],
        [
          451,
          50
        ],
        [
          445,
          39
        ],
        [
          451,
          37
        ],
        [
          475,
          33
        ],
        [
          499,
          31
        ],
        [
          512,
          31
        ]
      ]
    },
    {
      "elevation": 325,
      "elevation_bbox_pixels": [
        241.96965087780495,
        4.561664770925802,
        56.10400039209753,
        31.787387887741602
      ],
      "contour_line_pixels": [
        [
          512,
          106
        ],
        [
          499,
          106
        ],
        [
          475,
          104
        ],
        [
          451,
          99
        ],
        [
          427,
          96
        ],
        [
          402,
          95
        ],
        [
          378,
          93
        ],
        [
          357,
          86
        ],
        [
          354,
          84
        ],
        [
          330,
          80
        ],
        [
          306,
          72
        ],
        [
          281,
          62
        ],
        [
          281,
          62
        ],
        [
          257,
          50
        ],
        [
          245,
          39
        ],
        [
          257,
          33
        ],
        [
          281,
          23
        ],
        [
          305,
          15
        ],
        [
          306,
          15
        ],
        [
          330,
          6
        ],
        [
          354,
          3
        ],
        [
          378,
          1
        ],
        [
          402,
          0
        ]
      ]
    },
    {
      "elevation": 300,
      "elevation_bbox_pixels": [
        222.41975094438288,
        81.55267621879119,
        38.361905563173536,
        24.27078520181351
      ],
      "contour_line_pixels": [
        [
          512,
          123
        ],
        [
          499,
          123
        ],
        [
          475,
          123
        ],
        [
          451,
          120
        ],
        [
          427,
          119
        ],
        [
          402,
          119
        ],
        [
          378,
          118
        ],
        [
          354,
          115
        ],
        [
          330,
          112
        ],
        [
          306,
          111
        ],
        [
          281,
          110
        ],
        [
          281,
          110
        ],
        [
          257,
          106
        ],
        [
          233,
          98
        ],
        [
          209,
          88
        ],
        [
          184,
          86
        ],
        [
          184,
          86
        ],
        [
          160,
          79
        ],
        [
          136,
          70
        ],
        [
          112,
          63
        ],
        [
          88,
          62
        ],
        [
          87,
          62
        ],
        [
          63,
          58
        ],
        [
          39,
          46
        ],
        [
          15,
          42
        ],
        [
          0,
          41
        ]
      ]
    },
    {
      "elevation": 275,
      "elevation_bbox_pixels": [
        277.47567060622777,
        140.4805711819762,
        33.06652394901414,
        20.6516822981705
      ],
      "contour_line_pixels": [
        [
          512,
          154
        ],
        [
          499,
          155
        ],
        [
          475,
          155
        ],
        [
          451,
          152
        ],
        [
          427,
          152
        ],
        [
          402,
          152
        ],
        [
          378,
          151
        ],
        [
          354,
          151
        ],
        [
          330,
          150
        ],
        [
          306,
          153
        ],
        [
          281,
          153
        ],
        [
          257,
          153
        ],
        [
          233,
          152
        ],
        [
          209,
          157
        ],
        [
          209,
          157
        ],
        [
          184,
          165
        ],
        [
          160,
          157
        ],
        [
          160,
          157
        ],
        [
          136,
          145
        ],
        [
          112,
          134
        ],
        [
          111,
          133
        ],
        [
          88,
          122
        ],
        [
          63,
          110
        ],
        [
          63,
          110
        ],
        [
          39,
          102
        ],
        [
          15,
          86
        ],
        [
          14,
          86
        ],
        [
          0,
          84
        ]
      ]
    }
  ]
}