{
  "image": {
    "path": "N63E016_1385.png",
    "size": {
      "height": 512,
      "width": 512
    }
  },
  "labels": [
    {
      "elevation": 400,
      "elevation_bbox_pixels": [
        301.50136681690384,
        5.272124549461466,
        40.48851503832191,
        22.0311327342057
      ],
      "contour_line_pixels": [
        [
          388,
          16
        ],
        [
          388,
          16
        ],
        [
          401,
          5
        ],
        [
          402,
          5
        ],
        [
          415,
          5
        ],
        [
          415,
          5
        ],
        [
          429,
          12
        ],
        [
          432,
          16
        ],
        [
          429,
          19
        ],
        [
          418,
          28
        ],
        [
          415,
          29
        ],
        [
          402,
          35
        ],
        [
          388,
          35
        ],
        [
          379,
          28
        ],
        [
          388,
          16
        ]
      ]
    },
    {
      "elevation": 400,
      "elevation_bbox_pixels": [
        281.1881245614819,
        111.14151596887638,
        63.76293425336985,
        38.88304620204224
      ],
      "contour_line_pixels": [
        [
          348,
          130
        ],
        [
          347,
          130
        ],
        [
          334,
          124
        ],
        [
          321,
          122
        ],
        [
          307,
          119
        ],
        [
          307,
          119
        ],
        [
          300,
          107
        ],
        [
          307,
          103
        ],
        [
          321,
          102
        ],
        [
          334,
          102
        ],
        [
          348,
          102
        ],
        [
          361,
          104
        ],
        [
          375,
          107
        ],
        [
          379,
          107
        ],
        [
          388,
          115
        ],
        [
          402,
          119
        ],
        [
          402,
          119
        ],
        [
          415,
          130
        ],
        [
          415,
          130
        ],
        [
          415,
          130
        ],
        [
          402,
          131
        ],
        [
          388,
          131
        ],
        [
          375,
          131
        ],
        [
          361,
          131
        ],
        [
          348,
          130
        ]
      ]
    },
    {
      "elevation": 375,
      "elevation_bbox_pixels": [
        302.7482144376194,
        62.1953009486669,
        24.810168876821194,
        15.05680001252233
      ],
      "contour_line_pixels": []
    },
    {
      "elevation": 350,
      "elevation_bbox_pixels": [
        205.1765948241542,
        47.94810575275676,
        38.82191452307856,
        20.0889207384364
      ],
      "contour_line_pixels": []
    },
    {
      "elevation": 325,
      "elevation_bbox_pixels": [
        221.5942005391467,
        168.20885730677253,
        40.46668062573269,
        24.6636990717991
      ],
      "contour_line_pixels": [
        [
          512,
          270
        ],
        [
          510,
          269
        ],
        [
          503,
          267
        ],
        [
          496,
          265
        ],
        [
          483,
          260
        ],
        [
          476,
          255
        ],
        [
          469,
          252
        ],
        [
          458,
          244
        ],
        [
          456,
          242
        ],
        [
          448,
          233
        ],
        [
          442,
          224
        ],
        [
          439,
          221
        ],
        [
          435,
          210
        ],
        [
          429,
          207
        ],
        [
          415,
          205
        ],
        [
          402,
          203
        ],
        [
          388,
          200
        ],
        [
          385,
          198
        ],
        [
          375,
          196
        ],
        [
          361,
          193
        ],
        [
          348,
          192
        ],
        [
          334,
          191
        ],
        [
          321,
          190
        ],
        [
          307,
          187
        ],
        [
          307,
          187
        ],
        [
          294,
          185
        ],
        [
          280,
          183
        ],
        [
          267,
          182
        ],
        [
          253,
          181
        ],
        [
          240,
          180
        ],
        [
          226,
          180
        ],
        [
          213,
          181
        ],
        [
          199,
          181
        ],
        [
          186,
          184
        ],
        [
          172,
          185
        ],
        [
          159,
          187
        ],
        [
          159,
          187
        ],
        [
          145,
          187
        ],
        [
          132,
          187
        ],
        [
          118,
          187
        ],
        [
          118,
          187
        ],
        [
          105,
          184
        ],
        [
          91,
          179
        ],
        [
          86,
          176
        ],
        [
          77,
          164
        ],
        [
          77,
          164
        ],
        [
          71,
          153
        ],
        [
          64,
          142
        ],
        [
          64,
          142
        ],
        [
          64,
          141
        ],
        [
          72,
          130
        ],
        [
          75,
          119
        ],
        [
          77,
          107
        ],
        [
          77,
          107
        ],
        [
          83,
          96
        ],
        [
          91,
          87
        ],
        [
          93,
          85
        ],
        [
          104,
          73
        ],
        [
          105,
          73
        ],
        [
          107,
          62
        ],
        [
          105,
          51
        ],
        [
          104,
          50
        ],
        [
          105,
          50
        ],
        [
          118,
          39
        ],
        [
          118,
          39
        ],
        [
          132,
          32
        ],
        [
          145,
          29
        ],
        [
          148,
          28
        ],
        [
          158,
          16
        ],
        [
          159,
          16
        ],
        [
          168,
          5
        ],
        [
          169,
          0
        ]
      ]
    },
    {
      "elevation": 325,
      "elevation_bbox_pixels": [
        160.92491609551053,
        238.83180450287472,
        39.491112372832504,
        24.279231307789473
      ],