{
  "image": {
    "path": "N63E016_0768.png",
    "size": {
      "height": 512,
      "width": 512
    }
  },
  "labels": [
    {
      "elevation": 325,
      "elevation_bbox_pixels": [
        156.29432482665268,
        447.74483776181967,
        44.37232340109807,
        25.619930929578203
      ],
      "contour_line_pixels": [
        [
          0,
          512
        ],
        [
          15,
          495
        ],
        [
          33,
          483
        ],
        [
          41,
          479
        ],
        [
          67,
          468
        ],
        [
          93,
          460
        ],
        [
          119,
          460
        ],
        [
          144,
          463
        ],
        [
          170,
          475
        ],
        [
          183,
          483
        ],
        [
          196,
          489
        ],
        [
          222,
          497
        ],
        [
          248,
          502
        ],
        [
          274,
          505
        ],
        [
          300,
          496
        ],
        [
          311,
          483
        ],
        [
          319,
          449
        ],
        [
          326,
          441
        ],
        [
          351,
          425
        ],
        [
          377,
          423
        ],
        [
          403,
          415
        ],
        [
          403,
          415
        ],
        [
          429,
          404
        ],
        [
          455,
          395
        ],
        [
          481,
          388
        ],
        [
          506,
          381
        ],
        [
          507,
          381
        ],
        [
          512,
          374
        ]
      ]
    },
    {
      "elevation": 300,
      "elevation_bbox_pixels": [
        258.86255013596906,
        126.25097564380866,
        55.854633460800414,
        31.769607742200265
      ],
      "contour_line_pixels": [
        [
          0,
          441
        ],
        [
          15,
          430
        ],
        [
          41,
          418
        ],
        [
          54,
          415
        ],
        [
          67,
          411
        ],
        [
          93,
          404
        ],
        [
          119,
          388
        ],
        [
          144,
          381
        ],
        [
          144,
          381
        ],
        [
          164,
          347
        ],
        [
          170,
          338
        ],
        [
          196,
          313
        ],
        [
          196,
          313
        ],
        [
          222,
          279
        ],
        [
          196,
          253
        ],
        [
          170,
          245
        ],
        [
          170,
          245
        ],
        [
          144,
          211
        ],
        [
          144,
          210
        ],
        [
          144,
          176
        ],
        [
          144,
          142
        ],
        [
          144,
          142
        ],
        [
          170,
          131
        ],
        [
          196,
          129
        ],
        [
          222,
          137
        ],
        [
          248,
          137
        ],
        [
          274,
          138
        ],
        [
          300,
          142
        ],
        [
          326,
          142
        ],
        [
          351,
          142
        ],
        [
          377,
          142
        ],
        [
          403,
          142
        ],
        [
          429,
          142
        ],
        [
          430,
          142
        ],
        [
          455,
          146
        ],
        [
          481,
          154
        ],
        [
          507,
          161
        ],
        [
          512,
          163
        ]
      ]
    },
    {
      "elevation": 275,
      "elevation_bbox_pixels": [
        212.77016735904908,
        29.861670517874416,
        38.48543053652975,
        24.289931505826303
      ],
      "contour_line_pixels": []
    },
    {
      "elevation": 250,
      "elevation_bbox_pixels": [
        308.0705350907169,
        9.356611184689768,
        33.189174721320455,
        20.67580258118437
      ],
      "contour_line_pixels": [
        [
          307,
          0
        ],
        [
          326,
          6
        ],
        [
          326,
          6
        ],
        [
          351,
          14
        ],
        [
          377,
          21
        ],
        [
          403,
          26
        ],
        [
          429,
          38
        ],
        [
          433,
          40
        ],
        [
          455,
          51
        ],
        [
          481,
          55
        ],
        [
          507,
          59
        ],
        [
          512,
          62
        ]
      ]
    },
    {
      "elevation": 225,
      "elevation_bbox_pixels": [
        368.28374148403543,
        3.9338059552326285,
        31.495534670096504,
        17.58736268964867
      ],
      "contour_line_pixels": [
        [
          439,
          0
        ],
        [
          445,
          6
        ],
        [
          455,
          10
        ],
        [
          481,
          14
        ],
        [
          507,
          17
        ],
        [
          512,
          21
        ]
      ]
    }
  ]
}