{
  "image": {
    "path": "N63E016_0995.png",
    "size": {
      "height": 512,
      "width": 512
    }
  },
  "labels": [
    {
      "elevation": 350,
      "elevation_bbox_pixels": [
        201.04514588050438,
        143.4660901910408,
        49.33036688002039,
        28.54690206818907
      ],
      "contour_line_pixels": []
    },
    {
      "elevation": 325,
      "elevation_bbox_pixels": [
        318.33125705726,
        72.92211415628248,
        57.962183596333034,
        29.64959081988229
      ],
      "contour_line_pixels": [
        [
          170,
          0
        ],
        [
          213,
          36
        ],
        [
          221,
          43
        ],
        [
          257,
          56
        ],
        [
          301,
          65
        ],
        [
          345,
          75
        ],
        [
          389,
          92
        ],
        [
          433,
          115
        ],
        [
          438,
          118
        ],
        [
          477,
          149
        ],
        [
          512,
          174
        ]
      ]
    },
    {
      "elevation": 275,
      "elevation_bbox_pixels": [
        422.45376737350983,
        1.3927651248957318,
        29.15277987638649,
        16.28080139009444
      ],
      "contour_line_pixels": [
        [
          475,
          0
        ],
        [
          477,
          1
        ],
        [
          512,
          16
        ]
      ]
    }
  ]
}