{
  "image": {
    "path": "N63E016_0000.png",
    "size": {
      "height": 512,
      "width": 512
    }
  },
  "labels": [
    {
      "elevation": 350,
      "elevation_bbox_pixels": [
        268.84559164240915,
        1.6307284260236088,
        58.59496011804174,
        35.678113804930376
      ],
      "contour_line_pixels": [
        [
          512,
          22
        ],
        [
          509,
          21
        ],
        [
          498,
          16
        ],
        [
          509,
          14
        ],
        [
          512,
          14
        ]
      ]
    },
    {
      "elevation": 300,
      "elevation_bbox_pixels": [
        246.4434315400245,
        227.4522013729648,
        44.675280816075315,
        26.051466189748567
      ],
      "contour_line_pixels": [
        [
          0,
          225
        ],
        [
          19,
          225
        ],
        [
          20,
          226
        ],
        [
          57,
          228
        ],
        [
          94,
          228
        ],
        [
          132,
          229
        ],
        [
          170,
          229
        ],
        [
          208,
          229
        ],
        [
          245,
          229
        ],
        [
          283,
          235
        ],
        [
          321,
          239
        ],
        [
          322,
          239
        ],
        [
          358,
          243
        ],
        [
          396,
          246
        ],
        [
          434,
          249
        ],
        [
          472,
          253
        ],
        [
          473,
          253
        ],
        [
          509,
          258
        ],
        [
          512,
          258
        ]
      ]
    },
    {
      "elevation": 325,
      "elevation_bbox_pixels": [
        260.7416165924062,
        321.387856713234,
        38.41819964186607,
        25.281019071641424
      ],
      "contour_line_pixels": [
        [
          0,
          314
        ],
        [
          19,
          314
        ],
        [
          57,
          314
        ],
        [
          94,
          314
        ],
        [
          132,
          314
        ],
        [
          170,
          316
        ],
        [
          208,
          316
        ],
        [
          245,
          319
        ],
        [
          283,
          323
        ],
        [
          284,
          323
        ],
        [
          321,
          328
        ],
        [
          358,
          333
        ],
        [
          396,
          334
        ],
        [
          434,
          337
        ],
        [
          472,
          337
        ],
        [
          473,
          337
        ],
        [
          509,
          342
        ],
        [
          512,
          342
        ]
      ]
    },
    {
      "elevation": 350,
      "elevation_bbox_pixels": [
        220.89432745427305,
        410.07132903978425,
        59.53872354519896,
        29.423946649707716
      ],
      "contour_line_pixels": [
        [
          0,
          409
        ],
        [
          19,
          409
        ],
        [
          57,
          412
        ],
        [
          94,
          417
        ],
        [
          132,
          421
        ],
        [
          133,
          421
        ],
        [
          170,
          424
        ],
        [
          208,
          424
        ],
        [
          245,
          426
        ],
        [
          283,
          427
        ],
        [
          321,
          430
        ],
        [
          358,
          435
        ],
        [
          359,
          435
        ],
        [
          396,
          440
        ],
        [
          434,
          449
        ],
        [
          435,
          449
        ],
        [
          472,
          456
        ],
        [
          509,
          456
        ],
        [
          512,
          456
        ]
      ]
    }
  ]
}