{
  "image": {
    "path": "N63E016_1426.png",
    "size": {
      "height": 512,
      "width": 512
    }
  },
  "labels": [
    {
      "elevation": 275,
      "elevation_bbox_pixels": [
        310.58719045586463,
        192.40095425338575,
        35.7607285404988,
        22.37639685511408
      ],
      "contour_line_pixels": [
        [
          512,
          230
        ],
        [
          510,
          227
        ],
        [
          503,
          223
        ],
        [
          488,
          216
        ],
        [
          478,
          214
        ],
        [
          473,
          213
        ],
        [
          458,
          207
        ],
        [
          451,
          202
        ],
        [
          458,
          189
        ],
        [
          458,
          189
        ],
        [
          473,
          182
        ],
        [
          482,
          177
        ],
        [
          488,
          168
        ],
        [
          492,
          164
        ],
        [
          503,
          161
        ],
        [
          512,
          160
        ]
      ]
    },
    {
      "elevation": 250,
      "elevation_bbox_pixels": [
        304.6131950314799,
        157.49188618766317,
        27.87498287712765,
        14.93163855170485
      ],
      "contour_line_pixels": []
    },
    {
      "elevation": 225,
      "elevation_bbox_pixels": [
        238.20571877835542,
        140.63948170287364,
        31.54519589855468,
        20.054055624765965
      ],
      "contour_line_pixels": []
    },
    {
      "elevation": 200,
      "elevation_bbox_pixels": [
        304.94730905560226,
        464.2312690833179,
        58.393904521558966,
        29.816865377162515
      ],
      "contour_line_pixels": []
    }
  ]
}