{
  "image": {
    "path": "N63E016_0416.png",
    "size": {
      "height": 512,
      "width": 512
    }
  },
  "labels": [
    {
      "elevation": 450,
      "elevation_bbox_pixels": [
        275.5140062818243,
        63.54083535490588,
        44.37232340109813,
        25.61993092957823
      ],
      "contour_line_pixels": []
    },
    {
      "elevation": 425,
      "elevation_bbox_pixels": [
        172.38481336038765,
        48.17665469100166,
        56.228683857746034,
        31.79627796051227
      ],
      "contour_line_pixels": [
        [
          512,
          132
        ],
        [
          491,
          131
        ],
        [
          465,
          122
        ],
        [
          457,
          119
        ],
        [
          423,
          114
        ],
        [
          390,
          108
        ],
        [
          356,
          101
        ],
        [
          322,
          95
        ],
        [
          292,
          87
        ],
        [
          288,
          86
        ],
        [
          255,
          80
        ],
        [
          221,
          76
        ],
        [
          187,
          70
        ],
        [
          154,
          67
        ],
        [
          120,
          62
        ],
        [
          86,
          61
        ],
        [
          53,
          60
        ],
        [
          19,
          60
        ],
        [
          0,
          60
        ]
      ]
    },
    {
      "elevation": 400,
      "elevation_bbox_pixels": [
        223.64384320595127,
        86.6426574406675,
        38.48543053652975,
        24.289931505826303
      ],
      "contour_line_pixels": [
        [
          512,
          155
        ],
        [
          491,
          154
        ],
        [
          457,
          147
        ],
        [
          423,
          142
        ],
        [
          390,
          133
        ],
        [
          364,
          122
        ],
        [
          356,
          120
        ],
        [
          322,
          117
        ],
        [
          288,
          112
        ],
        [
          255,
          106
        ],
        [
          221,
          97
        ],
        [
          197,
          87
        ],
        [
          187,
          85
        ],
        [
          154,
          83
        ],
        [
          120,
          82
        ],
        [
          86,
          81
        ],
        [
          53,
          81
        ],
        [
          19,
          81
        ],
        [
          0,
          81
        ]
      ]
    },
    {
      "elevation": 375,
      "elevation_bbox_pixels": [
        282.5560586138126,
        171.60852196867233,
        32.943873176707825,
        20.627562015156627
      ],
      "contour_line_pixels": [
        [
          512,
          219
        ],
        [
          491,
          212
        ],
        [
          457,
          204
        ],
        [
          423,
          200
        ],
        [
          390,
          191
        ],
        [
          389,
          191
        ],
        [
          356,
          183
        ],
        [
          322,
          179
        ],
        [
          288,
          170
        ],
        [
          255,
          159
        ],
        [
          250,
          157
        ],
        [
          221,
          138
        ],
        [
          187,
          127
        ],
        [
          165,
          122
        ],
        [
          154,
          120
        ],
        [
          120,
          110
        ],
        [
          86,
          107
        ],
        [
          53,
          106
        ],
        [
          19,
          105
        ],
        [
          0,
          104
        ]
      ]
    },
    {
      "elevation": 350,
      "elevation_bbox_pixels": [
        287.8969181759634,
        325.45017596020693,
        31.495534670096504,
        17.587362689648728
      ],
      "contour_line_pixels": [
        [
          112,
          512
        ],
        [
          120,
          504
        ],
        [
          120,
          504
        ],
        [
          154,
          481
        ],
        [
          171,
          469
        ],
        [
          187,
          458
        ],
        [
          221,
          435
        ],
        [
          221,
          434
        ],
        [
          255,
          417
        ],
        [
          288,
          400
        ],
        [
          288,
          399
        ],
        [
          322,
          382
        ],
        [
          356,
          377
        ],
        [
          389,
          365
        ],
        [
          356,
          331
        ],
        [
          355,
          330
        ],
        [
          322,
          319
        ],
        [
          288,
          307
        ],
        [
          255,
          296
        ],
        [
          254,
          296
        ],
        [
          221,
          287
        ],
        [
          187,
          270
        ],
        [
          171,
          261
        ],
        [
          154,
          227
        ],
        [
          153,
          226
        ],
        [
          120,
          203
        ],
        [
          112,
          191
        ],
        [
          86,
          171
        ],
        [
          69,
          157
        ],
        [
          53,
          150
        ],
        [
          19,
          141
        ],
        [
          0,
          138
        ]
      ]
    }
  ]
}