{
  "image": {
    "path": "N63E016_1429.png",
    "size": {
      "height": 512,
      "width": 512
    }
  },
  "labels": [
    {
      "elevation": 225,
      "elevation_bbox_pixels": [
        237.23295315659254,
        89.48537808761432,
        28.623694366687005,
        15.03093757410602
      ],
      "contour_line_pixels": [
        [
          512,
          9
        ],
        [
          465,
          24
        ],
        [
          425,
          32
        ],
        [
          358,
          42
        ],
        [
          307,
          53
        ],
        [
          274,
          61
        ],
        [
          237,
          79
        ],
        [
          190,
          98
        ],
        [
          190,
          98
        ],
        [
          150,
          116
        ],
        [
          111,
          135
        ],
        [
          72,
          140
        ],
        [
          0,
          148
        ]
      ]
    },
    {
      "elevation": 200,
      "elevation_bbox_pixels": [
        242.16447659976927,
        303.6771104790297,
        34.89176365245771,
        21.76455153095941
      ],
      "contour_line_pixels": [
        [
          512,
          335
        ],
        [
          425,
          321
        ],
        [
          422,
          321
        ],
        [
          307,
          315
        ],
        [
          190,
          311
        ],
        [
          72,
          311
        ],
        [
          0,
          306
        ]
      ]
    }
  ]
}