{
  "image": {
    "path": "N63E016_0274.png",
    "size": {
      "height": 512,
      "width": 512
    }
  },
  "labels": [
    {
      "elevation": 325,
      "elevation_bbox_pixels": [
        219.87457235302338,
        305.4069108778761,
        32.177084693523966,
        16.47963938495866
      ],
      "contour_line_pixels": [
        [
          0,
          153
        ],
        [
          6,
          157
        ],
        [
          35,
          176
        ],
        [
          37,
          177
        ],
        [
          69,
          190
        ],
        [
          100,
          201
        ],
        [
          105,
          202
        ],
        [
          131,
          211
        ],
        [
          162,
          222
        ],
        [
          183,
          228
        ],
        [
          193,
          231
        ],
        [
          216,
          254
        ],
        [
          220,
          281
        ],
        [
          213,
          307
        ],
        [
          193,
          321
        ],
        [
          162,
          327
        ],
        [
          155,
          333
        ],
        [
          131,
          351
        ],
        [
          100,
          354
        ],
        [
          69,
          355
        ],
        [
          37,
          350
        ],
        [
          6,
          346
        ],
        [
          0,
          345
        ]
      ]
    },
    {
      "elevation": 350,
      "elevation_bbox_pixels": [
        177.1801846245837,
        266.59173246829437,
        32.61356212579227,
        16.92697814977464
      ],
      "contour_line_pixels": [
        [
          0,
          210
        ],
        [
          6,
          214
        ],
        [
          37,
          220
        ],
        [
          69,
          227
        ],
        [
          72,
          228
        ],
        [
          100,
          241
        ],
        [
          131,
          247
        ],
        [
          143,
          254
        ],
        [
          131,
          269
        ],
        [
          100,
          272
        ],
        [
          77,
          281
        ],
        [
          77,
          307
        ],
        [
          69,
          322
        ],
        [
          37,
          324
        ],
        [
          6,
          320
        ],
        [
          0,
          319
        ]
      ]
    },
    {
      "elevation": 300,
      "elevation_bbox_pixels": [
        279.9760163740819,
        162.7399018490168,
        52.58864994164685,
        25.584220561302686
      ],
      "contour_line_pixels": [
        [
          0,
          69
        ],
        [
          2,
          71
        ],
        [
          6,
          73
        ],
        [
          37,
          97
        ],
        [
          37,
          97
        ],
        [
          61,
          123
        ],
        [
          69,
          149
        ],
        [
          69,
          149
        ],
        [
          100,
          161
        ],
        [
          131,
          167
        ],
        [
          162,
          170
        ],
        [
          193,
          172
        ],
        [
          224,
          173
        ],
        [
          255,
          173
        ],
        [
          287,
          174
        ],
        [
          318,
          176
        ],
        [
          349,
          176
        ],
        [
          380,
          176
        ],
        [
          411,
          176
        ],
        [
          442,
          176
        ],
        [
          443,
          176
        ],
        [
          442,
          176
        ],
        [
          411,
          176
        ],
        [
          380,
          176
        ],
        [
          350,
          202
        ],
        [
          349,
          202
        ],
        [
          333,
          228
        ],
        [
          323,
          254
        ],
        [
          322,
          281
        ],
        [
          322,
          307
        ],
        [
          320,
          333
        ],
        [
          318,
          359
        ],
        [
          318,
          359
        ],
        [
          287,
          362
        ],
        [
          255,
          365
        ],
        [
          224,
          369
        ],
        [
          193,
          373
        ],
        [
          162,
          376
        ],
        [
          131,
          377
        ],
        [
          100,
          377
        ],
        [
          69,
          377
        ],
        [
          37,
          376
        ],
        [
          6,
          375
        ],
        [
          0,
          375
        ]
      ]
    },
    {
      "elevation": 275,
      "elevation_bbox_pixels": [
        325.6942743535706,
        227.59560190328273,
        54.41724417717785,
        27.62206873249511
      ],
      "contour_line_pixels": []
    },
    {
      "elevation": 250,
      "elevation_bbox_pixels": [
        334.4122043912883,
        89.66442509338725,
        36.05696437316908,
        21.737471117759128
      ],
      "contour_line_pixels": []
    },
    {
      "elevation": 225,
      "elevation_bbox_pixels": [
        282.0420942825602,
        1.9778500388970315,
        50.60703520275672,
        28.645925127223563
      ],
      "contour_line_pixels": [
        [
          358,
          0
        ],
        [
          380,
          11
        ],
        [
          396,
          18
        ],
        [
          411,
          23
        ],
        [
          442,
          33
        ],
        [
          473,
          40
        ],
        [
          484,
          45
        ],
        [
          505,
          49
        ],
        [
          512,
          50
        ]
      ]
    }
  ]
}