{
  "image": {
    "path": "N63E016_0731.png",
    "size": {
      "height": 512,
      "width": 512
    }
  },
  "labels": [
    {
      "elevation": 300,
      "elevation_bbox_pixels": [
        46.18635077883076,
        60.530790317130766,
        46.552882114640795,
        21.91193143971725
      ],
      "contour_line_pixels": []
    },
    {
      "elevation": 275,
      "elevation_bbox_pixels": [
        301.1123109873626,
        2.1348997156795235,
        49.44858927863936,
        26.616697584240114
      ],
      "contour_line_pixels": []
    },
    {
      "elevation": 300,
      "elevation_bbox_pixels": [
        263.5916284912787,
        198.99145071590198,
        34.1699155149754,
        23.248453587575455
      ],
      "contour_line_pixels": [
        [
          282,
          239
        ],
        [
          282,
          239
        ],
        [
          274,
          227
        ],
        [
          270,
          225
        ],
        [
          265,
          218
        ],
        [
          261,
          211
        ],
        [
          265,
          204
        ],
        [
          274,
          205
        ],
        [
          282,
          209
        ],
        [
          291,
          211
        ],
        [
          291,
          211
        ],
        [
          295,
          225
        ],
        [
          300,
          238
        ],
        [
          300,
          239
        ],
        [
          300,
          239
        ],
        [
          291,
          239
        ],
        [
          282,
          239
        ]
      ]
    },
    {
      "elevation": 300,
      "elevation_bbox_pixels": [
        135.89685136287164,
        143.96204370329127,
        42.91348259309575,
        22.019586161263874
      ],
      "contour_line_pixels": [
        [
          146,
          211
        ],
        [
          137,
          225
        ],
        [
          137,
          225
        ],
        [
          129,
          239
        ],
        [
          129,
          239
        ],
        [
          120,
          239
        ],
        [
          112,
          239
        ],
        [
          111,
          239
        ],
        [
          103,
          225
        ],
        [
          94,
          225
        ],
        [
          94,
          225
        ],
        [
          86,
          211
        ],
        [
          77,
          211
        ],
        [
          69,
          211
        ],
        [
          69,
          211
        ],
        [
          69,
          197
        ],
        [
          60,
          183
        ],
        [
          60,
          183
        ],
        [
          60,
          169
        ],
        [
          60,
          155
        ],
        [
          60,
          155
        ],
        [
          69,
          155
        ],
        [
          77,
          155
        ],
        [
          86,
          155
        ],
        [
          94,
          155
        ],
        [
          103,
          155
        ],
        [
          112,
          155
        ],
        [
          120,
          155
        ],
        [
          129,
          155
        ],
        [
          129,
          155
        ],
        [
          137,
          169
        ],
        [
          146,
          169
        ],
        [
          154,
          169
        ],
        [
          163,
          169
        ],
        [
          171,
          155
        ],
        [
          171,
          155
        ],
        [
          180,
          155
        ],
        [
          188,
          155
        ],
        [
          197,
          155
        ],
        [
          197,
          155
        ],
        [
          206,
          169
        ],
        [
          206,
          169
        ],
        [
          214,
          183
        ],
        [
          214,
          183
        ],
        [
          214,
          197
        ],
        [
          214,
          197
        ],
        [
          206,
          197
        ],
        [
          197,
          197
        ],
        [
          188,
          197
        ],
        [
          180,
          211
        ],
        [
          180,
          211
        ],
        [
          171,
          211
        ],
        [
          163,
          211
        ],
        [
          154,
          211
        ],
        [
          146,
          211
        ]
      ]
    },
    {
      "elevation": 300,
      "elevation_bbox_pixels": [
        76.89362850445852,
        346.2402681756645,
        58.81008877664095,
        35.9354273505748
      ],
      "contour_line_pixels": [
        [
          52,
          392
        ],
        [
          52,
          392
        ],
        [
          43,
          379
        ],
        [
          43,
          378
        ],
        [
          43,
          364
        ],
        [
          43,
          364
        ],
        [
          52,
          364
        ],
        [
          52,
          364
        ],
        [
          60,
          378
        ],
        [
          69,
          378
        ],
        [
          69,
          378
        ],
        [
          77,
          392
        ],
        [
          77,
          392
        ],
        [
          77,
          392
        ],
        [
          69,
          392
        ],
        [
          60,
          392
        ],
        [
          52,
          392
        ]
      ]
    },
    {
      "elevation": 275,
      "elevation_bbox_pixels": [
        328.90657463784504,
        351.14992595241375,
        44.63215224701446,
        23.805858615581542
      ],
      "contour_line_pixels": []
    }
  ]
}