{
  "image": {
    "path": "N63E016_0433.png",
    "size": {
      "height": 512,
      "width": 512
    }
  },
  "labels": [
    {
      "elevation": 300,
      "elevation_bbox_pixels": [
        189.73004132606036,
        29.965319341300415,
        59.04148958872179,
        36.54134409079256
      ],
      "contour_line_pixels": [
        [
          205,
          0
        ],
        [
          204,
          19
        ],
        [
          211,
          48
        ],
        [
          225,
          48
        ],
        [
          239,
          19
        ],
        [
          240,
          18
        ],
        [
          254,
          4
        ],
        [
          255,
          0
        ]
      ]
    },
    {
      "elevation": 325,
      "elevation_bbox_pixels": [
        173.08920667698624,
        310.11994078862915,
        50.507463938502724,
        30.463575557517572
      ],
      "contour_line_pixels": [
        [
          182,
          374
        ],
        [
          168,
          367
        ],
        [
          153,
          353
        ],
        [
          151,
          348
        ],
        [
          153,
          338
        ],
        [
          163,
          318
        ],
        [
          168,
          314
        ],
        [
          182,
          314
        ],
        [
          189,
          318
        ],
        [
          196,
          328
        ],
        [
          201,
          348
        ],
        [
          196,
          368
        ],
        [
          182,
          374
        ]
      ]
    },
    {
      "elevation": 350,
      "elevation_bbox_pixels": [
        397.0453123627035,
        267.49305319966743,
        51.07122523335693,
        26.139990348480808
      ],
      "contour_line_pixels": [
        [
          512,
          374
        ],
        [
          498,
          361
        ],
        [
          483,
          349
        ],
        [
          483,
          348
        ],
        [
          469,
          336
        ],
        [
          455,
          319
        ],
        [
          455,
          318
        ],
        [
          440,
          296
        ],
        [
          437,
          289
        ],
        [
          426,
          259
        ],
        [
          426,
          259
        ],
        [
          417,
          229
        ],
        [
          426,
          199
        ],
        [
          426,
          199
        ],
        [
          440,
          180
        ],
        [
          449,
          169
        ],
        [
          455,
          160
        ],
        [
          467,
          139
        ],
        [
          469,
          129
        ],
        [
          475,
          109
        ],
        [
          480,
          79
        ],
        [
          483,
          74
        ],
        [
          495,
          49
        ],
        [
          498,
          41
        ],
        [
          505,
          19
        ],
        [
          508,
          0
        ]
      ]
    },
    {
      "elevation": 350,
      "elevation_bbox_pixels": [
        9.826647861594886,
        303.39247611150574,
        59.539273892828085,
        30.791775225951085
      ],
      "contour_line_pixels": [
        [
          0,
          0
        ],
        [
          0,
          19
        ],
        [
          6,
          49
        ],
        [
          8,
          79
        ],
        [
          10,
          83
        ],
        [
          24,
          109
        ],
        [
          24,
          109
        ],
        [
          39,
          135
        ],
        [
          41,
          139
        ],
        [
          39,
          169
        ],
        [
          39,
          169
        ],
        [
          26,
          199
        ],
        [
          24,
          229
        ],
        [
          33,
          259
        ],
        [
          37,
          289
        ],
        [
          24,
          318
        ],
        [
          24,
          319
        ],
        [
          10,
          348
        ],
        [
          10,
          349
        ],
        [
          5,
          378
        ],
        [
          10,
          390
        ],
        [
          18,
          408
        ],
        [
          24,
          438
        ],
        [
          24,
          438
        ],
        [
          24,
          468
        ],
        [
          24,
          468
        ],
        [
          12,
          498
        ],
        [
          10,
          506
        ],
        [
          8,
          512
        ]
      ]
    },
    {
      "elevation": 325,
      "elevation_bbox_pixels": [
        176.22658206403162,
        424.25565063276576,
        47.30611640744564,
        27.631586416191176
      ],
      "contour_line_pixels": []
    }
  ]
}