{
  "image": {
    "path": "N63E016_0526.png",
    "size": {
      "height": 512,
      "width": 512
    }
  },
  "labels": [
    {
      "elevation": 425,
      "elevation_bbox_pixels": [
        278.3998760573769,
        109.07724326199326,
        40.73817538939488,
        22.044159978815628
      ],
      "contour_line_pixels": []
    },
    {
      "elevation": 425,
      "elevation_bbox_pixels": [
        255.01565200359224,
        333.1117899613888,
        63.76293425336982,
        38.88304620204218
      ],
      "contour_line_pixels": [
        [
          512,
          411
        ],
        [
          497,
          417
        ],
        [
          497,
          417
        ],
        [
          481,
          422
        ],
        [
          464,
          422
        ],
        [
          448,
          421
        ],
        [
          432,
          420
        ],
        [
          416,
          418
        ],
        [
          410,
          417
        ],
        [
          399,
          415
        ],
        [
          383,
          411
        ],
        [
          381,
          411
        ],
        [
          379,
          404
        ],
        [
          383,
          397
        ],
        [
          376,
          390
        ],
        [
          367,
          385
        ],
        [
          363,
          383
        ],
        [
          361,
          376
        ],
        [
          367,
          374
        ],
        [
          373,
          369
        ],
        [
          383,
          364
        ],
        [
          386,
          363
        ],
        [
          399,
          358
        ],
        [
          409,
          356
        ],
        [
          416,
          353
        ],
        [
          432,
          349
        ],
        [
          432,
          349
        ],
        [
          448,
          345
        ],
        [
          464,
          343
        ],
        [
          472,
          342
        ],
        [
          481,
          340
        ],
        [
          497,
          339
        ],
        [
          512,
          338
        ]
      ]
    },
    {
      "elevation": 425,
      "elevation_bbox_pixels": [
        279.10377959031797,
        475.3011207781155,
        24.810168876821194,
        15.05680001252237
      ],
      "contour_line_pixels": [
        [
          432,
          494
        ],
        [
          424,
          493
        ],
        [
          416,
          490
        ],
        [
          399,
          489
        ],
        [
          388,
          486
        ],
        [
          399,
          480
        ],
        [
          416,
          482
        ],
        [
          432,
          482
        ],
        [
          448,
          483
        ],
        [
          456,
          486
        ],
        [
          458,
          493
        ],
        [
          448,
          494
        ],
        [
          432,
          494
        ]
      ]
    },
    {
      "elevation": 350,
      "elevation_bbox_pixels": [
        224.23020723233208,
        451.4892956159196,
        26.05852364935845,
        17.38953556285658
      ],
      "contour_line_pixels": [
        [
          45,
          512
        ],
        [
          45,
          506
        ],
        [
          46,
          499
        ],
        [
          47,
          493
        ],
        [
          57,
          486
        ],
        [
          58,
          486
        ],
        [
          67,
          479
        ],
        [
          74,
          476
        ],
        [
          83,
          472
        ],
        [
          90,
          470
        ],
        [
          106,
          467
        ],
        [
          117,
          465
        ],
        [
          123,
          464
        ],
        [
          139,
          462
        ],
        [
          155,
          460
        ],
        [
          171,
          459
        ],
        [
          174,
          458
        ],
        [
          188,
          456
        ],
        [
          204,
          454
        ],
        [
          220,
          452
        ],
        [
          220,
          452
        ],
        [
          237,
          447
        ],
        [
          245,
          445
        ],
        [
          237,
          440
        ],
        [
          233,
          438
        ],
        [
          220,
          431
        ],
        [
          220,
          431
        ],
        [
          209,
          424
        ],
        [
          204,
          421
        ],
        [
          200,
          417
        ],
        [
          192,
          411
        ],
        [
          192,
          404
        ],
        [
          204,
          397
        ],
        [
          204,
          397
        ],
        [
          214,
          390
        ],
        [
          217,
          383
        ],
        [
          214,
          376
        ],
        [
          214,
          369
        ],
        [
          208,
          363
        ],
        [
          204,
          360
        ],
        [
          196,
          356
        ],
        [
          188,
          349
        ],
        [
          188,
          349
        ],
        [
          180,
          342
        ],
        [
          180,
          335
        ],
        [
          180,
          328
        ],
        [
          178,
          322
        ],
        [
          171,
          320
        ],
        [
          158,
          315
        ],
        [
          155,
          313
        ],
        [
          142,
          308
        ],
        [
          139,
          304
        ],
        [
          133,
          301
        ],
        [
          128,
          294
        ],
        [
          128,
          287
        ],
        [
          123,
          284
        ],
        [
          114,
          281
        ],
        [
          106,
          279
        ],
        [
          90,
          277
        ],
        [
          74,
          274
        ],
        [
          74,
          274
        ],
        [
          58,
          267
        ],
        [
          57,
          267
        ],
        [
          45,
          260
        ],
        [
          41,
          257
        ],
        [
          38,
          253
        ],
        [
          30,
          246
        ],
        [
          25,
          243
        ],
        [
          21,
          239
        ],
        [
          17,
          233
        ],
        [
          17,
          226
        ],
        [
          9,
          219
        ],
        [
          9,
          219
        ],
        [
          0,
          216
        ]
      ]
    },
    {
      "elevation": 325,
      "elevation_bbox_pixels": [
        200.09216310965908,
        401.6813670045113,
        48.82522219621359,
        28.744198061083665
      ],