{
  "image": {
    "path": "N63E016_1399.png",
    "size": {
      "height": 512,
      "width": 512
    }
  },
  "labels": [
    {
      "elevation": 275,
      "elevation_bbox_pixels": [
        259.76313495147366,
        149.82808605647477,
        42.454469071811104,
        26.147024169642123
      ],
      "contour_line_pixels": [
        [
          310,
          229
        ],
        [
          298,
          224
        ],
        [
          286,
          216
        ],
        [
          270,
          205
        ],
        [
          267,
          186
        ],
        [
          280,
          167
        ],
        [
          286,
          165
        ],
        [
          310,
          162
        ],
        [
          334,
          163
        ],
        [
          352,
          167
        ],
        [
          358,
          169
        ],
        [
          382,
          179
        ],
        [
          406,
          186
        ],
        [
          406,
          186
        ],
        [
          430,
          203
        ],
        [
          433,
          205
        ],
        [
          442,
          224
        ],
        [
          430,
          233
        ],
        [
          406,
          238
        ],
        [
          382,
          239
        ],
        [
          358,
          235
        ],
        [
          334,
          232
        ],
        [
          310,
          229
        ]
      ]
    },
    {
      "elevation": 250,
      "elevation_bbox_pixels": [
        272.17979341275435,
        269.5802576134165,
        50.63076886112515,
        30.484091308955556
      ],
      "contour_line_pixels": []
    },
    {
      "elevation": 200,
      "elevation_bbox_pixels": [
        294.8779793948147,
        478.2064368284214,
        51.07122523335693,
        26.139990348480808
      ],
      "contour_line_pixels": [
        [
          512,
          491
        ],
        [
          502,
          491
        ],
        [
          478,
          491
        ],
        [
          454,
          491
        ],
        [
          430,
          491
        ],
        [
          406,
          491
        ],
        [
          382,
          491
        ],
        [
          358,
          491
        ],
        [
          334,
          491
        ],
        [
          311,
          510
        ],
        [
          313,
          512
        ]
      ]
    },
    {
      "elevation": 225,
      "elevation_bbox_pixels": [
        204.5772142983003,
        356.2656780333208,
        59.53927389282808,
        30.791775225951085
      ],
      "contour_line_pixels": [
        [
          512,
          364
        ],
        [
          502,
          362
        ],
        [
          478,
          362
        ],
        [
          454,
          360
        ],
        [
          442,
          357
        ],
        [
          430,
          355
        ],
        [
          406,
          350
        ],
        [
          382,
          350
        ],
        [
          358,
          350
        ],
        [
          334,
          352
        ],
        [
          310,
          354
        ],
        [
          298,
          357
        ],
        [
          286,
          362
        ],
        [
          262,
          367
        ],
        [
          238,
          372
        ],
        [
          214,
          372
        ],
        [
          190,
          372
        ],
        [
          166,
          372
        ],
        [
          142,
          372
        ],
        [
          118,
          367
        ],
        [
          94,
          362
        ],
        [
          70,
          357
        ],
        [
          70,
          357
        ],
        [
          46,
          354
        ],
        [
          22,
          350
        ],
        [
          0,
          345
        ]
      ]
    }
  ]
}