{
  "image": {
    "path": "N63E016_1156.png",
    "size": {
      "height": 512,
      "width": 512
    }
  },
  "labels": [
    {
      "elevation": 350,
      "elevation_bbox_pixels": [
        268.24281348116966,
        294.2241104907299,
        40.48851503832191,
        22.031132734205755
      ],
      "contour_line_pixels": [
        [
          498,
          315
        ],
        [
          477,
          319
        ],
        [
          455,
          320
        ],
        [
          434,
          319
        ],
        [
          413,
          317
        ],
        [
          392,
          317
        ],
        [
          371,
          315
        ],
        [
          370,
          315
        ],
        [
          349,
          304
        ],
        [
          328,
          301
        ],
        [
          317,
          298
        ],
        [
          328,
          295
        ],
        [
          349,
          295
        ],
        [
          371,
          297
        ],
        [
          392,
          298
        ],
        [
          413,
          298
        ],
        [
          424,
          298
        ],
        [
          434,
          304
        ],
        [
          455,
          309
        ],
        [
          477,
          312
        ],
        [
          498,
          315
        ],
        [
          498,
          315
        ],
        [
          498,
          315
        ]
      ]
    },
    {
      "elevation": 275,
      "elevation_bbox_pixels": [
        296.42995825389846,
        -7.764140813218887,
        63.76293425336985,
        38.88304620204218
      ],
      "contour_line_pixels": [
        [
          512,
          88
        ],
        [
          506,
          86
        ],
        [
          498,
          81
        ],
        [
          477,
          71
        ],
        [
          474,
          69
        ],
        [
          473,
          53
        ],
        [
          477,
          48
        ],
        [
          483,
          37
        ],
        [
          494,
          20
        ],
        [
          477,
          14
        ],
        [
          455,
          8
        ],
        [
          443,
          4
        ],
        [
          434,
          2
        ],
        [
          427,
          0
        ]
      ]
    },
    {
      "elevation": 300,
      "elevation_bbox_pixels": [
        176.37378445187264,
        437.94074539439725,
        25.05918207768292,
        15.078990681656194
      ],
      "contour_line_pixels": [
        [
          73,
          462
        ],
        [
          94,
          446
        ],
        [
          73,
          445
        ],
        [
          53,
          446
        ],
        [
          73,
          462
        ]
      ]
    },
    {
      "elevation": 300,
      "elevation_bbox_pixels": [
        197.81382186684203,
        481.4469880086129,
        38.946719097447954,
        20.095907741833244
      ],
      "contour_line_pixels": [
        [
          222,
          496
        ],
        [
          243,
          495
        ],
        [
          243,
          495
        ],
        [
          264,
          487
        ],
        [
          286,
          480
        ],
        [
          293,
          478
        ],
        [
          286,
          473
        ],
        [
          264,
          462
        ],
        [
          264,
          462
        ],
        [
          243,
          461
        ],
        [
          222,
          462
        ],
        [
          222,
          462
        ],
        [
          201,
          478
        ],
        [
          201,
          479
        ],
        [
          179,
          479
        ],
        [
          158,
          479
        ],
        [
          138,
          495
        ],
        [
          158,
          511
        ],
        [
          179,
          498
        ],
        [
          201,
          497
        ],
        [
          222,
          496
        ]
      ]
    },
    {
      "elevation": 350,
      "elevation_bbox_pixels": [
        300.94349703784115,
        489.2895860108823,
        40.46668062573269,
        24.66369907179906
      ],
      "contour_line_pixels": [
        [
          397,
          512
        ],
        [
          398,
          511
        ],
        [
          413,
          506
        ],
        [
          434,
          503
        ],
        [
          455,
          501
        ],
        [
          477,
          501
        ],
        [
          498,
          503
        ],
        [
          512,
          504
        ]
      ]
    },
    {
      "elevation": 325,
      "elevation_bbox_pixels": [
        234.11931089111295,
        414.7191180730035,
        39.491112372832504,
        24.2792313077895
      ],
      "contour_line_pixels": []
    },
    {
      "elevation": 275,
      "elevation_bbox_pixels": [
        226.67730112538035,
        186.6739299217371,
        48.94769773641477,
        28.76919290159981
      ],
      "contour_line_pixels": [
        [
          0,
          192
        ],
        [
          10,
          194
        ],
        [
          31,
          196
        ],
        [
          52,
          196
        ],
        [
          73,
          198
        ],
        [
          95,
          198
        ],
        [
          116,
          199
        ],
        [
          137,
          199
        ],
        [
          158,
          199
        ],
        [
          179,
          199
        ],
        [
          201,
          199
        ],
        [
          222,
          200
        ],
        [
          222,
          200
        ],
        [
          243,
          201
        ],
        [
          264,
          203
        ],
        [
          286,
          207
        ],
        [
          307,
          211
        ],
        [
          325,
          217
        ],
        [
          328,
          218
        ],
        [
          349,
          226
        ],
        [
          371,
          233
        ],
        [
          371,
          233
        ],
        [
          392,
          240
        ],
        [
          413,
          248
        ],
        [
          418,
          249
        ],
        [
          434,
          253
        ],
        [
          455,
          255
        ],
        [
          477,
          257
        ],
        [
          498,
          261
        ],
        [
          511,
          266
        ],
        [
          512,
          266
        ]
      ]
    },
    {
      "elevation": 250,
      "elevation_bbox_pixels": [
        164.95758672023217,
        101.21169045806715,
        60.15550625191253,
        35.793090888637266
      ],
      "contour_line_pixels": []
    },
    {
      "elevation": 225,
      "elevation_bbox_pixels": [
        291.60281619542127,
        105.45659667253358,
        38.814282921395034,
        22.41258973162894
      ],