{
  "image": {
    "path": "N63E016_0248.png",
    "size": {
      "height": 512,
      "width": 512
    }
  },
  "labels": [
    {
      "elevation": 425,
      "elevation_bbox_pixels": [
        332.41561890415903,
        463.6775438003068,
        59.13202465676591,
        32.083155700971716
      ],
      "contour_line_pixels": [
        [
          400,
          512
        ],
        [
          401,
          512
        ],
        [
          416,
          507
        ],
        [
          448,
          494
        ],
        [
          479,
          484
        ],
        [
          487,
          480
        ],
        [
          511,
          470
        ],
        [
          512,
          470
        ]
      ]
    },
    {
      "elevation": 400,
      "elevation_bbox_pixels": [
        276.84567738958293,
        449.4128804594975,
        25.762954148591803,
        15.880708278762569
      ],
      "contour_line_pixels": [
        [
          102,
          512
        ],
        [
          102,
          512
        ],
        [
          102,
          512
        ],
        [
          134,
          506
        ],
        [
          165,
          495
        ],
        [
          197,
          490
        ],
        [
          228,
          482
        ],
        [
          244,
          480
        ],
        [
          259,
          478
        ],
        [
          291,
          468
        ],
        [
          322,
          459
        ],
        [
          354,
          453
        ],
        [
          385,
          448
        ],
        [
          385,
          448
        ],
        [
          416,
          440
        ],
        [
          448,
          430
        ],
        [
          479,
          419
        ],
        [
          490,
          416
        ],
        [
          511,
          412
        ],
        [
          512,
          412
        ]
      ]
    },
    {
      "elevation": 375,
      "elevation_bbox_pixels": [
        197.52115194616687,
        418.0447577478,
        55.45381422979597,
        27.162013196831737
      ],
      "contour_line_pixels": [
        [
          0,
          485
        ],
        [
          8,
          480
        ],
        [
          8,
          480
        ],
        [
          40,
          464
        ],
        [
          66,
          448
        ],
        [
          71,
          446
        ],
        [
          102,
          441
        ],
        [
          134,
          437
        ],
        [
          165,
          435
        ],
        [
          197,
          431
        ],
        [
          228,
          420
        ],
        [
          238,
          416
        ],
        [
          259,
          412
        ],
        [
          291,
          407
        ],
        [
          322,
          403
        ],
        [
          354,
          391
        ],
        [
          369,
          385
        ],
        [
          385,
          382
        ],
        [
          416,
          379
        ],
        [
          448,
          374
        ],
        [
          479,
          366
        ],
        [
          510,
          353
        ],
        [
          511,
          353
        ],
        [
          512,
          353
        ]
      ]
    },
    {
      "elevation": 325,
      "elevation_bbox_pixels": [
        211.07080742270136,
        321.8973563716146,
        40.83541127465833,
        24.866706910104483
      ],
      "contour_line_pixels": [
        [
          0,
          389
        ],
        [
          8,
          387
        ],
        [
          17,
          385
        ],
        [
          40,
          372
        ],
        [
          71,
          363
        ],
        [
          102,
          359
        ],
        [
          134,
          353
        ],
        [
          134,
          353
        ],
        [
          165,
          347
        ],
        [
          197,
          336
        ],
        [
          228,
          327
        ],
        [
          259,
          323
        ],
        [
          275,
          321
        ],
        [
          291,
          319
        ],
        [
          322,
          314
        ],
        [
          354,
          310
        ],
        [
          385,
          305
        ],
        [
          416,
          296
        ],
        [
          448,
          291
        ],
        [
          463,
          289
        ],
        [
          479,
          288
        ],
        [
          511,
          283
        ],
        [
          512,
          283
        ]
      ]
    },
    {
      "elevation": 350,
      "elevation_bbox_pixels": [
        174.09732831069317,
        376.3607326268708,
        45.28028117497354,
        25.241592514789602
      ],
      "contour_line_pixels": [
        [
          0,
          428
        ],
        [
          8,
          425
        ],
        [
          34,
          416
        ],
        [
          40,
          415
        ],
        [
          71,
          404
        ],
        [
          102,
          397
        ],
        [
          134,
          386
        ],
        [
          140,
          385
        ],
        [
          165,
          380
        ],
        [
          197,
          374
        ],
        [
          228,
          372
        ],
        [
          259,
          367
        ],
        [
          291,
          361
        ],
        [
          322,
          353
        ],
        [
          322,
          353
        ],
        [
          354,
          349
        ],
        [
          385,
          346
        ],
        [
          416,
          341
        ],
        [
          448,
          334
        ],
        [
          479,
          327
        ],
        [
          504,
          321
        ],
        [
          511,
          319
        ],
        [
          512,
          319
        ]
      ]
    },
    {
      "elevation": 300,
      "elevation_bbox_pixels": [
        230.03400530272006,
        274.8782217465588,
        59.03403040972853,
        28.33595368540574
      ],
      "contour_line_pixels": [
        [
          0,
          328
        ],
        [
          8,
          325
        ],
        [
          40,
          323
        ],
        [
          55,
          321
        ],
        [
          71,
          319
        ],
        [
          102,
          311
        ],
        [
          134,
          306
        ],
        [
          165,
          298
        ],
        [
          197,
          295
        ],
        [
          228,
          294
        ],
        [
          259,
          290
        ],
        [
          264,
          289
        ],
        [
          291,
          280
        ],
        [
          322,
          276
        ],
        [
          354,
          275
        ],
        [
          385,
          272
        ],
        [
          416,
          266
        ],
        [
          444,
          257
        ],
        [
          448,
          256
        ],
        [
          479,
          253
        ],
        [
          511,
          246
        ],
        [
          512,
          246
        ]
      ]
    },
    {
      "elevation": 250,
      "elevation_bbox_pixels": [
        271.0877174651994,
        203.9520595015669,
        37.12792353992381,
        18.264441900385577
      ],