{
  "image": {
    "path": "N63E016_1590.png",
    "size": {
      "height": 512,
      "width": 512
    }
  },
  "labels": [
    {
      "elevation": 325,
      "elevation_bbox_pixels": [
        347.7648269292639,
        -7.700001235654099,
        59.2221496724344,
        31.966285940396517
      ],
      "contour_line_pixels": [
        [
          512,
          25
        ],
        [
          493,
          19
        ],
        [
          474,
          13
        ],
        [
          469,
          12
        ],
        [
          445,
          4
        ],
        [
          420,
          1
        ],
        [
          417,
          0
        ]
      ]
    },
    {
      "elevation": 275,
      "elevation_bbox_pixels": [
        356.7989966266254,
        154.09699922071235,
        58.907681639203645,
        34.085002630624444
      ],
      "contour_line_pixels": []
    },
    {
      "elevation": 250,
      "elevation_bbox_pixels": [
        142.90891074720187,
        376.4480733703732,
        29.505190401820016,
        16.46223245097258
      ],
      "contour_line_pixels": [
        [
          375,
          512
        ],
        [
          374,
          512
        ],
        [
          372,
          509
        ],
        [
          347,
          492
        ],
        [
          323,
          484
        ],
        [
          299,
          481
        ],
        [
          290,
          478
        ],
        [
          274,
          473
        ],
        [
          250,
          465
        ],
        [
          226,
          455
        ],
        [
          209,
          445
        ],
        [
          201,
          437
        ],
        [
          177,
          412
        ],
        [
          177,
          412
        ],
        [
          152,
          400
        ],
        [
          128,
          394
        ],
        [
          104,
          390
        ],
        [
          79,
          379
        ],
        [
          79,
          379
        ],
        [
          55,
          371
        ],
        [
          31,
          362
        ],
        [
          9,
          345
        ],
        [
          6,
          334
        ],
        [
          0,
          317
        ]
      ]
    }
  ]
}