{
  "image": {
    "path": "N63E016_1121.png",
    "size": {
      "height": 512,
      "width": 512
    }
  },
  "labels": [
    {
      "elevation": 400,
      "elevation_bbox_pixels": [
        334.1522899721988,
        34.428710648022616,
        48.424762533056764,
        29.60936075509335
      ],
      "contour_line_pixels": []
    },
    {
      "elevation": 375,
      "elevation_bbox_pixels": [
        194.33317895925484,
        166.21999898919904,
        57.25557405683685,
        35.7535469086082
      ],
      "contour_line_pixels": []
    },
    {
      "elevation": 350,
      "elevation_bbox_pixels": [
        292.110608397345,
        205.17792885095923,
        30.29825771261949,
        18.49611380794795
      ],
      "contour_line_pixels": [
        [
          512,
          173
        ],
        [
          491,
          174
        ],
        [
          459,
          176
        ],
        [
          428,
          183
        ],
        [
          416,
          188
        ],
        [
          396,
          200
        ],
        [
          379,
          217
        ],
        [
          364,
          237
        ],
        [
          345,
          247
        ],
        [
          333,
          252
        ],
        [
          301,
          257
        ],
        [
          269,
          256
        ],
        [
          238,
          247
        ],
        [
          237,
          247
        ],
        [
          206,
          240
        ],
        [
          174,
          234
        ],
        [
          143,
          226
        ],
        [
          121,
          217
        ],
        [
          111,
          214
        ],
        [
          79,
          207
        ],
        [
          48,
          198
        ],
        [
          29,
          188
        ],
        [
          16,
          183
        ],
        [
          0,
          183
        ]
      ]
    },
    {
      "elevation": 325,
      "elevation_bbox_pixels": [
        259.8108912767399,
        286.27596479057013,
        54.802177631431505,
        28.797542365106608
      ],
      "contour_line_pixels": [
        [
          512,
          215
        ],
        [
          502,
          217
        ],
        [
          491,
          221
        ],
        [
          459,
          247
        ],
        [
          459,
          247
        ],
        [
          428,
          276
        ],
        [
          428,
          276
        ],
        [
          396,
          295
        ],
        [
          364,
          300
        ],
        [
          333,
          301
        ],
        [
          301,
          299
        ],
        [
          269,
          299
        ],
        [
          238,
          299
        ],
        [
          206,
          294
        ],
        [
          174,
          283
        ],
        [
          162,
          276
        ],
        [
          143,
          271
        ],
        [
          111,
          268
        ],
        [
          79,
          260
        ],
        [
          48,
          247
        ],
        [
          47,
          247
        ],
        [
          16,
          238
        ],
        [
          0,
          238
        ]
      ]
    },
    {
      "elevation": 350,
      "elevation_bbox_pixels": [
        167.29208559036672,
        456.75706197208547,
        38.13425332976834,
        21.577365688442995
      ],
      "contour_line_pixels": [
        [
          0,
          402
        ],
        [
          16,
          402
        ],
        [
          48,
          410
        ],
        [
          75,
          423
        ],
        [
          79,
          432
        ],
        [
          87,
          452
        ],
        [
          83,
          481
        ],
        [
          111,
          498
        ],
        [
          137,
          511
        ],
        [
          141,
          512
        ]
      ]
    },
    {
      "elevation": 300,
      "elevation_bbox_pixels": [
        245.99660667070606,
        455.5273903547874,
        48.961123873755355,
        28.11413683367991
      ],
      "contour_line_pixels": [
        [
          512,
          305
        ],
        [
          491,
          320
        ],
        [
          460,
          335
        ],
        [
          459,
          335
        ],
        [
          428,
          339
        ],
        [
          396,
          346
        ],
        [
          364,
          349
        ],
        [
          333,
          349
        ],
        [
          302,
          364
        ],
        [
          325,
          393
        ],
        [
          326,
          423
        ],
        [
          301,
          452
        ],
        [
          301,
          453
        ],
        [
          285,
          481
        ],
        [
          301,
          484
        ],
        [
          333,
          501
        ],
        [
          348,
          511
        ],
        [
          352,
          512
        ]
      ]
    }
  ]
}