{
  "image": {
    "path": "N63E016_0174.png",
    "size": {
      "height": 512,
      "width": 512
    }
  },
  "labels": [
    {
      "elevation": 375,
      "elevation_bbox_pixels": [
        169.42708488372298,
        105.99095105971207,
        34.09836765369113,
        18.55590101825078
      ],
      "contour_line_pixels": [
        [
          17,
          0
        ],
        [
          17,
          1
        ],
        [
          44,
          23
        ],
        [
          71,
          34
        ],
        [
          71,
          34
        ],
        [
          84,
          70
        ],
        [
          98,
          75
        ],
        [
          125,
          93
        ],
        [
          132,
          105
        ],
        [
          152,
          131
        ],
        [
          157,
          141
        ],
        [
          152,
          145
        ],
        [
          125,
          150
        ],
        [
          98,
          150
        ],
        [
          71,
          147
        ],
        [
          44,
          147
        ],
        [
          17,
          150
        ],
        [
          0,
          162
        ]
      ]
    },
    {
      "elevation": 375,
      "elevation_bbox_pixels": [
        98.03277786367622,
        460.8464109053361,
        46.44880396103389,
        31.48664449369707
      ],
      "contour_line_pixels": [
        [
          0,
          440
        ],
        [
          17,
          456
        ],
        [
          19,
          461
        ],
        [
          44,
          494
        ],
        [
          47,
          497
        ],
        [
          66,
          512
        ]
      ]
    },
    {
      "elevation": 350,
      "elevation_bbox_pixels": [
        110.59579666438208,
        324.5009817717859,
        40.165154883015475,
        23.531261436775026
      ],
      "contour_line_pixels": [
        [
          163,
          0
        ],
        [
          178,
          15
        ],
        [
          205,
          26
        ],
        [
          212,
          34
        ],
        [
          219,
          70
        ],
        [
          227,
          105
        ],
        [
          218,
          141
        ],
        [
          205,
          166
        ],
        [
          196,
          176
        ],
        [
          178,
          193
        ],
        [
          152,
          204
        ],
        [
          135,
          212
        ],
        [
          125,
          236
        ],
        [
          119,
          247
        ],
        [
          120,
          283
        ],
        [
          98,
          299
        ],
        [
          71,
          310
        ],
        [
          55,
          319
        ],
        [
          44,
          342
        ],
        [
          40,
          354
        ],
        [
          44,
          361
        ],
        [
          56,
          390
        ],
        [
          71,
          412
        ],
        [
          81,
          425
        ],
        [
          98,
          448
        ],
        [
          114,
          461
        ],
        [
          125,
          470
        ],
        [
          152,
          492
        ],
        [
          156,
          497
        ],
        [
          174,
          512
        ]
      ]
    },
    {
      "elevation": 325,
      "elevation_bbox_pixels": [
        275.47219024239394,
        344.01838178073456,
        62.49356683037604,
        38.148923709477685
      ],
      "contour_line_pixels": [
        [
          225,
          0
        ],
        [
          232,
          8
        ],
        [
          253,
          34
        ],
        [
          259,
          41
        ],
        [
          282,
          70
        ],
        [
          286,
          80
        ],
        [
          303,
          105
        ],
        [
          303,
          141
        ],
        [
          313,
          176
        ],
        [
          313,
          176
        ],
        [
          339,
          200
        ],
        [
          353,
          212
        ],
        [
          366,
          221
        ],
        [
          393,
          247
        ],
        [
          393,
          247
        ],
        [
          402,
          283
        ],
        [
          402,
          319
        ],
        [
          393,
          354
        ],
        [
          393,
          354
        ],
        [
          366,
          363
        ],
        [
          339,
          363
        ],
        [
          313,
          368
        ],
        [
          286,
          368
        ],
        [
          259,
          372
        ],
        [
          232,
          390
        ],
        [
          232,
          391
        ],
        [
          227,
          425
        ],
        [
          232,
          431
        ],
        [
          259,
          461
        ],
        [
          259,
          461
        ],
        [
          286,
          483
        ],
        [
          302,
          497
        ],
        [
          313,
          504
        ],
        [
          330,
          512
        ]
      ]
    }
  ]
}