{
  "image": {
    "path": "N63E016_0527.png",
    "size": {
      "height": 512,
      "width": 512
    }
  },
  "labels": [
    {
      "elevation": 450,
      "elevation_bbox_pixels": [
        182.7359009236585,
        124.72547142981921,
        53.058187330829924,
        24.12877194909106
      ],
      "contour_line_pixels": [
        [
          106,
          137
        ],
        [
          106,
          137
        ],
        [
          106,
          130
        ],
        [
          106,
          130
        ],
        [
          106,
          130
        ],
        [
          115,
          137
        ],
        [
          123,
          137
        ],
        [
          123,
          137
        ],
        [
          123,
          137
        ],
        [
          115,
          137
        ],
        [
          106,
          137
        ]
      ]
    },
    {
      "elevation": 400,
      "elevation_bbox_pixels": [
        299.723861303044,
        315.28879246017493,
        46.05648870498055,
        26.091942872371135
      ],
      "contour_line_pixels": [
        [
          512,
          327
        ],
        [
          509,
          326
        ],
        [
          500,
          322
        ],
        [
          500,
          322
        ],
        [
          491,
          315
        ],
        [
          483,
          315
        ],
        [
          482,
          315
        ],
        [
          482,
          308
        ],
        [
          482,
          301
        ],
        [
          482,
          294
        ],
        [
          474,
          288
        ],
        [
          474,
          287
        ],
        [
          465,
          281
        ],
        [
          456,
          281
        ],
        [
          447,
          281
        ],
        [
          439,
          281
        ],
        [
          430,
          287
        ],
        [
          430,
          288
        ],
        [
          421,
          294
        ],
        [
          421,
          301
        ],
        [
          421,
          301
        ],
        [
          412,
          301
        ],
        [
          404,
          301
        ],
        [
          395,
          301
        ],
        [
          386,
          308
        ],
        [
          386,
          308
        ],
        [
          382,
          315
        ],
        [
          378,
          322
        ],
        [
          377,
          322
        ],
        [
          369,
          328
        ],
        [
          377,
          331
        ],
        [
          386,
          332
        ],
        [
          395,
          335
        ],
        [
          395,
          335
        ],
        [
          404,
          336
        ],
        [
          412,
          336
        ],
        [
          421,
          337
        ],
        [
          430,
          335
        ],
        [
          430,
          335
        ],
        [
          438,
          328
        ],
        [
          439,
          328
        ],
        [
          447,
          328
        ],
        [
          456,
          328
        ],
        [
          465,
          328
        ],
        [
          474,
          328
        ],
        [
          474,
          328
        ],
        [
          483,
          335
        ],
        [
          491,
          335
        ],
        [
          491,
          335
        ],
        [
          500,
          342
        ],
        [
          509,
          342
        ],
        [
          509,
          342
        ],
        [
          512,
          344
        ]
      ]
    },
    {
      "elevation": 425,
      "elevation_bbox_pixels": [
        147.69853474833909,
        323.3689692126162,
        56.388747871234216,
        32.328089957978875
      ],
      "contour_line_pixels": []
    },
    {
      "elevation": 400,
      "elevation_bbox_pixels": [
        257.7814568991288,
        435.71662239862064,
        34.73730537787583,
        18.34356077869569
      ],
      "contour_line_pixels": [
        [
          299,
          465
        ],
        [
          307,
          465
        ],
        [
          316,
          465
        ],
        [
          325,
          465
        ],
        [
          334,
          465
        ],
        [
          342,
          458
        ],
        [
          334,
          452
        ],
        [
          325,
          452
        ],
        [
          325,
          452
        ],
        [
          316,
          445
        ],
        [
          307,
          445
        ],
        [
          307,
          445
        ],
        [
          299,
          438
        ],
        [
          290,
          438
        ],
        [
          290,
          438
        ],
        [
          281,
          437
        ],
        [
          272,
          437
        ],
        [
          263,
          437
        ],
        [
          255,
          438
        ],
        [
          255,
          445
        ],
        [
          263,
          451
        ],
        [
          264,
          452
        ],
        [
          272,
          458
        ],
        [
          281,
          458
        ],
        [
          290,
          458
        ],
        [
          290,
          458
        ],
        [
          299,
          465
        ]
      ]
    },
    {
      "elevation": 425,
      "elevation_bbox_pixels": [
        309.5269767638395,
        455.0511195265131,
        46.1093000151717,
        20.543436759123196
      ],
      "contour_line_pixels": [
        [
          512,
          487
        ],
        [
          509,
          486
        ],
        [
          509,
          486
        ],
        [
          500,
          479
        ],
        [
          500,
          479
        ],
        [
          491,
          476
        ],
        [
          483,
          472
        ],
        [
          482,
          472
        ],
        [
          474,
          465
        ],
        [
          474,
          465
        ],
        [
          474,
          458
        ],
        [
          474,
          458
        ],
        [
          482,
          452
        ],
        [
          483,
          452
        ],
        [
          491,
          446
        ],
        [
          500,
          445
        ],
        [
          500,
          445
        ],
        [
          509,
          445
        ],
        [
          512,
          444
        ]
      ]
    },
    {
      "elevation": 375,
      "elevation_bbox_pixels": [
        186.83204611579018,
        5.044508995670014,
        51.59613690985651,
        30.93533690761285
      ],