{
  "image": {
    "path": "N63E016_0887.png",
    "size": {
      "height": 512,
      "width": 512
    }
  },
  "labels": [
    {
      "elevation": 400,
      "elevation_bbox_pixels": [
        250.51277586231106,
        -6.986567870663407,
        40.63526766488599,
        22.927809104688265
      ],
      "contour_line_pixels": [
        [
          512,
          5
        ],
        [
          510,
          5
        ],
        [
          448,
          6
        ],
        [
          387,
          5
        ],
        [
          326,
          4
        ],
        [
          265,
          4
        ],
        [
          204,
          1
        ],
        [
          181,
          0
        ]
      ]
    },
    {
      "elevation": 350,
      "elevation_bbox_pixels": [
        239.4444613807455,
        55.31395601958269,
        27.436471449089254,
        15.034876081398693
      ],
      "contour_line_pixels": [
        [
          512,
          60
        ],
        [
          510,
          60
        ],
        [
          448,
          61
        ],
        [
          387,
          61
        ],
        [
          328,
          63
        ],
        [
          326,
          63
        ],
        [
          265,
          63
        ],
        [
          204,
          63
        ],
        [
          142,
          65
        ],
        [
          81,
          66
        ],
        [
          20,
          66
        ],
        [
          0,
          65
        ]
      ]
    },
    {
      "elevation": 325,
      "elevation_bbox_pixels": [
        231.62126955984706,
        259.453329769511,
        55.66074471569459,
        26.88463934494507
      ],
      "contour_line_pixels": [
        [
          512,
          258
        ],
        [
          510,
          258
        ],
        [
          469,
          262
        ],
        [
          448,
          265
        ],
        [
          387,
          272
        ],
        [
          326,
          273
        ],
        [
          265,
          273
        ],
        [
          204,
          269
        ],
        [
          142,
          265
        ],
        [
          81,
          262
        ],
        [
          81,
          262
        ],
        [
          20,
          259
        ],
        [
          0,
          258
        ]
      ]
    },
    {
      "elevation": 300,
      "elevation_bbox_pixels": [
        241.0560734693292,
        297.86739486393935,
        51.27961159267363,
        27.357271120260577
      ],
      "contour_line_pixels": [
        [
          512,
          317
        ],
        [
          510,
          317
        ],
        [
          448,
          313
        ],
        [
          387,
          313
        ],
        [
          357,
          312
        ],
        [
          326,
          310
        ],
        [
          265,
          301
        ],
        [
          204,
          297
        ],
        [
          142,
          296
        ],
        [
          142,
          296
        ],
        [
          81,
          287
        ],
        [
          20,
          281
        ],
        [
          0,
          280
        ]
      ]
    }
  ]
}