{
  "image": {
    "path": "N63E016_1532.png",
    "size": {
      "height": 512,
      "width": 512
    }
  },
  "labels": [
    {
      "elevation": 275,
      "elevation_bbox_pixels": [
        319.7615406211447,
        18.162156419615656,
        30.43960646882556,
        19.134939115454586
      ],
      "contour_line_pixels": []
    },
    {
      "elevation": 300,
      "elevation_bbox_pixels": [
        259.5330064036136,
        137.04935620318417,
        54.915191766419866,
        33.04765057818463
      ],
      "contour_line_pixels": [
        [
          358,
          175
        ],
        [
          352,
          173
        ],
        [
          339,
          165
        ],
        [
          320,
          155
        ],
        [
          316,
          152
        ],
        [
          320,
          141
        ],
        [
          330,
          131
        ],
        [
          339,
          129
        ],
        [
          358,
          128
        ],
        [
          367,
          131
        ],
        [
          377,
          139
        ],
        [
          383,
          152
        ],
        [
          380,
          173
        ],
        [
          377,
          175
        ],
        [
          358,
          175
        ]
      ]
    },
    {
      "elevation": 275,
      "elevation_bbox_pixels": [
        204.84284151827237,
        117.91847166024019,
        33.3924630443492,
        17.34526480965576
      ],
      "contour_line_pixels": [
        [
          396,
          222
        ],
        [
          382,
          216
        ],
        [
          377,
          213
        ],
        [
          358,
          205
        ],
        [
          339,
          202
        ],
        [
          320,
          199
        ],
        [
          301,
          200
        ],
        [
          283,
          201
        ],
        [
          264,
          201
        ],
        [
          245,
          199
        ],
        [
          226,
          196
        ],
        [
          220,
          195
        ],
        [
          207,
          180
        ],
        [
          204,
          173
        ],
        [
          207,
          152
        ],
        [
          193,
          131
        ],
        [
          189,
          127
        ],
        [
          170,
          115
        ],
        [
          162,
          109
        ],
        [
          151,
          97
        ],
        [
          135,
          88
        ],
        [
          132,
          84
        ],
        [
          116,
          66
        ],
        [
          132,
          57
        ],
        [
          151,
          57
        ],
        [
          170,
          59
        ],
        [
          189,
          62
        ],
        [
          203,
          66
        ],
        [
          207,
          70
        ],
        [
          226,
          82
        ],
        [
          245,
          88
        ],
        [
          245,
          88
        ],
        [
          264,
          95
        ],
        [
          283,
          96
        ],
        [
          301,
          96
        ],
        [
          320,
          93
        ],
        [
          339,
          94
        ],
        [
          358,
          98
        ],
        [
          377,
          105
        ],
        [
          384,
          109
        ],
        [
          396,
          117
        ],
        [
          414,
          127
        ],
        [
          417,
          131
        ],
        [
          418,
          152
        ],
        [
          433,
          173
        ],
        [
          433,
          173
        ],
        [
          452,
          184
        ],
        [
          471,
          191
        ],
        [
          476,
          195
        ],
        [
          487,
          216
        ],
        [
          471,
          231
        ],
        [
          452,
          233
        ],
        [
          433,
          228
        ],
        [
          414,
          224
        ],
        [
          396,
          222
        ]
      ]
    },
    {
      "elevation": 250,
      "elevation_bbox_pixels": [
        157.83662073028302,
        173.20352468630557,
        45.65082602332291,
        21.216489902412945
      ],
      "contour_line_pixels": []
    },
    {
      "elevation": 250,
      "elevation_bbox_pixels": [
        119.75270067680246,
        248.00083320460436,
        42.82140620790018,
        26.062082099948753
      ],
      "contour_line_pixels": []
    },
    {
      "elevation": 225,
      "elevation_bbox_pixels": [
        158.58255885983942,
        373.08936646379664,
        39.49387514265004,
        23.32588975766413
      ],
      "contour_line_pixels": []
    },
    {
      "elevation": 250,
      "elevation_bbox_pixels": [
        137.61051895118268,
        418.9669569830304,
        38.824840870898754,
        21.83634340122606
      ],
      "contour_line_pixels": []
    },
    {
      "elevation": 225,
      "elevation_bbox_pixels": [
        240.70990139432593,
        420.02712484954395,
        53.97529202832857,
        29.278140873787834
      ],
      "contour_line_pixels": [
        [
          512,
          410
        ],
        [
          509,
          408
        ],
        [
          490,
          408
        ],
        [
          489,
          408
        ],
        [
          471,
          401
        ],
        [
          452,
          394
        ],
        [
          433,
          394
        ],
        [
          414,
          387
        ],
        [
          414,
          387
        ],
        [
          396,
          381
        ],
        [
          377,
          380
        ],
        [
          358,
          376
        ],
        [
          340,
          387
        ],
        [
          339,
          387
        ],
        [
          320,
          394
        ],
        [
          302,
          408
        ],
        [
          301,
          408
        ],
        [
          283,
          430
        ],
        [
          283,
          430
        ],
        [
          269,
          451
        ],
        [
          278,
          472
        ],
        [
          283,
          476
        ],
        [
          301,
          484
        ],
        [
          320,
          494
        ],
        [
          321,
          494
        ],
        [
          337,
          512
        ]
      ]
    }
  ]
}