{
  "image": {
    "path": "N63E016_1028.png",
    "size": {
      "height": 512,
      "width": 512
    }
  },
  "labels": [
    {
      "elevation": 225,
      "elevation_bbox_pixels": [
        219.42220859991278,
        247.79432312342158,
        56.12642667973864,
        29.039944087363665
      ],
      "contour_line_pixels": [
        [
          512,
          291
        ],
        [
          487,
          288
        ],
        [
          440,
          285
        ],
        [
          393,
          279
        ],
        [
          346,
          275
        ],
        [
          299,
          276
        ],
        [
          252,
          271
        ],
        [
          251,
          271
        ],
        [
          205,
          256
        ],
        [
          159,
          243
        ],
        [
          157,
          242
        ],
        [
          159,
          242
        ],
        [
          205,
          232
        ],
        [
          252,
          223
        ],
        [
          299,
          219
        ],
        [
          323,
          213
        ],
        [
          346,
          209
        ],
        [
          393,
          197
        ],
        [
          430,
          185
        ],
        [
          409,
          156
        ],
        [
          393,
          150
        ],
        [
          346,
          139
        ],
        [
          299,
          128
        ],
        [
          298,
          127
        ],
        [
          252,
          99
        ],
        [
          251,
          99
        ],
        [
          229,
          70
        ],
        [
          229,
          42
        ],
        [
          205,
          14
        ],
        [
          205,
          13
        ],
        [
          205,
          0
        ]
      ]
    }
  ]
}