{
  "image": {
    "path": "N63E016_0332.png",
    "size": {
      "height": 512,
      "width": 512
    }
  },
  "labels": [
    {
      "elevation": 475,
      "elevation_bbox_pixels": [
        210.62396515695622,
        146.9351254194438,
        50.94888935350093,
        28.124706256124455
      ],
      "contour_line_pixels": [
        [
          0,
          141
        ],
        [
          4,
          152
        ],
        [
          29,
          166
        ],
        [
          30,
          166
        ],
        [
          30,
          181
        ],
        [
          29,
          181
        ],
        [
          0,
          186
        ]
      ]
    },
    {
      "elevation": 475,
      "elevation_bbox_pixels": [
        242.73565471614134,
        204.44233659275324,
        25.76295414859183,
        15.88070827876254
      ],
      "contour_line_pixels": [
        [
          512,
          239
        ],
        [
          483,
          239
        ],
        [
          407,
          239
        ],
        [
          377,
          237
        ],
        [
          331,
          232
        ],
        [
          256,
          224
        ],
        [
          241,
          223
        ],
        [
          255,
          209
        ],
        [
          256,
          209
        ],
        [
          331,
          205
        ],
        [
          407,
          206
        ],
        [
          483,
          209
        ],
        [
          484,
          209
        ],
        [
          512,
          211
        ]
      ]
    },
    {
      "elevation": 450,
      "elevation_bbox_pixels": [
        217.59668475078485,
        375.715038360803,
        55.57881369403083,
        27.16237917633987
      ],
      "contour_line_pixels": []
    },
    {
      "elevation": 425,
      "elevation_bbox_pixels": [
        237.0033716462067,
        462.85523137402305,
        40.83541127465833,
        24.866706910104458
      ],
      "contour_line_pixels": [
        [
          512,
          502
        ],
        [
          483,
          497
        ],
        [
          445,
          493
        ],
        [
          407,
          489
        ],
        [
          331,
          481
        ],
        [
          306,
          478
        ],
        [
          256,
          474
        ],
        [
          180,
          469
        ],
        [
          105,
          464
        ],
        [
          104,
          464
        ],
        [
          90,
          450
        ],
        [
          62,
          436
        ],
        [
          29,
          431
        ],
        [
          0,
          426
        ]
      ]
    }
  ]
}