{
  "image": {
    "path": "N63E016_0135.png",
    "size": {
      "height": 512,
      "width": 512
    }
  },
  "labels": [
    {
      "elevation": 250,
      "elevation_bbox_pixels": [
        274.58291798693784,
        66.62446694187236,
        28.358852444700574,
        16.158810667332773
      ],
      "contour_line_pixels": [
        [
          459,
          96
        ],
        [
          459,
          96
        ],
        [
          447,
          93
        ],
        [
          434,
          92
        ],
        [
          422,
          90
        ],
        [
          410,
          85
        ],
        [
          397,
          85
        ],
        [
          385,
          84
        ],
        [
          385,
          84
        ],
        [
          372,
          81
        ],
        [
          360,
          80
        ],
        [
          347,
          79
        ],
        [
          335,
          76
        ],
        [
          323,
          72
        ],
        [
          321,
          72
        ],
        [
          312,
          59
        ],
        [
          323,
          54
        ],
        [
          335,
          51
        ],
        [
          347,
          51
        ],
        [
          360,
          53
        ],
        [
          372,
          53
        ],
        [
          385,
          54
        ],
        [
          397,
          55
        ],
        [
          410,
          58
        ],
        [
          414,
          59
        ],
        [
          422,
          65
        ],
        [
          434,
          71
        ],
        [
          434,
          72
        ],
        [
          447,
          74
        ],
        [
          459,
          84
        ],
        [
          459,
          84
        ],
        [
          459,
          96
        ],
        [
          459,
          96
        ]
      ]
    },
    {
      "elevation": 250,
      "elevation_bbox_pixels": [
        334.95666025560075,
        109.62939110462673,
        41.82055293134147,
        20.410246222389333
      ],
      "contour_line_pixels": [
        [
          512,
          120
        ],
        [
          509,
          120
        ],
        [
          496,
          120
        ],
        [
          484,
          120
        ],
        [
          472,
          120
        ],
        [
          471,
          120
        ],
        [
          472,
          120
        ],
        [
          484,
          120
        ],
        [
          496,
          120
        ],
        [
          509,
          120
        ],
        [
          512,
          120
        ]
      ]
    },
    {
      "elevation": 325,
      "elevation_bbox_pixels": [
        334.9823907708781,
        328.6568625338562,
        34.0988496099593,
        21.01443674071686
      ],
      "contour_line_pixels": [
        [
          512,
          374
        ],
        [
          509,
          375
        ],
        [
          496,
          378
        ],
        [
          484,
          376
        ],
        [
          478,
          373
        ],
        [
          472,
          366
        ],
        [
          466,
          361
        ],
        [
          467,
          349
        ],
        [
          472,
          341
        ],
        [
          476,
          337
        ],
        [
          484,
          332
        ],
        [
          496,
          330
        ],
        [
          509,
          329
        ],
        [
          512,
          329
        ]
      ]
    },
    {
      "elevation": 300,
      "elevation_bbox_pixels": [
        319.5864880713072,
        364.7319648620281,
        33.4947580334516,
        19.629223335193558
      ],
      "contour_line_pixels": [
        [
          512,
          392
        ],
        [
          509,
          392
        ],
        [
          496,
          393
        ],
        [
          484,
          392
        ],
        [
          472,
          389
        ],
        [
          459,
          386
        ],
        [
          457,
          385
        ],
        [
          447,
          380
        ],
        [
          436,
          373
        ],
        [
          434,
          372
        ],
        [
          422,
          362
        ],
        [
          421,
          361
        ],
        [
          422,
          349
        ],
        [
          422,
          349
        ],
        [
          429,
          337
        ],
        [
          434,
          327
        ],
        [
          436,
          325
        ],
        [
          445,
          313
        ],
        [
          447,
          311
        ],
        [
          459,
          301
        ],
        [
          459,
          301
        ],
        [
          471,
          289
        ],
        [
          472,
          288
        ],
        [
          476,
          277
        ],
        [
          484,
          269
        ],
        [
          488,
          265
        ],
        [
          496,
          259
        ],
        [
          509,
          255
        ],
        [
          512,
          254
        ]
      ]
    },
    {
      "elevation": 275,
      "elevation_bbox_pixels": [
        310.0814566206816,
        399.8171620475737,
        53.53906034038164,
        29.07336759853112
      ],
      "contour_line_pixels": [
        [
          422,
          445
        ],
        [
          434,
          445
        ],
        [
          447,
          445
        ],
        [
          459,
          434
        ],
        [
          447,
          422
        ],
        [
          446,
          421
        ],
        [
          434,
          410
        ],
        [
          422,
          410
        ],
        [
          410,
          410
        ],
        [
          397,
          421
        ],
        [
          410,
          433
        ],
        [
          410,
          434
        ],
        [
          422,
          445
        ]
      ]
    },
    {
      "elevation": 350,
      "elevation_bbox_pixels": [
        139.87364644901362,
        349.0275308457641,
        53.58459514977642,
        27.66075131195231
      ],
      "contour_line_pixels": [
        [
          0,
          326
        ],
        [
          0,
          326
        ],
        [
          13,
          332
        ],
        [
          25,
          337
        ],
        [
          25,
          337
        ],
        [
          37,
          346
        ],
        [
          42,
          349
        ],
        [
          50,
          358
        ],
        [
          53,
          361
        ],
        [
          58,
          373
        ],
        [
          62,
          378
        ],
        [
          66,
          385
        ],
        [
          65,
          397
        ],
        [
          68,
          409
        ],
        [
          73,
          421
        ],
        [
          75,
          433
        ],
        [
          75,
          434
        ],
        [
          75,
          434
        ],
        [
          62,
          437
        ],
        [
          50,
          438
        ],
        [
          37,
          438
        ],
        [
          25,
          438
        ],
        [
          13,
          438
        ],
        [
          0,
          436
        ],
        [
          0,
          436
        ]
      ]
    },
    {
      "elevation": 225,
      "elevation_bbox_pixels": [
        319.2423833249448,
        17.210417075083853,
        36.17494290846696,
        22.008736640911025
      ],