{
  "image": {
    "path": "N63E016_1543.png",
    "size": {
      "height": 512,
      "width": 512
    }
  },
  "labels": [
    {
      "elevation": 275,
      "elevation_bbox_pixels": [
        208.86440841435683,
        5.787480998572789,
        54.516134169860834,
        32.23905186211152
      ],
      "contour_line_pixels": []
    },
    {
      "elevation": 325,
      "elevation_bbox_pixels": [
        23.212231237373846,
        323.5496309468488,
        54.239755908278624,
        33.86655635033492
      ],
      "contour_line_pixels": [
        [
          0,
          284
        ],
        [
          12,
          311
        ],
        [
          14,
          327
        ],
        [
          17,
          344
        ],
        [
          21,
          378
        ],
        [
          14,
          389
        ],
        [
          0,
          402
        ]
      ]
    },
    {
      "elevation": 300,
      "elevation_bbox_pixels": [
        450.5024334709728,
        464.7398146383399,
        32.82990308595174,
        20.444569458825587
      ],
      "contour_line_pixels": [
        [
          491,
          512
        ],
        [
          491,
          512
        ],
        [
          496,
          478
        ],
        [
          496,
          478
        ],
        [
          512,
          470
        ]
      ]
    },
    {
      "elevation": 275,
      "elevation_bbox_pixels": [
        163.89095863260707,
        422.09645827654595,
        40.96080435119279,
        21.734648656475628
      ],
      "contour_line_pixels": []
    }
  ]
}