{
  "image": {
    "path": "N63E016_0630.png",
    "size": {
      "height": 512,
      "width": 512
    }
  },
  "labels": [
    {
      "elevation": 200,
      "elevation_bbox_pixels": [
        467.9806408995935,
        88.63682430140705,
        44.37232340109813,
        25.61993092957823
      ],
      "contour_line_pixels": [
        [
          512,
          101
        ],
        [
          497,
          93
        ],
        [
          485,
          89
        ],
        [
          479,
          82
        ],
        [
          462,
          48
        ],
        [
          462,
          47
        ],
        [
          444,
          22
        ],
        [
          431,
          6
        ],
        [
          427,
          2
        ],
        [
          426,
          0
        ]
      ]
    },
    {
      "elevation": 175,
      "elevation_bbox_pixels": [
        364.2165713550619,
        54.54397652771934,
        55.97931692644897,
        31.778497814970933
      ],
      "contour_line_pixels": [
        [
          512,
          162
        ],
        [
          497,
          149
        ],
        [
          479,
          140
        ],
        [
          462,
          132
        ],
        [
          453,
          130
        ],
        [
          444,
          126
        ],
        [
          427,
          109
        ],
        [
          413,
          89
        ],
        [
          410,
          82
        ],
        [
          392,
          58
        ],
        [
          387,
          47
        ],
        [
          375,
          29
        ],
        [
          358,
          10
        ],
        [
          356,
          6
        ],
        [
          353,
          0
        ]
      ]
    },
    {
      "elevation": 150,
      "elevation_bbox_pixels": [
        353.94452639810333,
        149.5907878075256,
        38.48543053652975,
        24.289931505826303
      ],
      "contour_line_pixels": [
        [
          512,
          278
        ],
        [
          497,
          253
        ],
        [
          496,
          253
        ],
        [
          479,
          242
        ],
        [
          462,
          224
        ],
        [
          450,
          212
        ],
        [
          444,
          207
        ],
        [
          427,
          193
        ],
        [
          410,
          187
        ],
        [
          392,
          178
        ],
        [
          387,
          171
        ],
        [
          375,
          157
        ],
        [
          358,
          137
        ],
        [
          353,
          130
        ],
        [
          340,
          95
        ],
        [
          338,
          89
        ],
        [
          323,
          61
        ],
        [
          312,
          47
        ],
        [
          306,
          39
        ],
        [
          288,
          20
        ],
        [
          279,
          6
        ],
        [
          276,
          0
        ]
      ]
    },
    {
      "elevation": 125,
      "elevation_bbox_pixels": [
        393.688323295976,
        315.23146249516583,
        33.06652394901414,
        20.6516822981705
      ],
      "contour_line_pixels": [
        [
          512,
          457
        ],
        [
          497,
          436
        ],
        [
          484,
          418
        ],
        [
          479,
          413
        ],
        [
          462,
          397
        ],
        [
          444,
          377
        ],
        [
          444,
          377
        ],
        [
          427,
          356
        ],
        [
          414,
          336
        ],
        [
          410,
          330
        ],
        [
          392,
          308
        ],
        [
          381,
          294
        ],
        [
          375,
          288
        ],
        [
          358,
          267
        ],
        [
          349,
          253
        ],
        [
          340,
          240
        ],
        [
          323,
          212
        ],
        [
          323,
          212
        ],
        [
          306,
          185
        ],
        [
          299,
          171
        ],
        [
          288,
          150
        ],
        [
          278,
          130
        ],
        [
          271,
          119
        ],
        [
          256,
          89
        ],
        [
          253,
          85
        ],
        [
          236,
          61
        ],
        [
          227,
          47
        ],
        [
          219,
          30
        ],
        [
          209,
          6
        ],
        [
          206,
          0
        ]
      ]
    }
  ]
}