{
  "image": {
    "path": "N63E016_0180.png",
    "size": {
      "height": 512,
      "width": 512
    }
  },
  "labels": [
    {
      "elevation": 400,
      "elevation_bbox_pixels": [
        185.71628582991582,
        116.19268815797261,
        45.366437951067155,
        23.52832130863385
      ],
      "contour_line_pixels": [
        [
          225,
          155
        ],
        [
          160,
          155
        ],
        [
          160,
          155
        ],
        [
          96,
          123
        ],
        [
          82,
          110
        ],
        [
          96,
          80
        ],
        [
          160,
          74
        ],
        [
          225,
          102
        ],
        [
          237,
          110
        ],
        [
          225,
          155
        ],
        [
          225,
          155
        ]
      ]
    },
    {
      "elevation": 400,
      "elevation_bbox_pixels": [
        176.19371410945905,
        496.56357199650836,
        47.49921739944239,
        25.243267947833587
      ],
      "contour_line_pixels": [
        [
          59,
          512
        ],
        [
          96,
          507
        ],
        [
          133,
          512
        ]
      ]
    },
    {
      "elevation": 375,
      "elevation_bbox_pixels": [
        221.07575301746942,
        196.5853166311415,
        38.94972502377141,
        22.152591080145157
      ],
      "contour_line_pixels": [
        [
          273,
          0
        ],
        [
          289,
          9
        ],
        [
          298,
          20
        ],
        [
          335,
          65
        ],
        [
          349,
          110
        ],
        [
          353,
          125
        ],
        [
          365,
          155
        ],
        [
          353,
          163
        ],
        [
          289,
          191
        ],
        [
          225,
          200
        ],
        [
          225,
          200
        ],
        [
          160,
          227
        ],
        [
          97,
          245
        ],
        [
          160,
          257
        ],
        [
          225,
          268
        ],
        [
          257,
          290
        ],
        [
          289,
          313
        ],
        [
          342,
          336
        ],
        [
          353,
          358
        ],
        [
          359,
          381
        ],
        [
          353,
          426
        ],
        [
          353,
          427
        ],
        [
          345,
          471
        ],
        [
          346,
          512
        ]
      ]
    },
    {
      "elevation": 350,
      "elevation_bbox_pixels": [
        302.356567514685,
        362.3972305941133,
        53.869409470638175,
        30.27686522496525
      ],
      "contour_line_pixels": [
        [
          458,
          0
        ],
        [
          449,
          20
        ],
        [
          441,
          65
        ],
        [
          481,
          100
        ],
        [
          494,
          110
        ],
        [
          502,
          155
        ],
        [
          497,
          200
        ],
        [
          481,
          223
        ],
        [
          449,
          245
        ],
        [
          460,
          290
        ],
        [
          481,
          318
        ],
        [
          490,
          336
        ],
        [
          486,
          381
        ],
        [
          494,
          426
        ],
        [
          482,
          471
        ],
        [
          501,
          512
        ]
      ]
    }
  ]
}