{
  "image": {
    "path": "N63E016_0593.png",
    "size": {
      "height": 512,
      "width": 512
    }
  },
  "labels": [
    {
      "elevation": 225,
      "elevation_bbox_pixels": [
        280.3512593233323,
        273.2452993079796,
        43.193849096975896,
        20.31304069282305
      ],
      "contour_line_pixels": [
        [
          0,
          83
        ],
        [
          0,
          83
        ],
        [
          4,
          86
        ],
        [
          8,
          89
        ],
        [
          16,
          95
        ],
        [
          16,
          95
        ],
        [
          24,
          100
        ],
        [
          31,
          105
        ],
        [
          31,
          105
        ],
        [
          39,
          111
        ],
        [
          47,
          114
        ],
        [
          47,
          114
        ],
        [
          54,
          117
        ],
        [
          62,
          121
        ],
        [
          70,
          124
        ],
        [
          70,
          124
        ],
        [
          77,
          129
        ],
        [
          85,
          133
        ],
        [
          85,
          133
        ],
        [
          93,
          143
        ],
        [
          93,
          143
        ],
        [
          100,
          148
        ],
        [
          106,
          152
        ],
        [
          108,
          155
        ],
        [
          116,
          160
        ],
        [
          120,
          162
        ],
        [
          124,
          165
        ],
        [
          131,
          171
        ],
        [
          131,
          172
        ],
        [
          139,
          175
        ],
        [
          147,
          179
        ],
        [
          154,
          181
        ],
        [
          162,
          181
        ],
        [
          162,
          181
        ],
        [
          170,
          184
        ],
        [
          177,
          186
        ],
        [
          185,
          188
        ],
        [
          193,
          191
        ],
        [
          193,
          191
        ],
        [
          200,
          194
        ],
        [
          208,
          197
        ],
        [
          216,
          200
        ],
        [
          216,
          200
        ],
        [
          224,
          207
        ],
        [
          231,
          210
        ],
        [
          231,
          210
        ],
        [
          239,
          219
        ],
        [
          239,
          219
        ],
        [
          247,
          226
        ],
        [
          250,
          229
        ],
        [
          254,
          232
        ],
        [
          262,
          238
        ],
        [
          262,
          238
        ],
        [
          270,
          243
        ],
        [
          277,
          248
        ],
        [
          278,
          248
        ],
        [
          285,
          253
        ],
        [
          293,
          257
        ],
        [
          293,
          258
        ],
        [
          300,
          267
        ],
        [
          308,
          267
        ],
        [
          308,
          267
        ],
        [
          316,
          273
        ],
        [
          320,
          277
        ],
        [
          324,
          279
        ],
        [
          331,
          281
        ],
        [
          339,
          284
        ],
        [
          343,
          286
        ],
        [
          347,
          289
        ],
        [
          354,
          293
        ],
        [
          362,
          296
        ],
        [
          362,
          296
        ],
        [
          370,
          305
        ],
        [
          370,
          305
        ],
        [
          377,
          312
        ],
        [
          381,
          315
        ],
        [
          385,
          318
        ],
        [
          393,
          324
        ],
        [
          393,
          324
        ],
        [
          400,
          331
        ],
        [
          404,
          334
        ],
        [
          408,
          337
        ],
        [
          413,
          344
        ],
        [
          416,
          347
        ],
        [
          424,
          353
        ],
        [
          424,
          353
        ],
        [
          431,
          356
        ],
        [
          439,
          358
        ],
        [
          447,
          360
        ],
        [
          454,
          360
        ],
        [
          462,
          363
        ],
        [
          470,
          363
        ],
        [
          477,
          363
        ],
        [
          485,
          363
        ],
        [
          493,
          363
        ],
        [
          493,
          363
        ],
        [
          500,
          367
        ],
        [
          508,
          365
        ],
        [
          512,
          365
        ]
      ]
    },
    {
      "elevation": 250,
      "elevation_bbox_pixels": [
        294.9427127798466,
        356.97607552510016,
        28.5484548600391,
        15.092269763009995
      ],