{
  "image": {
    "path": "N63E016_0647.png",
    "size": {
      "height": 512,
      "width": 512
    }
  },
  "labels": [
    {
      "elevation": 350,
      "elevation_bbox_pixels": [
        292.7073261451896,
        5.747021458638642,
        24.791279189765305,
        16.78934843290449
      ],
      "contour_line_pixels": []
    },
    {
      "elevation": 250,
      "elevation_bbox_pixels": [
        216.64037350746284,
        20.76907120732085,
        58.211952601517424,
        30.26952296333002
      ],
      "contour_line_pixels": [
        [
          178,
          40
        ],
        [
          185,
          44
        ],
        [
          185,
          44
        ],
        [
          191,
          45
        ],
        [
          198,
          45
        ],
        [
          205,
          45
        ],
        [
          211,
          45
        ],
        [
          218,
          45
        ],
        [
          221,
          44
        ],
        [
          225,
          42
        ],
        [
          228,
          40
        ],
        [
          225,
          37
        ],
        [
          218,
          37
        ],
        [
          218,
          37
        ],
        [
          211,
          35
        ],
        [
          205,
          35
        ],
        [
          198,
          35
        ],
        [
          191,
          35
        ],
        [
          185,
          35
        ],
        [
          181,
          37
        ],
        [
          178,
          40
        ]
      ]
    },
    {
      "elevation": 425,
      "elevation_bbox_pixels": [
        270.5083264938039,
        226.19180017723414,
        49.38121729109116,
        32.35554094142856
      ],
      "contour_line_pixels": [
        [
          404,
          246
        ],
        [
          404,
          246
        ],
        [
          404,
          246
        ],
        [
          410,
          242
        ],
        [
          411,
          242
        ],
        [
          417,
          242
        ],
        [
          424,
          242
        ],
        [
          424,
          242
        ],
        [
          424,
          246
        ],
        [
          424,
          246
        ],
        [
          417,
          246
        ],
        [
          411,
          246
        ],
        [
          404,
          246
        ]
      ]
    },
    {
      "elevation": 425,
      "elevation_bbox_pixels": [
        264.0588558085477,
        302.1826898727893,
        44.23240687967996,
        25.373009583474925
      ],
      "contour_line_pixels": [
        [
          404,
          402
        ],
        [
          397,
          403
        ],
        [
          397,
          403
        ],
        [
          391,
          404
        ],
        [
          384,
          405
        ],
        [
          377,
          405
        ],
        [
          371,
          407
        ],
        [
          371,
          407
        ],
        [
          364,
          407
        ],
        [
          357,
          407
        ],
        [
          351,
          407
        ],
        [
          344,
          407
        ],
        [
          344,
          407
        ],
        [
          337,
          406
        ],
        [
          331,
          406
        ],
        [
          324,
          405
        ],
        [
          318,
          405
        ],
        [
          311,
          405
        ],
        [
          304,
          405
        ],
        [
          298,
          405
        ],
        [
          291,
          405
        ],
        [
          284,
          405
        ],
        [
          278,
          405
        ],
        [
          271,
          405
        ],
        [
          264,
          404
        ],
        [
          258,
          403
        ],
        [
          258,
          403
        ],
        [
          251,
          403
        ],
        [
          244,
          402
        ],
        [
          238,
          401
        ],
        [
          234,
          400
        ],
        [
          231,
          398
        ],
        [
          225,
          397
        ],
        [
          218,
          396
        ],
        [
          218,
          396
        ],
        [
          211,
          392
        ],
        [
          211,
          392
        ],
        [
          205,
          389
        ],
        [
          204,
          388
        ],
        [
          204,
          385
        ],
        [
          204,
          381
        ],
        [
          205,
          377
        ],
        [
          205,
          377
        ],
        [
          208,
          373
        ],
        [
          205,
          370
        ],
        [
          205,
          370
        ],
        [
          205,
          366
        ],
        [
          205,
          366
        ],
        [
          208,
          362
        ],
        [
          211,
          359
        ],
        [
          211,
          358
        ],
        [
          215,
          355
        ],
        [
          218,
          353
        ],
        [
          224,
          351
        ],
        [
          225,
          351
        ],
        [
          231,
          347
        ],
        [
          228,
          344
        ],
        [
          231,
          342
        ],
        [
          238,
          340
        ],
        [
          238,
          340
        ],
        [
          244,
          339
        ],
        [
          251,
          338
        ],
        [
          258,
          336
        ],
        [
          258,
          336
        ],
        [
          264,
          333
        ],
        [
          266,
          332
        ],
        [
          268,
          329
        ],
        [
          268,
          325
        ],
        [
          271,
          321
        ],
        [
          271,
          321
        ],
        [
          278,
          319
        ],
        [
          284,
          317
        ],
        [
          284,
          317
        ],
        [
          291,
          317
        ],
        [
          298,
          317
        ],
        [
          304,
          317
        ],
        [
          311,
          317
        ],
        [
          318,
          317
        ],
        [
          318,
          317
        ],
        [
          324,
          318
        ],
        [
          331,
          319
        ],
        [
          337,
          317
        ],
        [
          337,
          317
        ],
        [
          344,
          317
        ],
        [
          351,
          317
        ],
        [
          357,
          315
        ],
        [
          364,
          315
        ],
        [
          371,
          314
        ],
        [
          371,
          314
        ],
        [
          371,
          314
        ],
        [
          377,
          315
        ],
        [
          384,
          317
        ],
        [
          384,
          317
        ],
        [
          391,
          319
        ],
        [
          397,
          321
        ],
        [
          397,
          321
        ],
        [
          404,
          323
        ],
        [
          411,
          325
        ],
        [
          417,
          325
        ],
        [
          417,
          325
        ],
        [
          424,
          327
        ],
        [
          431,
          329
        ],
        [
          437,
          329
        ],
        [
          437,
          329
        ],
        [
          444,
          330
        ],
        [
          450,
          332
        ],
        [
