{
  "image": {
    "path": "N63E016_1428.png",
    "size": {
      "height": 512,
      "width": 512
    }
  },
  "labels": [
    {
      "elevation": 250,
      "elevation_bbox_pixels": [
        230.44816078020415,
        2.5653516836042627,
        45.366437951067155,
        23.52832130863385
      ],
      "contour_line_pixels": [
        [
          267,
          0
        ],
        [
          253,
          5
        ],
        [
          155,
          24
        ],
        [
          153,
          24
        ],
        [
          5,
          42
        ],
        [
          3,
          42
        ],
        [
          0,
          43
        ]
      ]
    },
    {
      "elevation": 225,
      "elevation_bbox_pixels": [
        239.1060029161535,
        147.18675952748987,
        47.37426198190781,
        25.239929740417097
      ],
      "contour_line_pixels": [
        [
          512,
          148
        ],
        [
          454,
          154
        ],
        [
          453,
          154
        ],
        [
          303,
          166
        ],
        [
          203,
          172
        ],
        [
          153,
          175
        ],
        [
          3,
          179
        ],
        [
          0,
          179
        ]
      ]
    },
    {
      "elevation": 200,
      "elevation_bbox_pixels": [
        222.76742906853428,
        496.9995207238378,
        38.94972502377141,
        22.152591080145122
      ],
      "contour_line_pixels": [
        [
          0,
          506
        ],
        [
          3,
          506
        ],
        [
          7,
          506
        ],
        [
          7,
          512
        ]
      ]
    },
    {
      "elevation": 200,
      "elevation_bbox_pixels": [
        223.0372137378194,
        268.92418414878114,
        53.74540919815365,
        30.261087632506815
      ],
      "contour_line_pixels": [
        [
          512,
          306
        ],
        [
          453,
          302
        ],
        [
          303,
          302
        ],
        [
          300,
          302
        ],
        [
          153,
          284
        ],
        [
          3,
          284
        ],
        [
          0,
          284
        ]
      ]
    }
  ]
}