{
  "image": {
    "path": "N63E016_0208.png",
    "size": {
      "height": 512,
      "width": 512
    }
  },
  "labels": [
    {
      "elevation": 300,
      "elevation_bbox_pixels": [
        386.0778342126838,
        274.6870037798335,
        51.04203411914091,
        28.76125614782177
      ],
      "contour_line_pixels": [
        [
          512,
          339
        ],
        [
          497,
          339
        ],
        [
          463,
          317
        ],
        [
          428,
          303
        ],
        [
          394,
          283
        ],
        [
          359,
          274
        ],
        [
          359,
          274
        ],
        [
          359,
          272
        ],
        [
          393,
          187
        ],
        [
          393,
          101
        ],
        [
          359,
          17
        ],
        [
          359,
          15
        ],
        [
          350,
          0
        ]
      ]
    },
    {
      "elevation": 275,
      "elevation_bbox_pixels": [
        401.2653255914249,
        375.4065712169833,
        46.971066098212304,
        27.11697297709145
      ],
      "contour_line_pixels": [
        [
          512,
          411
        ],
        [
          497,
          411
        ],
        [
          463,
          409
        ],
        [
          428,
          407
        ],
        [
          394,
          402
        ],
        [
          359,
          392
        ],
        [
          325,
          367
        ],
        [
          308,
          360
        ],
        [
          290,
          350
        ],
        [
          256,
          285
        ],
        [
          252,
          274
        ],
        [
          254,
          187
        ],
        [
          256,
          101
        ],
        [
          256,
          15
        ],
        [
          250,
          0
        ]
      ]
    },
    {
      "elevation": 250,
      "elevation_bbox_pixels": [
        188.07955590823406,
        271.8617171309245,
        37.944796142834775,
        21.432304738218193
      ],
      "contour_line_pixels": [
        [
          512,
          473
        ],
        [
          497,
          470
        ],
        [
          463,
          463
        ],
        [
          428,
          462
        ],
        [
          394,
          461
        ],
        [
          359,
          459
        ],
        [
          325,
          449
        ],
        [
          322,
          447
        ],
        [
          290,
          414
        ],
        [
          256,
          394
        ],
        [
          221,
          371
        ],
        [
          214,
          360
        ],
        [
          206,
          274
        ],
        [
          208,
          187
        ],
        [
          209,
          101
        ],
        [
          187,
          42
        ],
        [
          176,
          15
        ],
        [
          175,
          0
        ]
      ]
    },
    {
      "elevation": 175,
      "elevation_bbox_pixels": [
        -8.416844639438228,
        377.26832098353765,
        60.90690778540451,
        35.9760114582606
      ],
      "contour_line_pixels": [
        [
          104,
          512
        ],
        [
          83,
          490
        ],
        [
          49,
          458
        ],
        [
          42,
          447
        ],
        [
          14,
          401
        ],
        [
          0,
          379
        ]
      ]
    },
    {
      "elevation": 200,
      "elevation_bbox_pixels": [
        60.681243486223536,
        327.49196420695455,
        50.238538064554746,
        30.61783383801935
      ],
      "contour_line_pixels": [
        [
          195,
          512
        ],
        [
          187,
          504
        ],
        [
          152,
          456
        ],
        [
          147,
          447
        ],
        [
          118,
          397
        ],
        [
          87,
          360
        ],
        [
          83,
          343
        ],
        [
          60,
          274
        ],
        [
          49,
          216
        ],
        [
          44,
          187
        ],
        [
          44,
          101
        ],
        [
          37,
          15
        ],
        [
          30,
          0
        ]
      ]
    },
    {
      "elevation": 225,
      "elevation_bbox_pixels": [
        130.0774755678813,
        301.447626694219,
        58.108752937852785,
        35.904299264546864
      ],
      "contour_line_pixels": [
        [
          124,
          0
        ],
        [
          127,
          15
        ],
        [
          132,
          101
        ],
        [
          135,
          187
        ],
        [
          147,
          274
        ],
        [
          152,
          286
        ],
        [
          164,
          360
        ],
        [
          187,
          403
        ],
        [
          221,
          436
        ],
        [
          233,
          447
        ],
        [
          256,
          473
        ],
        [
          290,
          488
        ],
        [
          325,
          509
        ],
        [
          359,
          512
        ],
        [
          364,
          512
        ]
      ]
    }
  ]
}