{
  "image": {
    "path": "N63E016_1469.png",
    "size": {
      "height": 512,
      "width": 512
    }
  },
  "labels": [
    {
      "elevation": 200,
      "elevation_bbox_pixels": [
        328.92099025662463,
        138.10313647540892,
        42.40501720731265,
        23.066571814517488
      ],
      "contour_line_pixels": [
        [
          203,
          0
        ],
        [
          327,
          150
        ],
        [
          479,
          150
        ],
        [
          512,
          124
        ]
      ]
    },
    {
      "elevation": 200,
      "elevation_bbox_pixels": [
        262.8290506513358,
        148.81150049952453,
        52.49062637881616,
        24.253389595940007
      ],
      "contour_line_pixels": []
    },
    {
      "elevation": 200,
      "elevation_bbox_pixels": [
        176.2613231209335,
        386.0896443365108,
        28.096658906853747,
        13.757433609298687
      ],
      "contour_line_pixels": [
        [
          315,
          512
        ],
        [
          175,
          342
        ],
        [
          35,
          512
        ]
      ]
    }
  ]
}