{
  "image": {
    "path": "N63E016_1677.png",
    "size": {
      "height": 512,
      "width": 512
    }
  },
  "labels": [
    {
      "elevation": 525,
      "elevation_bbox_pixels": [
        361.7953091869591,
        -8.12402830107078,
        44.062030966476186,
        26.75799682451293
      ],
      "contour_line_pixels": [
        [
          512,
          14
        ],
        [
          508,
          12
        ],
        [
          508,
          12
        ],
        [
          496,
          4
        ],
        [
          488,
          0
        ]
      ]
    },
    {
      "elevation": 500,
      "elevation_bbox_pixels": [
        173.49574199083253,
        108.87022102453773,
        25.18776440503791,
        15.352135994620085
      ],
      "contour_line_pixels": [
        [
          512,
          94
        ],
        [
          508,
          96
        ],
        [
          496,
          102
        ],
        [
          496,
          102
        ],
        [
          484,
          102
        ],
        [
          471,
          102
        ],
        [
          459,
          102
        ],
        [
          446,
          102
        ],
        [
          434,
          102
        ],
        [
          422,
          102
        ],
        [
          409,
          104
        ],
        [
          397,
          105
        ],
        [
          384,
          108
        ],
        [
          372,
          110
        ],
        [
          360,
          112
        ],
        [
          347,
          112
        ],
        [
          335,
          111
        ],
        [
          322,
          108
        ],
        [
          310,
          105
        ],
        [
          298,
          103
        ],
        [
          285,
          102
        ],
        [
          285,
          102
        ],
        [
          273,
          97
        ],
        [
          260,
          95
        ],
        [
          248,
          92
        ],
        [
          236,
          89
        ],
        [
          223,
          89
        ],
        [
          211,
          89
        ],
        [
          198,
          90
        ],
        [
          186,
          94
        ],
        [
          174,
          102
        ],
        [
          174,
          102
        ],
        [
          161,
          105
        ],
        [
          149,
          112
        ],
        [
          137,
          117
        ],
        [
          136,
          117
        ],
        [
          124,
          117
        ],
        [
          112,
          117
        ],
        [
          99,
          117
        ],
        [
          99,
          117
        ],
        [
          87,
          111
        ],
        [
          74,
          108
        ],
        [
          62,
          107
        ],
        [
          50,
          107
        ],
        [
          37,
          107
        ],
        [
          25,
          106
        ],
        [
          13,
          103
        ],
        [
          0,
          103
        ],
        [
          0,
          103
        ]
      ]
    },
    {
      "elevation": 475,
      "elevation_bbox_pixels": [
        256.6695644354142,
        111.56066841291096,
        37.83006146542323,
        24.78378974955865
      ],
      "contour_line_pixels": [
        [
          512,
          122
        ],
        [
          508,
          122
        ],
        [
          496,
          122
        ],
        [
          484,
          122
        ],
        [
          471,
          122
        ],
        [
          459,
          122
        ],
        [
          446,
          122
        ],
        [
          434,
          123
        ],
        [
          422,
          125
        ],
        [
          409,
          129
        ],
        [
          401,
          131
        ],
        [
          397,
          133
        ],
        [
          384,
          135
        ],
        [
          372,
          135
        ],
        [
          360,
          135
        ],
        [
          347,
          133
        ],
        [
          335,
          133
        ],
        [
          322,
          131
        ],
        [
          322,
          131
        ],
        [
          310,
          128
        ],
        [
          298,
          125
        ],
        [
          285,
          122
        ],
        [
          273,
          121
        ],
        [
          260,
          120
        ],
        [
          248,
          119
        ],
        [
          236,
          119
        ],
        [
          223,
          119
        ],
        [
          211,
          119
        ],
        [
          198,
          122
        ],
        [
          186,
          128
        ],
        [
          182,
          131
        ],
        [
          174,
          135
        ],
        [
          161,
          138
        ],
        [
          149,
          141
        ],
        [
          136,
          143
        ],
        [
          124,
          143
        ],
        [
          112,
          142
        ],
        [
          99,
          138
        ],
        [
          87,
          136
        ],
        [
          74,
          135
        ],
        [
          62,
          135
        ],
        [
          54,
          131
        ],
        [
          50,
          130
        ],
        [
          37,
          128
        ],
        [
          25,
          128
        ],
        [
          13,
          127
        ],
        [
          0,
          125
        ],
        [
          0,
          125
        ]
      ]
    },
    {
      "elevation": 450,
      "elevation_bbox_pixels": [
        248.53767501553654,
        177.3457298543612,
        63.38898112270715,
        37.33653296030491
      ],
      "contour_line_pixels": [
        [
          310,
          256
        ],
        [
          298,
          255
        ],
        [
          285,
          253
        ],
        [
          281,
          251
        ],
        [
          273,
          242
        ],
        [
          265,
          236
        ],
        [
          266,
          221
        ],
        [
          260,
          216
        ],
        [
          252,
          206
        ],
        [
          260,
          197
        ],
        [
          273,
          195
        ],
        [
          285,
          194
        ],
        [
          298,
          196
        ],
        [
          310,
          197
        ],
        [
          322,
          198
        ],
        [
          335,
          199
        ],
        [
          347,
          200
        ],
        [
          360,
          204
        ],
        [
          372,
          206
        ],
        [
          374,
          206
        ],
        [
          384,
          214
        ],
        [
          392,
          221
        ],
        [
          384,
          226
        ],
        [
          372,
          228
        ],
        [
          360,
          228
        ],
        [
          347,
          226
        ],
        [
          335,
          230
        ],
        [
          329,
          236
        ],
        [
          329,
          251
        ],
        [
          322,
          254
        ],
        [
          310,
          256
        ]
      ]
    },
    {
      "elevation": 400,
      "elevation_bbox_pixels": [
        290.09491585492776,
        285.04446048666284,
        34.507978958992,
        21.695762677033855
      ],
      "contour_line_pixels": []
    },
    {
      "elevation": 375,