{
  "image": {
    "path": "N63E016_1374.png",
    "size": {
      "height": 512,
      "width": 512
    }
  },
  "labels": [
    {
      "elevation": 300,
      "elevation_bbox_pixels": [
        293.65528195872173,
        45.04817775264502,
        54.391806032104114,
        32.22610913589358
      ],
      "contour_line_pixels": [
        [
          512,
          216
        ],
        [
          504,
          209
        ],
        [
          472,
          191
        ],
        [
          468,
          189
        ],
        [
          446,
          161
        ],
        [
          439,
          147
        ],
        [
          429,
          133
        ],
        [
          415,
          105
        ],
        [
          422,
          77
        ],
        [
          425,
          49
        ],
        [
          423,
          21
        ],
        [
          422,
          0
        ]
      ]
    },
    {
      "elevation": 275,
      "elevation_bbox_pixels": [
        284.17149965423397,
        150.80248772576107,
        54.23975590827865,
        33.86655635033492
      ],
      "contour_line_pixels": [
        [
          512,
          253
        ],
        [
          504,
          250
        ],
        [
          495,
          245
        ],
        [
          472,
          230
        ],
        [
          439,
          221
        ],
        [
          434,
          217
        ],
        [
          407,
          196
        ],
        [
          399,
          189
        ],
        [
          399,
          161
        ],
        [
          383,
          133
        ],
        [
          375,
          115
        ],
        [
          368,
          105
        ],
        [
          370,
          77
        ],
        [
          368,
          49
        ],
        [
          343,
          25
        ],
        [
          339,
          21
        ],
        [
          339,
          0
        ]
      ]
    },
    {
      "elevation": 250,
      "elevation_bbox_pixels": [
        309.98668357503163,
        246.13079966452966,
        31.758117210056525,
        18.455621259527902
      ],
      "contour_line_pixels": [
        [
          512,
          361
        ],
        [
          509,
          357
        ],
        [
          504,
          343
        ],
        [
          500,
          329
        ],
        [
          504,
          301
        ],
        [
          488,
          273
        ],
        [
          472,
          264
        ],
        [
          439,
          258
        ],
        [
          423,
          245
        ],
        [
          407,
          232
        ],
        [
          388,
          217
        ],
        [
          375,
          206
        ],
        [
          354,
          189
        ],
        [
          343,
          161
        ],
        [
          343,
          161
        ],
        [
          324,
          133
        ],
        [
          321,
          105
        ],
        [
          311,
          81
        ],
        [
          307,
          77
        ],
        [
          293,
          49
        ],
        [
          290,
          21
        ],
        [
          279,
          8
        ],
        [
          272,
          0
        ]
      ]
    },
    {
      "elevation": 225,
      "elevation_bbox_pixels": [
        245.57168894173668,
        135.3302844452606,
        32.82990308595174,
        20.44456945882564
      ],
      "contour_line_pixels": [
        [
          512,
          459
        ],
        [
          504,
          451
        ],
        [
          488,
          441
        ],
        [
          472,
          429
        ],
        [
          455,
          413
        ],
        [
          439,
          385
        ],
        [
          439,
          385
        ],
        [
          419,
          357
        ],
        [
          414,
          329
        ],
        [
          416,
          301
        ],
        [
          411,
          273
        ],
        [
          407,
          270
        ],
        [
          375,
          246
        ],
        [
          373,
          245
        ],
        [
          343,
          220
        ],
        [
          340,
          217
        ],
        [
          311,
          193
        ],
        [
          305,
          189
        ],
        [
          279,
          163
        ],
        [
          277,
          161
        ],
        [
          267,
          133
        ],
        [
          247,
          109
        ],
        [
          244,
          105
        ],
        [
          227,
          77
        ],
        [
          222,
          49
        ],
        [
          215,
          41
        ],
        [
          192,
          21
        ],
        [
          190,
          0
        ]
      ]
    },
    {
      "elevation": 200,
      "elevation_bbox_pixels": [
        270.35449629379116,
        272.52577805127794,
        40.96080435119279,
        21.734648656475656
      ],
      "contour_line_pixels": [
        [
          481,
          512
        ],
        [
          477,
          497
        ],
        [
          472,
          493
        ],
        [
          439,
          470
        ],
        [
          439,
          469
        ],
        [
          407,
          442
        ],
        [
          407,
          441
        ],
        [
          379,
          413
        ],
        [
          375,
          406
        ],
        [
          356,
          385
        ],
        [
          352,
          357
        ],
        [
          353,
          329
        ],
        [
          351,
          301
        ],
        [
          343,
          273
        ],
        [
          342,
          273
        ],
        [
          311,
          246
        ],
        [
          311,
          245
        ],
        [
          279,
          217
        ],
        [
          279,
          217
        ],
        [
          247,
          198
        ],
        [
          236,
          189
        ],
        [
          215,
          170
        ],
        [
          199,
          161
        ],
        [
          183,
          155
        ],
        [
          151,
          134
        ],
        [
          118,
          134
        ],
        [
          86,
          134
        ],
        [
          54,
          134
        ],
        [
          23,
          161
        ],
        [
          23,
          189
        ],
        [
          54,
          216
        ],
        [
          55,
          217
        ],
        [
          54,
          245
        ],
        [
          54,
          273
        ],
        [
          70,
          301
        ],
        [
          86,
          328
        ],
        [
          87,
          329
        ],
        [
          86,
          330
        ],
        [
          55,
          357
        ],
        [
          54,
          358
        ],
        [
          23,
          385
        ],
        [
          54,
          413
        ],
        [
          55,
          413
        ],
        [
          86,
          441
        ],
        [
          87,
          441
        ],
        [
          118,
          469
        ],
        [
          151,
          469
        ],
        [
          151,
          469
        ],
        [
          151,
          497
        ],
        [
          168,
          512
        ]
      ]
    }
  ]
}