{
  "image": {
    "path": "N63E016_0356.png",
    "size": {
      "height": 512,
      "width": 512
    }
  },
  "labels": [
    {
      "elevation": 450,
      "elevation_bbox_pixels": [
        110.93771995926708,
        43.97936953734393,
        39.061195773196616,
        19.125931160715027
      ],
      "contour_line_pixels": []
    },
    {
      "elevation": 450,
      "elevation_bbox_pixels": [
        264.45802990594854,
        115.02336642473,
        49.01549516163584,
        24.991059374045676
      ],
      "contour_line_pixels": [
        [
          336,
          243
        ],
        [
          336,
          243
        ],
        [
          325,
          245
        ],
        [
          313,
          243
        ],
        [
          302,
          243
        ],
        [
          301,
          243
        ],
        [
          290,
          237
        ],
        [
          278,
          226
        ],
        [
          278,
          226
        ],
        [
          270,
          208
        ],
        [
          275,
          191
        ],
        [
          278,
          183
        ],
        [
          290,
          178
        ],
        [
          301,
          174
        ],
        [
          290,
          158
        ],
        [
          278,
          166
        ],
        [
          267,
          163
        ],
        [
          255,
          157
        ],
        [
          244,
          157
        ],
        [
          244,
          157
        ],
        [
          232,
          140
        ],
        [
          232,
          140
        ],
        [
          232,
          123
        ],
        [
          232,
          123
        ],
        [
          244,
          123
        ],
        [
          255,
          117
        ],
        [
          267,
          119
        ],
        [
          278,
          123
        ],
        [
          290,
          123
        ],
        [
          302,
          123
        ],
        [
          302,
          123
        ],
        [
          313,
          136
        ],
        [
          325,
          140
        ],
        [
          325,
          140
        ],
        [
          325,
          157
        ],
        [
          325,
          174
        ],
        [
          336,
          187
        ],
        [
          339,
          191
        ],
        [
          336,
          208
        ],
        [
          348,
          225
        ],
        [
          348,
          226
        ],
        [
          348,
          226
        ],
        [
          336,
          243
        ]
      ]
    },
    {
      "elevation": 500,
      "elevation_bbox_pixels": [
        90.88417363145535,
        443.5130308830388,
        25.806221680268038,
        15.14556268905767
      ],
      "contour_line_pixels": [
        [
          0,
          449
        ],
        [
          0,
          448
        ],
        [
          1,
          448
        ],
        [
          12,
          448
        ],
        [
          24,
          448
        ],
        [
          24,
          448
        ],
        [
          35,
          465
        ],
        [
          36,
          465
        ],
        [
          35,
          466
        ],
        [
          24,
          482
        ],
        [
          35,
          499
        ],
        [
          47,
          499
        ],
        [
          47,
          500
        ],
        [
          59,
          511
        ],
        [
          61,
          512
        ]
      ]
    },
    {
      "elevation": 475,
      "elevation_bbox_pixels": [
        111.59216815940016,
        390.5698384844457,
        38.946719097447954,
        20.09590774183323
      ],
      "contour_line_pixels": []
    },
    {
      "elevation": 450,
      "elevation_bbox_pixels": [
        208.32512431376978,
        362.8289185825546,
        40.46668062573269,
        24.663699071799044
      ],