{
  "image": {
    "path": "N63E016_1350.png",
    "size": {
      "height": 512,
      "width": 512
    }
  },
  "labels": [
    {
      "elevation": 225,
      "elevation_bbox_pixels": [
        370.4948491589709,
        59.75259225436923,
        32.88608833275123,
        18.49361413915699
      ],
      "contour_line_pixels": [
        [
          512,
          88
        ],
        [
          498,
          72
        ],
        [
          486,
          58
        ],
        [
          479,
          27
        ],
        [
          473,
          7
        ],
        [
          468,
          0
        ]
      ]
    },
    {
      "elevation": 200,
      "elevation_bbox_pixels": [
        161.4442703514922,
        -6.430748121176634,
        52.55454592639978,
        27.218867060387026
      ],
      "contour_line_pixels": []
    }
  ]
}