{
  "image": {
    "path": "N63E016_1114.png",
    "size": {
      "height": 512,
      "width": 512
    }
  },
  "labels": [
    {
      "elevation": 350,
      "elevation_bbox_pixels": [
        292.9198092999951,
        36.01654822609697,
        41.787051398057656,
        26.07145643937713
      ],
      "contour_line_pixels": [
        [
          512,
          88
        ],
        [
          499,
          88
        ],
        [
          474,
          87
        ],
        [
          450,
          83
        ],
        [
          440,
          81
        ],
        [
          426,
          76
        ],
        [
          401,
          65
        ],
        [
          401,
          65
        ],
        [
          401,
          65
        ],
        [
          409,
          50
        ],
        [
          426,
          46
        ],
        [
          450,
          47
        ],
        [
          466,
          50
        ],
        [
          474,
          52
        ],
        [
          499,
          55
        ],
        [
          512,
          56
        ]
      ]
    },
    {
      "elevation": 325,
      "elevation_bbox_pixels": [
        286.3823660096378,
        89.48770509121238,
        63.209632992396905,
        38.260480874287964
      ],
      "contour_line_pixels": [
        [
          512,
          181
        ],
        [
          499,
          176
        ],
        [
          493,
          174
        ],
        [
          474,
          163
        ],
        [
          469,
          159
        ],
        [
          474,
          147
        ],
        [
          477,
          143
        ],
        [
          499,
          132
        ],
        [
          507,
          128
        ],
        [
          499,
          118
        ],
        [
          492,
          112
        ],
        [
          474,
          108
        ],
        [
          450,
          100
        ],
        [
          437,
          96
        ],
        [
          426,
          94
        ],
        [
          401,
          89
        ],
        [
          377,
          84
        ],
        [
          370,
          81
        ],
        [
          353,
          71
        ],
        [
          344,
          65
        ],
        [
          344,
          50
        ],
        [
          353,
          44
        ],
        [
          374,
          34
        ],
        [
          377,
          34
        ],
        [
          401,
          29
        ],
        [
          426,
          27
        ],
        [
          450,
          24
        ],
        [
          459,
          19
        ],
        [
          450,
          13
        ],
        [
          434,
          3
        ],
        [
          426,
          0
        ]
      ]
    },
    {
      "elevation": 275,
      "elevation_bbox_pixels": [
        276.3249286729441,
        171.74980461009164,
        44.444153442477045,
        20.433316359886135
      ],
      "contour_line_pixels": [
        [
          512,
          220
        ],
        [
          499,
          216
        ],
        [
          474,
          209
        ],
        [
          462,
          205
        ],
        [
          450,
          201
        ],
        [
          428,
          190
        ],
        [
          426,
          189
        ],
        [
          401,
          180
        ],
        [
          384,
          174
        ],
        [
          377,
          168
        ],
        [
          370,
          159
        ],
        [
          353,
          145
        ],
        [
          351,
          143
        ],
        [
          352,
          128
        ],
        [
          353,
          127
        ],
        [
          355,
          112
        ],
        [
          353,
          111
        ],
        [
          328,
          100
        ],
        [
          319,
          96
        ],
        [
          304,
          89
        ],
        [
          279,
          82
        ],
        [
          278,
          81
        ],
        [
          255,
          68
        ],
        [
          251,
          65
        ],
        [
          247,
          50
        ],
        [
          247,
          34
        ],
        [
          255,
          28
        ],
        [
          276,
          19
        ],
        [
          267,
          3
        ],
        [
          258,
          0
        ]
      ]
    },
    {
      "elevation": 275,
      "elevation_bbox_pixels": [
        177.64649050396343,
        264.0960435737783,
        49.34777940590982,
        27.138914176556966
      ],
      "contour_line_pixels": []
    }
  ]
}