{
  "image": {
    "path": "N63E016_0981.png",
    "size": {
      "height": 512,
      "width": 512
    }
  },
  "labels": [
    {
      "elevation": 300,
      "elevation_bbox_pixels": [
        325.71683140259097,
        210.58085946222798,
        44.37232340109813,
        25.61993092957823
      ],
      "contour_line_pixels": []
    },
    {
      "elevation": 275,
      "elevation_bbox_pixels": [
        105.75998595527723,
        103.17544764523433,
        56.10400039209752,
        31.787387887741602
      ],
      "contour_line_pixels": [
        [
          512,
          359
        ],
        [
          506,
          352
        ],
        [
          502,
          348
        ],
        [
          489,
          331
        ],
        [
          482,
          320
        ],
        [
          476,
          309
        ],
        [
          462,
          293
        ],
        [
          455,
          288
        ],
        [
          449,
          282
        ],
        [
          435,
          271
        ],
        [
          422,
          266
        ],
        [
          408,
          262
        ],
        [
          395,
          265
        ],
        [
          381,
          267
        ],
        [
          368,
          267
        ],
        [
          354,
          264
        ],
        [
          341,
          258
        ],
        [
          339,
          256
        ],
        [
          328,
          248
        ],
        [
          314,
          239
        ],
        [
          301,
          234
        ],
        [
          287,
          228
        ],
        [
          284,
          224
        ],
        [
          274,
          215
        ],
        [
          260,
          212
        ],
        [
          247,
          206
        ],
        [
          233,
          199
        ],
        [
          224,
          192
        ],
        [
          220,
          188
        ],
        [
          206,
          171
        ],
        [
          195,
          160
        ],
        [
          193,
          158
        ],
        [
          180,
          145
        ],
        [
          166,
          130
        ],
        [
          164,
          128
        ],
        [
          153,
          119
        ],
        [
          139,
          113
        ],
        [
          126,
          109
        ],
        [
          112,
          104
        ],
        [
          99,
          100
        ],
        [
          93,
          96
        ],
        [
          85,
          88
        ],
        [
          72,
          77
        ],
        [
          59,
          64
        ],
        [
          58,
          64
        ],
        [
          45,
          56
        ],
        [
          34,
          32
        ],
        [
          32,
          30
        ],
        [
          18,
          21
        ],
        [
          5,
          15
        ],
        [
          0,
          12
        ]
      ]
    },
    {
      "elevation": 225,
      "elevation_bbox_pixels": [
        188.49265016459685,
        271.7202311065509,
        38.48543053652975,
        24.289931505826303
      ],
      "contour_line_pixels": [
        [
          462,
          512
        ],
        [
          462,
          512
        ],
        [
          449,
          505
        ],
        [
          435,
          496
        ],
        [
          422,
          480
        ],
        [
          421,
          480
        ],
        [
          408,
          474
        ],
        [
          395,
          467
        ],
        [
          381,
          467
        ],
        [
          368,
          464
        ],
        [
          354,
          464
        ],
        [
          341,
          448
        ],
        [
          341,
          448
        ],
        [
          328,
          437
        ],
        [
          314,
          427
        ],
        [
          307,
          416
        ],
        [
          301,
          410
        ],
        [
          287,
          395
        ],
        [
          283,
          384
        ],
        [
          274,
          368
        ],
        [
          267,
          352
        ],
        [
          260,
          331
        ],
        [
          254,
          320
        ],
        [
          247,
          316
        ],
        [
          233,
          309
        ],
        [
          220,
          299
        ],
        [
          213,
          288
        ],
        [
          206,
          285
        ],
        [
          193,
          281
        ],
        [
          180,
          280
        ],
        [
          166,
          275
        ],
        [
          153,
          256
        ],
        [
          153,
          256
        ],
        [
          139,
          240
        ],
        [
          130,
          224
        ],
        [
          126,
          221
        ],
        [
          112,
          217
        ],
        [
          99,
          208
        ],
        [
          90,
          192
        ],
        [
          85,
          189
        ],
        [
          72,
          183
        ],
        [
          59,
          161
        ],
        [
          58,
          160
        ],
        [
          45,
          158
        ],
        [
          32,
          157
        ],
        [
          18,
          154
        ],
        [
          5,
          152
        ],
        [
          0,
          151
        ]
      ]
    },
    {
      "elevation": 250,
      "elevation_bbox_pixels": [
        329.68365668001337,
        329.05842627110667,
        33.189174721320455,
        20.67580258118437
      ],