{
  "image": {
    "path": "N63E016_0249.png",
    "size": {
      "height": 512,
      "width": 512
    }
  },
  "labels": [
    {
      "elevation": 450,
      "elevation_bbox_pixels": [
        273.7743351858296,
        428.30495538830814,
        28.514386096256658,
        18.692789170182152
      ],
      "contour_line_pixels": [
        [
          206,
          512
        ],
        [
          207,
          512
        ],
        [
          207,
          511
        ],
        [
          230,
          480
        ],
        [
          242,
          475
        ],
        [
          277,
          454
        ],
        [
          283,
          448
        ],
        [
          311,
          441
        ],
        [
          346,
          436
        ],
        [
          381,
          434
        ],
        [
          416,
          434
        ],
        [
          451,
          434
        ],
        [
          485,
          434
        ],
        [
          512,
          434
        ]
      ]
    },
    {
      "elevation": 425,
      "elevation_bbox_pixels": [
        282.7337940278014,
        386.0029737034698,
        47.40148588344118,
        28.881437931605262
      ],
      "contour_line_pixels": [
        [
          0,
          470
        ],
        [
          33,
          459
        ],
        [
          61,
          448
        ],
        [
          68,
          446
        ],
        [
          103,
          433
        ],
        [
          138,
          426
        ],
        [
          172,
          416
        ],
        [
          172,
          416
        ],
        [
          207,
          413
        ],
        [
          242,
          407
        ],
        [
          277,
          402
        ],
        [
          311,
          401
        ],
        [
          346,
          400
        ],
        [
          381,
          400
        ],
        [
          416,
          400
        ],
        [
          451,
          400
        ],
        [
          485,
          401
        ],
        [
          512,
          401
        ]
      ]
    },
    {
      "elevation": 400,
      "elevation_bbox_pixels": [
        209.00544438503047,
        353.33318214904165,
        50.5298411692946,
        28.018679522096704
      ],
      "contour_line_pixels": [
        [
          0,
          412
        ],
        [
          33,
          402
        ],
        [
          68,
          391
        ],
        [
          102,
          385
        ],
        [
          103,
          384
        ],
        [
          138,
          377
        ],
        [
          172,
          373
        ],
        [
          207,
          367
        ],
        [
          242,
          362
        ],
        [
          277,
          356
        ],
        [
          300,
          353
        ],
        [
          311,
          351
        ],
        [
          346,
          349
        ],
        [
          381,
          349
        ],
        [
          416,
          349
        ],
        [
          451,
          349
        ],
        [
          485,
          349
        ],
        [
          512,
          349
        ]
      ]
    },
    {
      "elevation": 375,
      "elevation_bbox_pixels": [
        285.56941061158244,
        293.47506552536424,
        47.628217649649855,
        30.484807715333773
      ],
      "contour_line_pixels": [
        [
          0,
          353
        ],
        [
          33,
          350
        ],
        [
          68,
          343
        ],
        [
          103,
          338
        ],
        [
          138,
          336
        ],
        [
          172,
          328
        ],
        [
          207,
          324
        ],
        [
          242,
          324
        ],
        [
          277,
          322
        ],
        [
          284,
          321
        ],
        [
          311,
          314
        ],
        [
          346,
          309
        ],
        [
          381,
          309
        ],
        [
          416,
          309
        ],
        [
          451,
          309
        ],
        [
          485,
          309
        ],
        [
          512,
          309
        ]
      ]
    },
    {
      "elevation": 325,
      "elevation_bbox_pixels": [
        279.2129897348459,
        227.22401488534626,
        48.93573596174974,
        32.637179826209575
      ],
      "contour_line_pixels": [
        [
          0,
          283
        ],
        [
          33,
          274
        ],
        [
          68,
          264
        ],
        [
          103,
          260
        ],
        [
          137,
          257
        ],
        [
          138,
          257
        ],
        [
          172,
          256
        ],
        [
          207,
          250
        ],
        [
          242,
          245
        ],
        [
          277,
          243
        ],
        [
          311,
          243
        ],
        [
          346,
          243
        ],
        [
          381,
          244
        ],
        [
          416,
          244
        ],
        [
          451,
          244
        ],
        [
          485,
          244
        ],
        [
          512,
          244
        ]
      ]
    },
    {
      "elevation": 300,
      "elevation_bbox_pixels": [
        181.46287465772687,
        227.84716655118683,
        31.753883542104575,
        17.465489126922307
      ],
      "contour_line_pixels": [
        [
          0,
          246
        ],
        [
          33,
          242
        ],
        [
          68,
          239
        ],
        [
          103,
          238
        ],
        [
          138,
          234
        ],
        [
          169,
          225
        ],
        [
          172,
          224
        ],
        [
          207,
          221
        ],
        [
          242,
          220
        ],
        [
          277,
          221
        ],
        [
          311,
          221
        ],
        [
          346,
          221
        ],
        [
          381,
          222
        ],
        [
          416,
          222
        ],
        [
          451,
          222
        ],
        [
          485,
          224
        ],
        [
          512,
          224
        ]
      ]
    },
    {
      "elevation": 275,
      "elevation_bbox_pixels": [
        266.2208019913564,
        178.0529413442237,
        33.50470016069369,
        21.557706838451736
      ],
      "contour_line_pixels": [
        [
          0,
          217
        ],
        [
          33,
          217
        ],
        [
          68,
          214
        ],
        [
          103,
          211
        ],
        [
          138,
          207
        ],
        [
          172,
          203
        ],
        [
          207,
          196
        ],
        [
          217,
          193
        ],
        [
          242,
          189
        ],
        [
          277,
          189
        ],
        [
          311,
          189
        ],
        [
          346,
          189
        ],
        [
          381,
          190
        ],
        [
          416,
          189
        ],
        [
          451,
          189
        ],
        [
          485,
          188
        ],
        [
          512,
          188
        ]
      ]
    },
    {
      "elevation": 250,
      "elevation_bbox_pixels": [
        197.2001732877052,
        157.8754725729434,
        56.3417647585847,
        30.572468623827717
      ],