{
  "image": {
    "path": "N63E016_0601.png",
    "size": {
      "height": 512,
      "width": 512
    }
  },
  "labels": [
    {
      "elevation": 300,
      "elevation_bbox_pixels": [
        316.66962731725505,
        253.41555470088616,
        54.391806032104114,
        32.22610913589358
      ],
      "contour_line_pixels": [
        [
          51,
          512
        ],
        [
          61,
          490
        ],
        [
          61,
          489
        ],
        [
          91,
          446
        ],
        [
          91,
          445
        ],
        [
          121,
          423
        ],
        [
          150,
          401
        ],
        [
          151,
          401
        ],
        [
          180,
          372
        ],
        [
          210,
          357
        ],
        [
          210,
          357
        ],
        [
          240,
          346
        ],
        [
          270,
          335
        ],
        [
          300,
          313
        ],
        [
          300,
          313
        ],
        [
          330,
          302
        ],
        [
          360,
          284
        ],
        [
          389,
          269
        ],
        [
          389,
          269
        ],
        [
          419,
          265
        ],
        [
          449,
          265
        ],
        [
          479,
          263
        ],
        [
          509,
          264
        ],
        [
          512,
          264
        ]
      ]
    },
    {
      "elevation": 275,
      "elevation_bbox_pixels": [
        194.2306708671293,
        187.80113686052738,
        54.239755908278596,
        33.86655635033492
      ],
      "contour_line_pixels": [
        [
          0,
          370
        ],
        [
          1,
          368
        ],
        [
          11,
          357
        ],
        [
          31,
          328
        ],
        [
          37,
          313
        ],
        [
          61,
          288
        ],
        [
          83,
          269
        ],
        [
          91,
          263
        ],
        [
          121,
          239
        ],
        [
          136,
          225
        ],
        [
          151,
          217
        ],
        [
          180,
          213
        ],
        [
          210,
          203
        ],
        [
          240,
          186
        ],
        [
          255,
          181
        ],
        [
          270,
          177
        ],
        [
          300,
          174
        ],
        [
          330,
          174
        ],
        [
          360,
          177
        ],
        [
          389,
          177
        ],
        [
          419,
          181
        ],
        [
          420,
          181
        ],
        [
          449,
          186
        ],
        [
          479,
          186
        ],
        [
          509,
          194
        ],
        [
          512,
          195
        ]
      ]
    },
    {
      "elevation": 250,
      "elevation_bbox_pixels": [
        175.92454522659213,
        104.61127890634413,
        31.758117210056582,
        18.455621259527902
      ],
      "contour_line_pixels": [
        [
          0,
          170
        ],
        [
          1,
          170
        ],
        [
          31,
          153
        ],
        [
          61,
          141
        ],
        [
          71,
          136
        ],
        [
          91,
          128
        ],
        [
          121,
          120
        ],
        [
          151,
          114
        ],
        [
          180,
          113
        ],
        [
          210,
          111
        ],
        [
          240,
          109
        ],
        [
          270,
          107
        ],
        [
          300,
          106
        ],
        [
          330,
          108
        ],
        [
          360,
          109
        ],
        [
          389,
          109
        ],
        [
          419,
          111
        ],
        [
          449,
          116
        ],
        [
          479,
          123
        ],
        [
          509,
          129
        ],
        [
          512,
          130
        ]
      ]
    },
    {
      "elevation": 225,
      "elevation_bbox_pixels": [
        309.16972275375014,
        47.52090990421635,
        32.82990308595174,
        20.44456945882564
      ],
      "contour_line_pixels": [
        [
          0,
          69
        ],
        [
          1,
          69
        ],
        [
          31,
          68
        ],
        [
          61,
          65
        ],
        [
          91,
          61
        ],
        [
          121,
          59
        ],
        [
          151,
          59
        ],
        [
          180,
          56
        ],
        [
          210,
          52
        ],
        [
          240,
          52
        ],
        [
          270,
          52
        ],
        [
          300,
          54
        ],
        [
          330,
          58
        ],
        [
          360,
          58
        ],
        [
          389,
          58
        ],
        [
          419,
          63
        ],
        [
          449,
          67
        ],
        [
          479,
          69
        ],
        [
          509,
          73
        ],
        [
          512,
          74
        ]
      ]
    },
    {
      "elevation": 200,
      "elevation_bbox_pixels": [
        77.81942670743128,
        -1.679973611330297,
        40.96080435119276,
        21.734648656475656
      ],
      "contour_line_pixels": [
        [
          0,
          9
        ],
        [
          1,
          9
        ],
        [
          31,
          9
        ],
        [
          61,
          7
        ],
        [
          71,
          4
        ],
        [
          79,
          0
        ]
      ]
    }
  ]
}