{
  "image": {
    "path": "N63E016_1308.png",
    "size": {
      "height": 512,
      "width": 512
    }
  },
  "labels": [
    {
      "elevation": 175,
      "elevation_bbox_pixels": [
        225.69700367580214,
        336.31354308102084,
        25.797823108377884,
        14.609602270242078
      ],
      "contour_line_pixels": []
    },
    {
      "elevation": 200,
      "elevation_bbox_pixels": [
        225.19515743330567,
        283.97627615279384,
        54.348278310909336,
        32.353461922093175
      ],
      "contour_line_pixels": [
        [
          512,
          361
        ],
        [
          503,
          360
        ],
        [
          464,
          346
        ],
        [
          406,
          332
        ],
        [
          382,
          328
        ],
        [
          347,
          318
        ],
        [
          289,
          303
        ],
        [
          230,
          300
        ],
        [
          172,
          296
        ],
        [
          172,
          296
        ],
        [
          114,
          282
        ],
        [
          55,
          272
        ],
        [
          0,
          265
        ]
      ]
    },
    {
      "elevation": 225,
      "elevation_bbox_pixels": [
        219.0278781776285,
        83.56651099485072,
        55.31773753537027,
        30.129401465082424
      ],
      "contour_line_pixels": [
        [
          512,
          182
        ],
        [
          464,
          169
        ],
        [
          406,
          169
        ],
        [
          404,
          169
        ],
        [
          347,
          153
        ],
        [
          289,
          137
        ],
        [
          287,
          137
        ],
        [
          230,
          106
        ],
        [
          229,
          105
        ],
        [
          172,
          74
        ],
        [
          114,
          73
        ],
        [
          55,
          73
        ],
        [
          0,
          73
        ]
      ]
    }
  ]
}