{
  "image": {
    "path": "N63E016_1205.png",
    "size": {
      "height": 512,
      "width": 512
    }
  },
  "labels": [
    {
      "elevation": 400,
      "elevation_bbox_pixels": [
        237.94146137128553,
        5.1715252720762805,
        54.391806032104114,
        32.22610913589358
      ],
      "contour_line_pixels": [
        [
          512,
          158
        ],
        [
          454,
          150
        ],
        [
          379,
          136
        ],
        [
          318,
          129
        ],
        [
          303,
          125
        ],
        [
          227,
          107
        ],
        [
          184,
          95
        ],
        [
          182,
          60
        ],
        [
          227,
          35
        ],
        [
          252,
          26
        ],
        [
          303,
          21
        ],
        [
          379,
          15
        ],
        [
          454,
          7
        ],
        [
          512,
          4
        ]
      ]
    },
    {
      "elevation": 350,
      "elevation_bbox_pixels": [
        234.64619482383372,
        183.00836435323237,
        54.239755908278624,
        33.86655635033492
      ],
      "contour_line_pixels": [
        [
          512,
          219
        ],
        [
          454,
          216
        ],
        [
          379,
          211
        ],
        [
          303,
          203
        ],
        [
          270,
          197
        ],
        [
          227,
          192
        ],
        [
          151,
          182
        ],
        [
          76,
          176
        ],
        [
          17,
          163
        ],
        [
          0,
          158
        ]
      ]
    },
    {
      "elevation": 325,
      "elevation_bbox_pixels": [
        218.5709615704822,
        223.39810142870334,
        32.82990308595174,
        20.44456945882564
      ],
      "contour_line_pixels": [
        [
          512,
          254
        ],
        [
          454,
          254
        ],
        [
          379,
          254
        ],
        [
          303,
          251
        ],
        [
          227,
          241
        ],
        [
          151,
          234
        ],
        [
          136,
          232
        ],
        [
          76,
          224
        ],
        [
          0,
          219
        ]
      ]
    },
    {
      "elevation": 300,
      "elevation_bbox_pixels": [
        260.81410154239995,
        287.8032234322483,
        40.83592380456116,
        21.729185225960293
      ],
      "contour_line_pixels": [
        [
          512,
          309
        ],
        [
          454,
          305
        ],
        [
          404,
          300
        ],
        [
          379,
          298
        ],
        [
          303,
          297
        ],
        [
          227,
          295
        ],
        [
          151,
          290
        ],
        [
          76,
          280
        ],
        [
          11,
          266
        ],
        [
          0,
          264
        ]
      ]
    },
    {
      "elevation": 275,
      "elevation_bbox_pixels": [
        235.40319257500676,
        348.94346893220836,
        35.106483449626694,
        20.905033246322148
      ],
      "contour_line_pixels": [
        [
          512,
          373
        ],
        [
          454,
          371
        ],
        [
          379,
          371
        ],
        [
          303,
          369
        ],
        [
          302,
          369
        ],
        [
          227,
          357
        ],
        [
          151,
          354
        ],
        [
          76,
          347
        ],
        [
          0,
          341
        ]
      ]
    }
  ]
}