{
  "image": {
    "path": "N63E016_0573.png",
    "size": {
      "height": 512,
      "width": 512
    }
  },
  "labels": [
    {
      "elevation": 275,
      "elevation_bbox_pixels": [
        223.27946141976082,
        165.13490197959055,
        54.05946766277009,
        30.476304523410704
      ],
      "contour_line_pixels": [
        [
          0,
          235
        ],
        [
          0,
          235
        ],
        [
          56,
          218
        ],
        [
          110,
          199
        ],
        [
          111,
          199
        ],
        [
          167,
          187
        ],
        [
          223,
          181
        ],
        [
          278,
          178
        ],
        [
          334,
          175
        ],
        [
          389,
          175
        ],
        [
          445,
          174
        ],
        [
          500,
          174
        ],
        [
          512,
          174
        ]
      ]
    }
  ]
}