{
  "image": {
    "path": "N63E016_0596.png",
    "size": {
      "height": 512,
      "width": 512
    }
  },
  "labels": [
    {
      "elevation": 275,
      "elevation_bbox_pixels": [
        301.79282279359427,
        36.49288081654919,
        41.03437466045807,
        24.253900840922938
      ],
      "contour_line_pixels": []
    },
    {
      "elevation": 250,
      "elevation_bbox_pixels": [
        208.23884210190772,
        445.7188383271189,
        42.94017535792591,
        20.680823272519383
      ],
      "contour_line_pixels": [
        [
          70,
          512
        ],
        [
          78,
          500
        ],
        [
          78,
          500
        ],
        [
          94,
          488
        ],
        [
          110,
          476
        ],
        [
          110,
          476
        ],
        [
          126,
          468
        ],
        [
          143,
          468
        ],
        [
          159,
          460
        ],
        [
          175,
          458
        ],
        [
          191,
          457
        ],
        [
          207,
          456
        ],
        [
          223,
          456
        ],
        [
          239,
          458
        ],
        [
          256,
          461
        ],
        [
          272,
          470
        ],
        [
          282,
          476
        ],
        [
          288,
          480
        ],
        [
          304,
          490
        ],
        [
          320,
          497
        ],
        [
          324,
          500
        ],
        [
          336,
          510
        ],
        [
          339,
          512
        ]
      ]
    },
    {
      "elevation": 225,
      "elevation_bbox_pixels": [
        199.01385842241547,
        93.41566877999622,
        30.224755836686313,
        14.488333193561061
      ],
      "contour_line_pixels": []
    }
  ]
}