{
  "image": {
    "path": "N63E016_0203.png",
    "size": {
      "height": 512,
      "width": 512
    }
  },
  "labels": [
    {
      "elevation": 200,
      "elevation_bbox_pixels": [
        263.00778008422196,
        81.51840628677735,
        31.901682616540484,
        21.389699641731795
      ],
      "contour_line_pixels": []
    },
    {
      "elevation": 225,
      "elevation_bbox_pixels": [
        -16.348366638021826,
        82.72782693862382,
        56.22868385774606,
        31.79627796051227
      ],
      "contour_line_pixels": [
        [
          13,
          0
        ],
        [
          13,
          39
        ],
        [
          11,
          87
        ],
        [
          11,
          87
        ],
        [
          0,
          109
        ]
      ]
    },
    {
      "elevation": 125,
      "elevation_bbox_pixels": [
        160.31744321303267,
        340.3444886696986,
        38.48543053652975,
        24.289931505826303
      ],
      "contour_line_pixels": []
    },
    {
      "elevation": 150,
      "elevation_bbox_pixels": [
        164.63735684865375,
        219.27086214572898,
        33.1891747213204,
        20.67580258118437
      ],
      "contour_line_pixels": [
        [
          0,
          388
        ],
        [
          11,
          380
        ],
        [
          16,
          376
        ],
        [
          30,
          367
        ],
        [
          49,
          358
        ],
        [
          68,
          345
        ],
        [
          82,
          328
        ],
        [
          87,
          320
        ],
        [
          106,
          298
        ],
        [
          118,
          280
        ],
        [
          125,
          268
        ],
        [
          144,
          250
        ],
        [
          163,
          235
        ],
        [
          169,
          231
        ],
        [
          182,
          225
        ],
        [
          201,
          221
        ],
        [
          220,
          221
        ],
        [
          239,
          218
        ],
        [
          258,
          209
        ],
        [
          277,
          202
        ],
        [
          295,
          195
        ],
        [
          314,
          192
        ],
        [
          333,
          188
        ],
        [
          352,
          183
        ],
        [
          371,
          183
        ],
        [
          390,
          183
        ],
        [
          409,
          183
        ],
        [
          410,
          183
        ],
        [
          428,
          180
        ],
        [
          447,
          183
        ],
        [
          447,
          183
        ],
        [
          466,
          189
        ],
        [
          485,
          184
        ],
        [
          485,
          183
        ],
        [
          504,
          159
        ],
        [
          507,
          135
        ],
        [
          504,
          130
        ],
        [
          494,
          87
        ],
        [
          485,
          64
        ],
        [
          474,
          39
        ],
        [
          466,
          22
        ],
        [
          448,
          0
        ]
      ]
    },
    {
      "elevation": 175,
      "elevation_bbox_pixels": [
        183.36154774196925,
        144.79857570317904,
        31.49553467009656,
        17.58736268964867
      ],
      "contour_line_pixels": [
        [
          308,
          0
        ],
        [
          314,
          10
        ],
        [
          333,
          39
        ],
        [
          334,
          39
        ],
        [
          333,
          40
        ],
        [
          327,
          87
        ],
        [
          314,
          106
        ],
        [
          303,
          135
        ],
        [
          295,
          140
        ],
        [
          277,
          142
        ],
        [
          258,
          143
        ],
        [
          239,
          145
        ],
        [
          220,
          143
        ],
        [
          201,
          139
        ],
        [
          191,
          135
        ],
        [
          182,
          128
        ],
        [
          163,
          111
        ],
        [
          144,
          116
        ],
        [
          125,
          135
        ],
        [
          125,
          135
        ],
        [
          106,
          156
        ],
        [
          91,
          183
        ],
        [
          87,
          188
        ],
        [
          68,
          220
        ],
        [
          54,
          231
        ],
        [
          49,
          237
        ],
        [
          30,
          252
        ],
        [
          11,
          280
        ],
        [
          11,
          280
        ],
        [
          0,
          294
        ]
      ]
    }
  ]
}