{
  "image": {
    "path": "N63E016_1576.png",
    "size": {
      "height": 512,
      "width": 512
    }
  },
  "labels": [
    {
      "elevation": 225,
      "elevation_bbox_pixels": [
        322.0512563039057,
        378.4252827752754,
        29.99455203139746,
        15.743756532967168
      ],
      "contour_line_pixels": [
        [
          441,
          486
        ],
        [
          460,
          469
        ],
        [
          460,
          436
        ],
        [
          441,
          404
        ],
        [
          421,
          404
        ],
        [
          420,
          403
        ],
        [
          400,
          386
        ],
        [
          380,
          386
        ],
        [
          360,
          386
        ],
        [
          340,
          403
        ],
        [
          360,
          435
        ],
        [
          360,
          436
        ],
        [
          380,
          469
        ],
        [
          400,
          469
        ],
        [
          421,
          469
        ],
        [
          421,
          469
        ],
        [
          441,
          486
        ]
      ]
    },
    {
      "elevation": 275,
      "elevation_bbox_pixels": [
        65.2079913636179,
        476.00673774368977,
        49.84341540567608,
        30.09644282572142
      ],
      "contour_line_pixels": [
        [
          0,
          470
        ],
        [
          16,
          484
        ],
        [
          37,
          498
        ],
        [
          50,
          503
        ],
        [
          57,
          505
        ],
        [
          71,
          512
        ]
      ]
    },
    {
      "elevation": 250,
      "elevation_bbox_pixels": [
        124.11841139051543,
        471.7526685253977,
        44.90577624098506,
        23.583210209705086
      ],
      "contour_line_pixels": [
        [
          0,
          420
        ],
        [
          16,
          429
        ],
        [
          23,
          436
        ],
        [
          37,
          447
        ],
        [
          57,
          459
        ],
        [
          71,
          469
        ],
        [
          77,
          473
        ],
        [
          97,
          481
        ],
        [
          117,
          488
        ],
        [
          138,
          494
        ],
        [
          151,
          503
        ],
        [
          158,
          507
        ],
        [
          165,
          512
        ]
      ]
    },
    {
      "elevation": 250,
      "elevation_bbox_pixels": [
        415.90689340678455,
        -4.605571288080455,
        41.2407758439204,
        24.815687222267513
      ],
      "contour_line_pixels": [
        [
          512,
          13
        ],
        [
          501,
          4
        ],
        [
          501,
          4
        ],
        [
          496,
          0
        ]
      ]
    }
  ]
}