{
  "image": {
    "path": "N63E016_0727.png",
    "size": {
      "height": 512,
      "width": 512
    }
  },
  "labels": [
    {
      "elevation": 150,
      "elevation_bbox_pixels": [
        177.7527227633374,
        192.62667169220742,
        29.994552031397404,
        15.743756532967154
      ],
      "contour_line_pixels": [
        [
          158,
          209
        ],
        [
          176,
          201
        ],
        [
          158,
          199
        ],
        [
          140,
          201
        ],
        [
          158,
          209
        ]
      ]
    },
    {
      "elevation": 150,
      "elevation_bbox_pixels": [
        318.79441610510446,
        269.4526453904799,
        49.84341540567607,
        30.096442825721397
      ],
      "contour_line_pixels": [
        [
          390,
          512
        ],
        [
          388,
          507
        ],
        [
          392,
          476
        ],
        [
          391,
          446
        ],
        [
          391,
          415
        ],
        [
          397,
          412
        ],
        [
          415,
          408
        ],
        [
          434,
          395
        ],
        [
          443,
          385
        ],
        [
          452,
          374
        ],
        [
          470,
          354
        ],
        [
          471,
          354
        ],
        [
          470,
          353
        ],
        [
          453,
          324
        ],
        [
          452,
          323
        ],
        [
          434,
          323
        ],
        [
          415,
          305
        ],
        [
          397,
          297
        ],
        [
          379,
          293
        ],
        [
          379,
          292
        ],
        [
          361,
          262
        ],
        [
          379,
          233
        ],
        [
          379,
          232
        ],
        [
          379,
          231
        ],
        [
          360,
          231
        ],
        [
          342,
          231
        ],
        [
          324,
          231
        ],
        [
          305,
          231
        ],
        [
          287,
          201
        ],
        [
          287,
          201
        ],
        [
          278,
          171
        ],
        [
          287,
          168
        ],
        [
          296,
          171
        ],
        [
          305,
          186
        ],
        [
          324,
          194
        ],
        [
          342,
          194
        ],
        [
          360,
          195
        ],
        [
          379,
          195
        ],
        [
          397,
          195
        ],
        [
          415,
          195
        ],
        [
          434,
          195
        ],
        [
          452,
          196
        ],
        [
          470,
          193
        ],
        [
          489,
          198
        ],
        [
          507,
          199
        ],
        [
          512,
          199
        ]
      ]
    },
    {
      "elevation": 175,
      "elevation_bbox_pixels": [
        259.36438497150493,
        25.77113788569369,
        44.78122065320258,
        23.57267903920217
      ],
      "contour_line_pixels": []
    },
    {
      "elevation": 200,
      "elevation_bbox_pixels": [
        104.05759849995317,
        362.1310071261362,
        41.2407758439204,
        24.8156872222675
      ],
      "contour_line_pixels": [
        [
          0,
          275
        ],
        [
          11,
          293
        ],
        [
          11,
          293
        ],
        [
          30,
          315
        ],
        [
          44,
          324
        ],
        [
          48,
          328
        ],
        [
          66,
          352
        ],
        [
          68,
          354
        ],
        [
          85,
          385
        ],
        [
          85,
          385
        ],
        [
          103,
          415
        ],
        [
          103,
          415
        ],
        [
          121,
          439
        ],
        [
          128,
          446
        ],
        [
          140,
          455
        ],
        [
          158,
          472
        ],
        [
          163,
          476
        ],
        [
          177,
          489
        ],
        [
          195,
          503
        ],
        [
          199,
          507
        ],
        [
          202,
          512
        ]
      ]
    },
    {
      "elevation": 225,
      "elevation_bbox_pixels": [
        71.16841374073483,
        414.0242757376761,
        38.22273969678062,
        18.207954005615306
      ],
      "contour_line_pixels": [
        [
          0,
          387
        ],
        [
          11,
          400
        ],
        [
          27,
          415
        ],
        [
          30,
          419
        ],
        [
          48,
          441
        ],
        [
          52,
          446
        ],
        [
          66,
          463
        ],
        [
          77,
          476
        ],
        [
          85,
          487
        ],
        [
          103,
          507
        ],
        [
          103,
          507
        ],
        [
          106,
          512
        ]
      ]
    }
  ]
}