{
  "image": {
    "path": "N63E016_1213.png",
    "size": {
      "height": 512,
      "width": 512
    }
  },
  "labels": [
    {
      "elevation": 325,
      "elevation_bbox_pixels": [
        474.67279342233763,
        152.62180258292062,
        36.846832255993945,
        25.313740993751026
      ],
      "contour_line_pixels": [
        [
          512,
          380
        ],
        [
          504,
          326
        ],
        [
          495,
          262
        ],
        [
          495,
          262
        ],
        [
          493,
          198
        ],
        [
          493,
          135
        ],
        [
          495,
          122
        ],
        [
          505,
          71
        ],
        [
          512,
          52
        ]
      ]
    },
    {
      "elevation": 300,
      "elevation_bbox_pixels": [
        432.1886609316028,
        247.42959561754304,
        35.416912793872484,
        20.613473956541952
      ],
      "contour_line_pixels": [
        [
          512,
          469
        ],
        [
          500,
          453
        ],
        [
          495,
          446
        ],
        [
          474,
          389
        ],
        [
          473,
          384
        ],
        [
          453,
          326
        ],
        [
          451,
          264
        ],
        [
          451,
          262
        ],
        [
          434,
          198
        ],
        [
          444,
          135
        ],
        [
          451,
          117
        ],
        [
          457,
          71
        ],
        [
          473,
          17
        ],
        [
          477,
          8
        ],
        [
          480,
          0
        ]
      ]
    },
    {
      "elevation": 275,
      "elevation_bbox_pixels": [
        401.015786677817,
        361.3595039141895,
        32.164865330473276,
        18.76965295885327
      ],
      "contour_line_pixels": [
        [
          448,
          512
        ],
        [
          429,
          474
        ],
        [
          424,
          453
        ],
        [
          415,
          389
        ],
        [
          407,
          366
        ],
        [
          399,
          326
        ],
        [
          396,
          262
        ],
        [
          397,
          198
        ],
        [
          395,
          135
        ],
        [
          395,
          71
        ],
        [
          407,
          8
        ],
        [
          407,
          7
        ],
        [
          410,
          0
        ]
      ]
    },
    {
      "elevation": 300,
      "elevation_bbox_pixels": [
        28.47076450864723,
        421.45243391402477,
        54.24366985668552,
        29.0168199612118
      ],
      "contour_line_pixels": [
        [
          0,
          454
        ],
        [
          12,
          456
        ],
        [
          34,
          466
        ],
        [
          56,
          487
        ],
        [
          77,
          512
        ]
      ]
    },
    {
      "elevation": 275,
      "elevation_bbox_pixels": [
        93.39004082218149,
        380.139646063018,
        34.46828736196065,
        20.85982148364303
      ],
      "contour_line_pixels": [
        [
          0,
          313
        ],
        [
          12,
          326
        ],
        [
          12,
          326
        ],
        [
          34,
          360
        ],
        [
          56,
          379
        ],
        [
          70,
          389
        ],
        [
          78,
          396
        ],
        [
          100,
          418
        ],
        [
          122,
          439
        ],
        [
          136,
          453
        ],
        [
          143,
          458
        ],
        [
          165,
          488
        ],
        [
          180,
          512
        ]
      ]
    },
    {
      "elevation": 250,
      "elevation_bbox_pixels": [
        107.41987389213247,
        255.6771327584138,
        52.83548669719454,
        29.725005203654263
      ],
      "contour_line_pixels": [
        [
          0,
          171
        ],
        [
          12,
          181
        ],
        [
          29,
          198
        ],
        [
          34,
          205
        ],
        [
          56,
          225
        ],
        [
          78,
          239
        ],
        [
          100,
          256
        ],
        [
          111,
          262
        ],
        [
          122,
          268
        ],
        [
          143,
          279
        ],
        [
          165,
          294
        ],
        [
          187,
          303
        ],
        [
          209,
          312
        ],
        [
          231,
          319
        ],
        [
          253,
          319
        ],
        [
          275,
          315
        ],
        [
          297,
          278
        ],
        [
          303,
          262
        ],
        [
          305,
          198
        ],
        [
          301,
          135
        ],
        [
          301,
          71
        ],
        [
          304,
          8
        ],
        [
          305,
          0
        ]
      ]
    },
    {
      "elevation": 225,
      "elevation_bbox_pixels": [
        163.81567470967119,
        151.93298106958332,
        39.075737662980316,
        20.14809333176936
      ],
      "contour_line_pixels": [
        [
          0,
          70
        ],
        [
          1,
          71
        ],
        [
          12,
          79
        ],
        [
          34,
          90
        ],
        [
          56,
          99
        ],
        [
          78,
          108
        ],
        [
          100,
          128
        ],
        [
          111,
          135
        ],
        [
          122,
          139
        ],
        [
          143,
          139
        ],
        [
          165,
          140
        ],
        [
          187,
          135
        ],
        [
          187,
          134
        ],
        [
          209,
          87
        ],
        [
          213,
          71
        ],
        [
          213,
          8
        ],
        [
          214,
          0
        ]
      ]
    }
  ]
}