{
  "image": {
    "path": "N63E016_0440.png",
    "size": {
      "height": 512,
      "width": 512
    }
  },
  "labels": [
    {
      "elevation": 350,
      "elevation_bbox_pixels": [
        158.76272399985277,
        11.119903155466034,
        58.3591417530007,
        34.851710594299334
      ],
      "contour_line_pixels": []
    },
    {
      "elevation": 350,
      "elevation_bbox_pixels": [
        340.4844165199238,
        64.07937182631878,
        57.25557405683685,
        35.7535469086082
      ],
      "contour_line_pixels": []
    },
    {
      "elevation": 350,
      "elevation_bbox_pixels": [
        189.24965302777355,
        135.6092107245663,
        30.29825771261949,
        18.49611380794795
      ],
      "contour_line_pixels": [
        [
          252,
          199
        ],
        [
          252,
          199
        ],
        [
          242,
          189
        ],
        [
          242,
          189
        ],
        [
          236,
          179
        ],
        [
          232,
          177
        ],
        [
          222,
          173
        ],
        [
          215,
          169
        ],
        [
          212,
          168
        ],
        [
          202,
          163
        ],
        [
          192,
          160
        ],
        [
          189,
          159
        ],
        [
          182,
          156
        ],
        [
          172,
          154
        ],
        [
          162,
          150
        ],
        [
          158,
          149
        ],
        [
          151,
          147
        ],
        [
          141,
          145
        ],
        [
          131,
          141
        ],
        [
          125,
          139
        ],
        [
          121,
          136
        ],
        [
          111,
          130
        ],
        [
          109,
          129
        ],
        [
          101,
          120
        ],
        [
          99,
          118
        ],
        [
          91,
          108
        ],
        [
          91,
          108
        ],
        [
          91,
          98
        ],
        [
          91,
          88
        ],
        [
          91,
          88
        ],
        [
          101,
          78
        ],
        [
          101,
          78
        ],
        [
          111,
          73
        ],
        [
          121,
          68
        ],
        [
          121,
          68
        ],
        [
          131,
          68
        ],
        [
          141,
          68
        ],
        [
          151,
          68
        ],
        [
          152,
          68
        ],
        [
          162,
          78
        ],
        [
          162,
          78
        ],
        [
          172,
          88
        ],
        [
          172,
          88
        ],
        [
          182,
          91
        ],
        [
          192,
          96
        ],
        [
          197,
          98
        ],
        [
          202,
          100
        ],
        [
          212,
          104
        ],
        [
          222,
          108
        ],
        [
          222,
          108
        ],
        [
          232,
          113
        ],
        [
          242,
          118
        ],
        [
          242,
          118
        ],
        [
          252,
          126
        ],
        [
          256,
          129
        ],
        [
          263,
          135
        ],
        [
          266,
          139
        ],
        [
          273,
          145
        ],
        [
          276,
          149
        ],
        [
          278,
          159
        ],
        [
          278,
          169
        ],
        [
          273,
          179
        ],
        [
          273,
          179
        ],
        [
          263,
          189
        ],
        [
          263,
          199
        ],
        [
          263,
          199
        ],
        [
          252,
          199
        ]
      ]
    },
    {
      "elevation": 450,
      "elevation_bbox_pixels": [
        303.6729411495645,
        491.56669444535186,
        54.92700212553041,
        28.804163971631255
      ],
      "contour_line_pixels": [
        [
          407,
          512
        ],
        [
          414,
          507
        ],
        [
          424,
          506
        ],
        [
          434,
          506
        ],
        [
          444,
          508
        ],
        [
          452,
          512
        ]
      ]
    },
    {
      "elevation": 425,
      "elevation_bbox_pixels": [
        296.5952894822393,
        460.51806920146606,
        38.38361880113575,
        21.59516629769398
      ],
      "contour_line_pixels": [
        [
          218,
          512
        ],
        [
          212,
          506
        ],
        [
          209,
          503
        ],
        [
          212,
          499
        ],
        [
          219,
          492
        ],
        [
          222,
          491
        ],
        [
          232,
          489
        ],
        [
          242,
          485
        ],
        [
          249,
          482
        ],
        [
          252,
          480
        ],
        [
          263,
          475
        ],
        [
          268,
          472
        ],
        [
          273,
          470
        ],
        [
          283,
          468
        ],
        [
          293,
          468
        ],
        [
          303,
          468
        ],
        [
          313,
          468
        ],
        [
          323,
          468
        ],
        [
          333,
          468
        ],
        [
          343,
          468
        ],
        [
          353,
          467
        ],
        [
          363,
          467
        ],
        [
          374,
          470
        ],
        [
          384,
          470
        ],
        [
          394,
          472
        ],
        [
          404,
          472
        ],
        [
          414,
          472
        ],
        [
          424,
          472
        ],
        [
          434,
          472
        ],
        [
          444,
          472
        ],
        [
          444,
          472
        ],
        [
          454,
          474
        ],
        [
          464,
          478
        ],
        [
          475,
          482
        ],
        [
          475,
          482
        ],
        [
          485,
          486
        ],
        [
          495,
          489
        ],
        [
          501,
          492
        ],
        [
          505,
          495
        ],
        [
          512,
          499
        ]
      ]
    },
    {
      "elevation": 400,
      "elevation_bbox_pixels": [
        310.7729965774257,
        428.6382220175419,
        28.056305055232542,
        17.787048746165908
      ],
      "contour_line_pixels": []
    },
    {
      "elevation": 350,
      "elevation_bbox_pixels": [
        242.8198098472697,
        362.1391937371735,
        54.694204472867,
        28.55559188780927
      ],