{
  "image": {
    "path": "N63E016_1100.png",
    "size": {
      "height": 512,
      "width": 512
    }
  },
  "labels": [
    {
      "elevation": 300,
      "elevation_bbox_pixels": [
        140.492325140075,
        500.95015256502353,
        30.95244579873014,
        19.057031667797595
      ],
      "contour_line_pixels": [
        [
          0,
          501
        ],
        [
          2,
          501
        ],
        [
          25,
          505
        ],
        [
          25,
          505
        ],
        [
          48,
          510
        ],
        [
          61,
          512
        ]
      ]
    },
    {
      "elevation": 275,
      "elevation_bbox_pixels": [
        165.89324337440448,
        466.2760996418877,
        24.126275018294848,
        15.355884528092592
      ],
      "contour_line_pixels": [
        [
          0,
          446
        ],
        [
          2,
          448
        ],
        [
          11,
          455
        ],
        [
          25,
          461
        ],
        [
          48,
          466
        ],
        [
          70,
          470
        ],
        [
          93,
          474
        ],
        [
          116,
          478
        ],
        [
          127,
          480
        ],
        [
          139,
          482
        ],
        [
          161,
          488
        ],
        [
          184,
          497
        ],
        [
          202,
          505
        ],
        [
          207,
          506
        ],
        [
          218,
          512
        ]
      ]
    },
    {
      "elevation": 250,
      "elevation_bbox_pixels": [
        231.09421193197431,
        386.8218462715673,
        58.025618630299505,
        36.006090667694195
      ],
      "contour_line_pixels": []
    }
  ]
}