{
  "image": {
    "path": "N63E016_0096.png",
    "size": {
      "height": 512,
      "width": 512
    }
  },
  "labels": [
    {
      "elevation": 300,
      "elevation_bbox_pixels": [
        265.22195213497093,
        -11.51287173184005,
        48.424762533056764,
        29.60936075509335
      ],
      "contour_line_pixels": []
    },
    {
      "elevation": 275,
      "elevation_bbox_pixels": [
        87.35858071591701,
        15.489336199071943,
        57.25557405683685,
        35.7535469086082
      ],
      "contour_line_pixels": [
        [
          442,
          0
        ],
        [
          440,
          4
        ],
        [
          438,
          7
        ],
        [
          422,
          15
        ],
        [
          405,
          20
        ],
        [
          389,
          25
        ],
        [
          373,
          27
        ],
        [
          357,
          34
        ],
        [
          349,
          39
        ],
        [
          341,
          46
        ],
        [
          325,
          48
        ],
        [
          309,
          48
        ],
        [
          292,
          46
        ],
        [
          276,
          41
        ],
        [
          268,
          39
        ],
        [
          260,
          37
        ],
        [
          244,
          31
        ],
        [
          228,
          20
        ],
        [
          212,
          18
        ],
        [
          196,
          18
        ],
        [
          179,
          19
        ],
        [
          163,
          24
        ],
        [
          147,
          29
        ],
        [
          131,
          30
        ],
        [
          115,
          33
        ],
        [
          103,
          39
        ],
        [
          99,
          40
        ],
        [
          83,
          40
        ],
        [
          66,
          39
        ],
        [
          66,
          39
        ],
        [
          50,
          33
        ],
        [
          34,
          27
        ],
        [
          18,
          20
        ],
        [
          2,
          19
        ],
        [
          0,
          19
        ]
      ]
    },
    {
      "elevation": 250,
      "elevation_bbox_pixels": [
        365.7168103130557,
        60.97147837185412,
        30.29825771261949,
        18.49611380794795
      ],
      "contour_line_pixels": [
        [
          507,
          0
        ],
        [
          505,
          4
        ],
        [
          502,
          14
        ],
        [
          491,
          39
        ],
        [
          486,
          44
        ],
        [
          470,
          54
        ],
        [
          454,
          58
        ],
        [
          438,
          59
        ],
        [
          422,
          59
        ],
        [
          405,
          60
        ],
        [
          389,
          67
        ],
        [
          373,
          74
        ],
        [
          373,
          75
        ],
        [
          357,
          82
        ],
        [
          341,
          90
        ],
        [
          325,
          91
        ],
        [
          309,
          91
        ],
        [
          292,
          90
        ],
        [
          276,
          89
        ],
        [
          260,
          89
        ],
        [
          244,
          88
        ],
        [
          228,
          86
        ],
        [
          212,
          81
        ],
        [
          196,
          76
        ],
        [
          187,
          74
        ],
        [
          179,
          73
        ],
        [
          163,
          73
        ],
        [
          147,
          71
        ],
        [
          131,
          67
        ],
        [
          115,
          62
        ],
        [
          99,
          62
        ],
        [
          83,
          61
        ],
        [
          66,
          61
        ],
        [
          50,
          59
        ],
        [
          34,
          57
        ],
        [
          18,
          53
        ],
        [
          2,
          51
        ],
        [
          0,
          50
        ]
      ]
    },
    {
      "elevation": 225,
      "elevation_bbox_pixels": [
        290.07556999160727,
        119.39401178448719,
        54.92700212553041,
        28.804163971631283
      ],
      "contour_line_pixels": [
        [
          512,
          87
        ],
        [
          502,
          93
        ],
        [
          486,
          99
        ],
        [
          470,
          101
        ],
        [
          454,
          101
        ],
        [
          438,
          101
        ],
        [
          422,
          101
        ],
        [
          405,
          106
        ],
        [
          399,
          110
        ],
        [
          389,
          117
        ],
        [
          373,
          124
        ],
        [
          357,
          132
        ],
        [
          341,
          134
        ],
        [
          325,
          134
        ],
        [
          309,
          133
        ],
        [
          292,
          132
        ],
        [
          276,
          130
        ],
        [
          260,
          125
        ],
        [
          244,
          121
        ],
        [
          228,
          120
        ],
        [
          212,
          117
        ],
        [
          196,
          110
        ],
        [
          195,
          110
        ],
        [
          179,
          103
        ],
        [
          163,
          99
        ],
        [
          147,
          99
        ],
        [
          131,
          98
        ],
        [
          115,
          94
        ],
        [
          99,
          90
        ],
        [
          83,
          84
        ],
        [
          66,
          83
        ],
        [
          50,
          83
        ],
        [
          34,
          83
        ],
        [
          18,
          82
        ],
        [
          2,
          82
        ],
        [
          0,
          82
        ]
      ]
    },
    {
      "elevation": 150,
      "elevation_bbox_pixels": [
        355.8998041416944,
        330.8373034431488,
        38.1342533297684,
        21.577365688443024
      ],
      "contour_line_pixels": [
        [
          512,
          484
        ],
        [
          502,
          482
        ],
        [
          486,
          475
        ],
        [
          470,
          469
        ],
        [
          454,
          470
        ],
        [
          438,
          470
        ],
        [
          422,
          470
        ],
        [
          405,
          470
        ],
        [
          392,
          461
        ],
        [
          389,
          452
        ],
        [
          380,
          426
        ],
        [
          373,
          412
        ],
        [
          361,
          391
        ],
        [
          357,
          373
        ],
        [
          349,
          356
        ],
        [
          357,
          347
        ],
        [
          373,
          342
        ],
        [
          389,
          342
        ],
        [
          405,
          344
        ],
        [
          422,
          344
        ],
        [
          438,
          350
        ],
        [
          454,
          351
        ],
        [
          470,
          356
        ],
        [
          470,
          356
        ],
        [
          486,
          356
        ],
        [
          502,
          362
        ],
        [
          512,
          358
        ]
      ]
    },
    {
      "elevation": 175,