{
  "image": {
    "path": "N63E016_0031.png",
    "size": {
      "height": 512,
      "width": 512
    }
  },
  "labels": [
    {
      "elevation": 300,
      "elevation_bbox_pixels": [
        287.2151285114542,
        71.580568764681,
        37.022417364812895,
        21.016879380967453
      ],
      "contour_line_pixels": [
        [
          358,
          84
        ],
        [
          336,
          82
        ],
        [
          336,
          82
        ],
        [
          336,
          53
        ],
        [
          336,
          53
        ],
        [
          337,
          53
        ],
        [
          358,
          67
        ],
        [
          366,
          82
        ],
        [
          358,
          84
        ]
      ]
    },
    {
      "elevation": 300,
      "elevation_bbox_pixels": [
        119.15300248329993,
        96.96054246589415,
        54.42158424843569,
        28.249386099430467
      ],
      "contour_line_pixels": []
    },
    {
      "elevation": 300,
      "elevation_bbox_pixels": [
        207.31065005900197,
        454.37899822823937,
        40.016318420744994,
        19.29840047213709
      ],
      "contour_line_pixels": []
    },
    {
      "elevation": 275,
      "elevation_bbox_pixels": [
        225.12914285480144,
        380.17185659096106,
        33.92623081692295,
        18.735811967505256
      ],
      "contour_line_pixels": [
        [
          512,
          243
        ],
        [
          512,
          243
        ],
        [
          490,
          244
        ],
        [
          468,
          242
        ],
        [
          446,
          237
        ],
        [
          424,
          228
        ],
        [
          402,
          228
        ],
        [
          391,
          256
        ],
        [
          380,
          266
        ],
        [
          358,
          266
        ],
        [
          336,
          266
        ],
        [
          315,
          266
        ],
        [
          293,
          271
        ],
        [
          271,
          276
        ],
        [
          249,
          285
        ],
        [
          249,
          286
        ],
        [
          227,
          300
        ],
        [
          206,
          314
        ],
        [
          205,
          315
        ],
        [
          194,
          344
        ],
        [
          205,
          372
        ],
        [
          205,
          373
        ],
        [
          227,
          385
        ],
        [
          249,
          402
        ],
        [
          249,
          402
        ],
        [
          271,
          411
        ],
        [
          293,
          415
        ],
        [
          315,
          419
        ],
        [
          332,
          431
        ],
        [
          336,
          433
        ],
        [
          358,
          433
        ],
        [
          380,
          438
        ],
        [
          402,
          444
        ],
        [
          424,
          449
        ],
        [
          446,
          452
        ],
        [
          468,
          460
        ],
        [
          468,
          460
        ],
        [
          490,
          463
        ],
        [
          512,
          466
        ],
        [
          512,
          466
        ]
      ]
    }
  ]
}