{
  "image": {
    "path": "N63E016_1635.png",
    "size": {
      "height": 512,
      "width": 512
    }
  },
  "labels": [
    {
      "elevation": 350,
      "elevation_bbox_pixels": [
        352.2246330069999,
        37.23427958905677,
        50.91332500018564,
        27.675154698491497
      ],
      "contour_line_pixels": [
        [
          512,
          74
        ],
        [
          502,
          61
        ],
        [
          495,
          53
        ],
        [
          502,
          25
        ],
        [
          502,
          25
        ],
        [
          512,
          19
        ]
      ]
    },
    {
      "elevation": 325,
      "elevation_bbox_pixels": [
        348.59662636483546,
        133.24869469768407,
        56.58470247859384,
        32.84703930502678
      ],
      "contour_line_pixels": [
        [
          512,
          220
        ],
        [
          511,
          218
        ],
        [
          510,
          190
        ],
        [
          502,
          163
        ],
        [
          502,
          163
        ],
        [
          485,
          135
        ],
        [
          478,
          127
        ],
        [
          460,
          108
        ],
        [
          454,
          103
        ],
        [
          430,
          87
        ],
        [
          422,
          80
        ],
        [
          414,
          53
        ],
        [
          430,
          32
        ],
        [
          433,
          25
        ],
        [
          440,
          0
        ]
      ]
    },
    {
      "elevation": 300,
      "elevation_bbox_pixels": [
        303.56357194499014,
        177.19180904470943,
        46.377472271769875,
        27.4213821282126
      ],
      "contour_line_pixels": []
    },
    {
      "elevation": 275,
      "elevation_bbox_pixels": [
        236.9535745774022,
        185.51319394379016,
        47.83963846246968,
        32.42303021201678
      ],
      "contour_line_pixels": [
        [
          512,
          457
        ],
        [
          502,
          451
        ],
        [
          478,
          438
        ],
        [
          478,
          438
        ],
        [
          454,
          422
        ],
        [
          430,
          410
        ],
        [
          430,
          410
        ],
        [
          407,
          395
        ],
        [
          383,
          383
        ],
        [
          383,
          383
        ],
        [
          359,
          355
        ],
        [
          359,
          355
        ],
        [
          335,
          328
        ],
        [
          335,
          328
        ],
        [
          317,
          300
        ],
        [
          311,
          273
        ],
        [
          311,
          273
        ],
        [
          293,
          245
        ],
        [
          287,
          231
        ],
        [
          279,
          218
        ],
        [
          264,
          199
        ],
        [
          256,
          190
        ],
        [
          240,
          179
        ],
        [
          216,
          163
        ],
        [
          216,
          163
        ],
        [
          192,
          142
        ],
        [
          184,
          135
        ],
        [
          168,
          121
        ],
        [
          144,
          108
        ],
        [
          121,
          108
        ],
        [
          97,
          117
        ],
        [
          73,
          123
        ],
        [
          49,
          125
        ],
        [
          25,
          121
        ],
        [
          1,
          114
        ],
        [
          0,
          113
        ]
      ]
    },
    {
      "elevation": 250,
      "elevation_bbox_pixels": [
        181.05896083186062,
        289.44091317567637,
        62.24431969460039,
        36.04825683128763
      ],
      "contour_line_pixels": [
        [
          431,
          512
        ],
        [
          430,
          511
        ],
        [
          414,
          493
        ],
        [
          407,
          486
        ],
        [
          383,
          472
        ],
        [
          367,
          465
        ],
        [
          359,
          462
        ],
        [
          335,
          448
        ],
        [
          317,
          438
        ],
        [
          311,
          434
        ],
        [
          287,
          420
        ],
        [
          269,
          410
        ],
        [
          264,
          406
        ],
        [
          240,
          383
        ],
        [
          240,
          383
        ],
        [
          216,
          355
        ],
        [
          216,
          355
        ],
        [
          192,
          333
        ],
        [
          187,
          328
        ],
        [
          168,
          306
        ],
        [
          163,
          300
        ],
        [
          144,
          273
        ],
        [
          144,
          273
        ],
        [
          121,
          254
        ],
        [
          105,
          245
        ],
        [
          97,
          241
        ],
        [
          73,
          235
        ],
        [
          49,
          230
        ],
        [
          25,
          221
        ],
        [
          13,
          218
        ],
        [
          1,
          215
        ],
        [
          0,
          215
        ]
      ]
    }
  ]
}