{
  "image": {
    "path": "N63E016_0437.png",
    "size": {
      "height": 512,
      "width": 512
    }
  },
  "labels": [
    {
      "elevation": 350,
      "elevation_bbox_pixels": [
        230.69633116403733,
        60.02364050741454,
        59.222149672434426,
        31.96628594039646
      ],
      "contour_line_pixels": [
        [
          512,
          116
        ],
        [
          508,
          116
        ],
        [
          459,
          115
        ],
        [
          409,
          113
        ],
        [
          360,
          108
        ],
        [
          343,
          105
        ],
        [
          310,
          100
        ],
        [
          277,
          91
        ],
        [
          282,
          78
        ],
        [
          310,
          73
        ],
        [
          360,
          67
        ],
        [
          389,
          64
        ],
        [
          409,
          62
        ],
        [
          459,
          60
        ],
        [
          508,
          61
        ],
        [
          512,
          61
        ]
      ]
    },
    {
      "elevation": 325,
      "elevation_bbox_pixels": [
        212.2615458323581,
        151.79952721679268,
        37.65039685877474,
        22.81479696143117
      ],
      "contour_line_pixels": []
    },
    {
      "elevation": 350,
      "elevation_bbox_pixels": [
        198.7025047106803,
        491.6606886772665,
        58.90768163920367,
        34.08500263062448
      ],
      "contour_line_pixels": [
        [
          0,
          502
        ],
        [
          13,
          504
        ],
        [
          14,
          504
        ],
        [
          44,
          512
        ]
      ]
    }
  ]
}