{
  "image": {
    "path": "N63E016_1162.png",
    "size": {
      "height": 512,
      "width": 512
    }
  },
  "labels": [
    {
      "elevation": 300,
      "elevation_bbox_pixels": [
        161.20466057356373,
        28.38278321954357,
        50.50083030530982,
        28.703882162041396
      ],
      "contour_line_pixels": [
        [
          46,
          58
        ],
        [
          46,
          58
        ],
        [
          35,
          58
        ],
        [
          23,
          58
        ],
        [
          23,
          58
        ],
        [
          23,
          49
        ],
        [
          23,
          49
        ],
        [
          35,
          49
        ],
        [
          45,
          40
        ],
        [
          46,
          40
        ],
        [
          57,
          40
        ],
        [
          57,
          40
        ],
        [
          57,
          49
        ],
        [
          57,
          49
        ],
        [
          46,
          58
        ]
      ]
    },
    {
      "elevation": 375,
      "elevation_bbox_pixels": [
        260.4158431780553,
        151.90291003545838,
        26.50552974087782,
        13.782720818173175
      ],
      "contour_line_pixels": [
        [
          512,
          373
        ],
        [
          504,
          374
        ],
        [
          493,
          375
        ],
        [
          481,
          375
        ],
        [
          470,
          375
        ],
        [
          459,
          374
        ],
        [
          448,
          372
        ],
        [
          437,
          370
        ],
        [
          436,
          369
        ],
        [
          431,
          360
        ],
        [
          437,
          354
        ],
        [
          440,
          352
        ],
        [
          441,
          343
        ],
        [
          437,
          338
        ],
        [
          431,
          334
        ],
        [
          426,
          331
        ],
        [
          414,
          330
        ],
        [
          403,
          329
        ],
        [
          392,
          328
        ],
        [
          381,
          328
        ],
        [
          370,
          327
        ],
        [
          359,
          326
        ],
        [
          347,
          325
        ],
        [
          345,
          325
        ],
        [
          336,
          320
        ],
        [
          327,
          316
        ],
        [
          325,
          314
        ],
        [
          318,
          307
        ],
        [
          314,
          304
        ],
        [
          305,
          298
        ],
        [
          303,
          297
        ],
        [
          292,
          293
        ],
        [
          280,
          290
        ],
        [
          277,
          289
        ],
        [
          269,
          286
        ],
        [
          258,
          282
        ],
        [
          256,
          280
        ],
        [
          256,
          271
        ],
        [
          258,
          270
        ],
        [
          269,
          263
        ],
        [
          269,
          262
        ],
        [
          277,
          254
        ],
        [
          269,
          248
        ],
        [
          265,
          245
        ],
        [
          258,
          241
        ],
        [
          247,
          236
        ],
        [
          247,
          236
        ],
        [
          239,
          227
        ],
        [
          239,
          218
        ],
        [
          247,
          209
        ],
        [
          247,
          209
        ],
        [
          258,
          200
        ],
        [
          247,
          194
        ],
        [
          236,
          191
        ],
        [
          236,
          191
        ],
        [
          225,
          188
        ],
        [
          213,
          185
        ],
        [
          202,
          183
        ],
        [
          202,
          182
        ],
        [
          191,
          180
        ],
        [
          180,
          176
        ],
        [
          174,
          174
        ],
        [
          169,
          170
        ],
        [
          163,
          165
        ],
        [
          165,
          156
        ],
        [
          169,
          153
        ],
        [
          180,
          147
        ],
        [
          180,
          147
        ],
        [
          183,
          138
        ],
        [
          180,
          136
        ],
        [
          169,
          129
        ],
        [
          169,
          129
        ],
        [
          167,
          120
        ],
        [
          169,
          119
        ],
        [
          180,
          117
        ],
        [
          191,
          116
        ],
        [
          202,
          115
        ],
        [
          213,
          114
        ],
        [
          225,
          113
        ],
        [
          236,
          115
        ],
        [
          247,
          117
        ],
        [
          258,
          120
        ],
        [
          258,
          120
        ],
        [
          269,
          126
        ],
        [
          272,
          129
        ],
        [
          275,
          138
        ],
        [
          273,
          147
        ],
        [
          280,
          153
        ],
        [
          286,
          156
        ],
        [
          292,
          157
        ],
        [
          303,
          158
        ],
        [
          314,
          160
        ],
        [
          325,
          161
        ],
        [
          336,
          161
        ],
        [
          347,
          162
        ],
        [
          359,
          164
        ],
        [
          361,
          165
        ],
        [
          370,
          169
        ],
        [
          381,
          172
        ],
        [
          385,
          174
        ],
        [
          392,
          180
        ],
        [
          398,
          182
        ],
        [
          403,
          191
        ],
        [
          403,
          191
        ],
        [
          414,
          196
        ],
        [
          426,
          198
        ],
        [
          431,
          200
        ],
        [
          437,
          202
        ],
        [
          448,
          203
        ],
        [
          459,
          205
        ],
        [
          470,
          208
        ],
        [
          474,
          209
        ],
        [
          481,
          213
        ],
        [
          493,
          216
        ],
        [
          498,
          218
        ],
        [
          504,
          220
        ],
        [
          512,
          222
        ]
      ]
    },
    {
      "elevation": 325,
      "elevation_bbox_pixels": [
        254.77302188281055,
        335.8567530815292,
        42.99472427935052,
        19.844626498913783
      ],
      "contour_line_pixels": []
    },
    {
      "elevation": 300,
      "elevation_bbox_pixels": [
        167.87944442598555,
        69.39459728456234,
        32.170314114129894,
        17.889618271595964
      ],