{
  "image": {
    "path": "N63E016_1544.png",
    "size": {
      "height": 512,
      "width": 512
    }
  },
  "labels": [
    {
      "elevation": 300,
      "elevation_bbox_pixels": [
        191.17760550289273,
        37.31945748180914,
        42.454469071811104,
        26.147024169642123
      ],
      "contour_line_pixels": [
        [
          370,
          105
        ],
        [
          352,
          103
        ],
        [
          343,
          101
        ],
        [
          316,
          93
        ],
        [
          288,
          85
        ],
        [
          288,
          85
        ],
        [
          261,
          77
        ],
        [
          234,
          70
        ],
        [
          206,
          67
        ],
        [
          206,
          67
        ],
        [
          179,
          58
        ],
        [
          152,
          55
        ],
        [
          125,
          52
        ],
        [
          97,
          50
        ],
        [
          92,
          49
        ],
        [
          97,
          46
        ],
        [
          124,
          30
        ],
        [
          125,
          30
        ],
        [
          152,
          30
        ],
        [
          152,
          30
        ],
        [
          179,
          40
        ],
        [
          206,
          42
        ],
        [
          234,
          41
        ],
        [
          261,
          42
        ],
        [
          288,
          44
        ],
        [
          316,
          46
        ],
        [
          343,
          48
        ],
        [
          343,
          49
        ],
        [
          370,
          59
        ],
        [
          398,
          65
        ],
        [
          411,
          67
        ],
        [
          425,
          71
        ],
        [
          452,
          83
        ],
        [
          458,
          85
        ],
        [
          466,
          103
        ],
        [
          452,
          107
        ],
        [
          425,
          108
        ],
        [
          398,
          107
        ],
        [
          370,
          105
        ]
      ]
    },
    {
      "elevation": 275,
      "elevation_bbox_pixels": [
        214.83504394674458,
        -8.658522956394904,
        50.507463938502724,
        30.463575557517572
      ],
      "contour_line_pixels": []
    },
    {
      "elevation": 275,
      "elevation_bbox_pixels": [
        195.7404242958387,
        481.8211700762063,
        51.07122523335693,
        26.139990348480808
      ],
      "contour_line_pixels": [
        [
          0,
          489
        ],
        [
          15,
          489
        ],
        [
          43,
          490
        ],
        [
          70,
          491
        ],
        [
          97,
          494
        ],
        [
          125,
          494
        ],
        [
          152,
          496
        ],
        [
          179,
          496
        ],
        [
          206,
          496
        ],
        [
          234,
          497
        ],
        [
          261,
          497
        ],
        [
          288,
          495
        ],
        [
          316,
          496
        ],
        [
          343,
          496
        ],
        [
          361,
          499
        ],
        [
          370,
          502
        ],
        [
          397,
          512
        ]
      ]
    },
    {
      "elevation": 250,
      "elevation_bbox_pixels": [
        282.8633679492011,
        7.942786320433584,
        59.53927389282808,
        30.79177522595114
      ],
      "contour_line_pixels": [
        [
          349,
          0
        ],
        [
          370,
          6
        ],
        [
          389,
          12
        ],
        [
          398,
          15
        ],
        [
          425,
          21
        ],
        [
          452,
          23
        ],
        [
          476,
          30
        ],
        [
          480,
          32
        ],
        [
          507,
          40
        ],
        [
          512,
          41
        ]
      ]
    }
  ]
}