{
  "image": {
    "path": "N63E016_0699.png",
    "size": {
      "height": 512,
      "width": 512
    }
  },
  "labels": [
    {
      "elevation": 350,
      "elevation_bbox_pixels": [
        163.25280312715563,
        126.06857551004981,
        42.46102086025755,
        24.550081897075074
      ],
      "contour_line_pixels": [
        [
          0,
          117
        ],
        [
          28,
          133
        ],
        [
          42,
          142
        ],
        [
          42,
          167
        ],
        [
          28,
          177
        ],
        [
          0,
          180
        ]
      ]
    },
    {
      "elevation": 375,
      "elevation_bbox_pixels": [
        291.14995285839336,
        468.54040499947644,
        55.97931692644897,
        31.778497814970976
      ],
      "contour_line_pixels": [
        [
          358,
          512
        ],
        [
          359,
          489
        ],
        [
          368,
          482
        ],
        [
          402,
          479
        ],
        [
          436,
          479
        ],
        [
          461,
          489
        ],
        [
          453,
          512
        ]
      ]
    },
    {
      "elevation": 350,
      "elevation_bbox_pixels": [
        269.7709761818614,
        248.58558870828364,
        38.361905563173536,
        24.27078520181351
      ],
      "contour_line_pixels": []
    }
  ]
}