{
  "image": {
    "path": "N63E016_1227.png",
    "size": {
      "height": 512,
      "width": 512
    }
  },
  "labels": [
    {
      "elevation": 425,
      "elevation_bbox_pixels": [
        304.0446159822394,
        72.04654389734458,
        61.63158791257433,
        30.82384342796945
      ],
      "contour_line_pixels": [
        [
          512,
          93
        ],
        [
          505,
          93
        ],
        [
          483,
          85
        ],
        [
          483,
          84
        ],
        [
          483,
          68
        ],
        [
          483,
          67
        ],
        [
          505,
          59
        ],
        [
          512,
          59
        ]
      ]
    },
    {
      "elevation": 400,
      "elevation_bbox_pixels": [
        262.9778383949511,
        106.62736133665305,
        34.204740321339045,
        19.526703892881187
      ],
      "contour_line_pixels": [
        [
          512,
          135
        ],
        [
          505,
          135
        ],
        [
          483,
          135
        ],
        [
          461,
          135
        ],
        [
          461,
          135
        ],
        [
          439,
          131
        ],
        [
          417,
          128
        ],
        [
          395,
          128
        ],
        [
          373,
          130
        ],
        [
          351,
          129
        ],
        [
          329,
          118
        ],
        [
          329,
          118
        ],
        [
          312,
          101
        ],
        [
          308,
          98
        ],
        [
          290,
          84
        ],
        [
          286,
          82
        ],
        [
          264,
          70
        ],
        [
          242,
          68
        ],
        [
          242,
          68
        ],
        [
          242,
          51
        ],
        [
          242,
          50
        ],
        [
          249,
          34
        ],
        [
          264,
          29
        ],
        [
          286,
          22
        ],
        [
          297,
          17
        ],
        [
          308,
          15
        ],
        [
          329,
          12
        ],
        [
          351,
          11
        ],
        [
          373,
          11
        ],
        [
          395,
          11
        ],
        [
          417,
          11
        ],
        [
          439,
          11
        ],
        [
          461,
          11
        ],
        [
          483,
          10
        ],
        [
          505,
          10
        ],
        [
          512,
          9
        ]
      ]
    },
    {
      "elevation": 350,
      "elevation_bbox_pixels": [
        158.7476263826193,
        15.815062575153377,
        30.060024590999035,
        18.233235441857346
      ],
      "contour_line_pixels": []
    },
    {
      "elevation": 325,
      "elevation_bbox_pixels": [
        165.7504660655918,
        125.24981289319811,
        50.251221684576194,
        28.15366781251271
      ],
      "contour_line_pixels": []
    },
    {
      "elevation": 300,
      "elevation_bbox_pixels": [
        213.52692245616313,
        419.1359998898155,
        45.264355732303244,
        26.527765690806774
      ],
      "contour_line_pixels": [
        [
          512,
          200
        ],
        [
          505,
          200
        ],
        [
          483,
          200
        ],
        [
          461,
          201
        ],
        [
          457,
          202
        ],
        [
          449,
          219
        ],
        [
          445,
          235
        ],
        [
          439,
          238
        ],
        [
          417,
          247
        ],
        [
          410,
          252
        ],
        [
          395,
          259
        ],
        [
          373,
          269
        ],
        [
          373,
          269
        ],
        [
          351,
          276
        ],
        [
          329,
          282
        ],
        [
          313,
          286
        ],
        [
          308,
          286
        ],
        [
          286,
          289
        ],
        [
          268,
          302
        ],
        [
          272,
          319
        ],
        [
          286,
          330
        ],
        [
          292,
          336
        ],
        [
          291,
          353
        ],
        [
          289,
          369
        ],
        [
          286,
          386
        ],
        [
          286,
          386
        ],
        [
          264,
          403
        ],
        [
          264,
          403
        ],
        [
          242,
          420
        ],
        [
          242,
          420
        ],
        [
          220,
          428
        ],
        [
          198,
          432
        ],
        [
          176,
          436
        ],
        [
          176,
          437
        ],
        [
          154,
          442
        ],
        [
          132,
          453
        ],
        [
          154,
          470
        ],
        [
          154,
          470
        ],
        [
          176,
          481
        ],
        [
          187,
          487
        ],
        [
          198,
          495
        ],
        [
          220,
          503
        ],
        [
          220,
          504
        ],
        [
          231,
          512
        ]
      ]
    },
    {
      "elevation": 275,
      "elevation_bbox_pixels": [
        266.97605325981647,
        466.79237516546095,
        33.4912603366231,
        19.622438452757276
      ],
      "contour_line_pixels": [
        [
          512,
          256
        ],
        [
          505,
          259
        ],
        [
          483,
          265
        ],
        [
          462,
          269
        ],
        [
          461,
          269
        ],
        [
          439,
          272
        ],
        [
          417,
          276
        ],
        [
          395,
          284
        ],
        [
          389,
          286
        ],
        [
          373,
          291
        ],
        [
          351,
          295
        ],
        [
          332,
          302
        ],
        [
          329,
          308
        ],
        [
          326,
          319
        ],
        [
          329,
          330
        ],
        [
          332,
          336
        ],
        [
          351,
          351
        ],
        [
          353,
          353
        ],
        [
          356,
          369
        ],
        [
          354,
          386
        ],
        [
          352,
          403
        ],
        [
          351,
          403
        ],
        [
          337,
          420
        ],
        [
          334,
          436
        ],
        [
          330,
          453
        ],
        [
          330,
          470
        ],
        [
          351,
          487
        ],
        [
          352,
          487
        ],
        [
          373,
          492
        ],
        [
          395,
          498
        ],
        [
          417,
          503
        ],
        [
          439,
          503
        ],
        [
          461,
          503
        ],
        [
          483,
          503
        ],
        [
          505,
          503
        ],
        [
          512,
          503
        ]
      ]
    },
    {
      "elevation": 250,
      "elevation_bbox_pixels": [
        276.8353327632241,
        326.27133561941935,
        62.01768789879293,
        38.46138666446967
      ],