{
  "image": {
    "path": "N63E016_0179.png",
    "size": {
      "height": 512,
      "width": 512
    }
  },
  "labels": [
    {
      "elevation": 400,
      "elevation_bbox_pixels": [
        152.18832950538254,
        156.54729718903184,
        34.525469031073214,
        21.299225266983512
      ],
      "contour_line_pixels": []
    },
    {
      "elevation": 375,
      "elevation_bbox_pixels": [
        247.8731766894972,
        219.6002629706831,
        39.2228159754211,
        22.86766767684196
      ],
      "contour_line_pixels": []
    }
  ]
}