{
  "image": {
    "path": "N63E016_1288.png",
    "size": {
      "height": 512,
      "width": 512
    }
  },
  "labels": [
    {
      "elevation": 275,
      "elevation_bbox_pixels": [
        275.8821734477246,
        501.5538602351358,
        29.355856229579445,
        19.85105783610461
      ],
      "contour_line_pixels": [
        [
          449,
          512
        ],
        [
          454,
          511
        ],
        [
          474,
          512
        ]
      ]
    },
    {
      "elevation": 250,
      "elevation_bbox_pixels": [
        235.12724595331065,
        406.30483018997745,
        33.43204555691682,
        19.004267712223026
      ],
      "contour_line_pixels": []
    }
  ]
}