{
  "image": {
    "path": "N63E016_0895.png",
    "size": {
      "height": 512,
      "width": 512
    }
  },
  "labels": [
    {
      "elevation": 300,
      "elevation_bbox_pixels": [
        294.31548231994293,
        11.814410513563757,
        37.946561493970876,
        23.014864544489
      ],
      "contour_line_pixels": []
    },
    {
      "elevation": 325,
      "elevation_bbox_pixels": [
        232.68459292538267,
        484.2660512601823,
        38.31347863188523,
        20.920021827778527
      ],
      "contour_line_pixels": [
        [
          167,
          512
        ],
        [
          170,
          511
        ],
        [
          178,
          509
        ],
        [
          186,
          507
        ],
        [
          201,
          504
        ],
        [
          217,
          502
        ],
        [
          232,
          499
        ],
        [
          242,
          496
        ],
        [
          248,
          494
        ],
        [
          263,
          489
        ],
        [
          279,
          485
        ],
        [
          294,
          482
        ],
        [
          294,
          482
        ],
        [
          309,
          480
        ],
        [
          325,
          480
        ],
        [
          340,
          482
        ],
        [
          340,
          482
        ],
        [
          356,
          486
        ],
        [
          371,
          489
        ],
        [
          387,
          492
        ],
        [
          397,
          496
        ],
        [
          402,
          497
        ],
        [
          418,
          500
        ],
        [
          433,
          502
        ],
        [
          449,
          503
        ],
        [
          464,
          504
        ],
        [
          479,
          504
        ],
        [
          495,
          506
        ],
        [
          510,
          509
        ],
        [
          511,
          509
        ],
        [
          512,
          510
        ]
      ]
    },
    {
      "elevation": 300,
      "elevation_bbox_pixels": [
        190.45367830106244,
        463.7233905628529,
        33.89793411847529,
        22.389232247514517
      ],
      "contour_line_pixels": [
        [
          0,
          496
        ],
        [
          0,
          496
        ],
        [
          0,
          496
        ],
        [
          16,
          493
        ],
        [
          31,
          490
        ],
        [
          47,
          486
        ],
        [
          62,
          482
        ],
        [
          62,
          482
        ],
        [
          78,
          482
        ],
        [
          93,
          482
        ],
        [
          109,
          478
        ],
        [
          124,
          475
        ],
        [
          139,
          474
        ],
        [
          155,
          469
        ],
        [
          155,
          469
        ],
        [
          170,
          469
        ],
        [
          186,
          469
        ],
        [
          201,
          463
        ],
        [
          217,
          459
        ],
        [
          232,
          457
        ],
        [
          240,
          455
        ],
        [
          248,
          453
        ],
        [
          263,
          449
        ],
        [
          279,
          446
        ],
        [
          294,
          444
        ],
        [
          309,
          444
        ],
        [
          325,
          444
        ],
        [
          340,
          444
        ],
        [
          356,
          444
        ],
        [
          371,
          445
        ],
        [
          387,
          445
        ],
        [
          402,
          448
        ],
        [
          418,
          450
        ],
        [
          433,
          453
        ],
        [
          449,
          453
        ],
        [
          464,
          455
        ],
        [
          464,
          455
        ],
        [
          479,
          457
        ],
        [
          487,
          455
        ],
        [
          495,
          452
        ],
        [
          507,
          441
        ],
        [
          510,
          437
        ],
        [
          512,
          436
        ]
      ]
    },
    {
      "elevation": 275,
      "elevation_bbox_pixels": [
        281.1634467605296,
        396.3691285932647,
        32.30417188868773,
        21.492635294054452
      ],
      "contour_line_pixels": [
        [
          0,
          339
        ],
        [
          0,
          339
        ],
        [
          16,
          340
        ],
        [
          31,
          342
        ],
        [
          47,
          344
        ],
        [
          53,
          346
        ],
        [
          62,
          352
        ],
        [
          78,
          356
        ],
        [
          88,
          360
        ],
        [
          93,
          367
        ],
        [
          101,
          373
        ],
        [
          109,
          380
        ],
        [
          124,
          387
        ],
        [
          124,
          387
        ],
        [
          139,
          400
        ],
        [
          155,
          400
        ],
        [
          170,
          400
        ],
        [
          186,
          400
        ],
        [
          201,
          400
        ],
        [
          217,
          400
        ],
        [
          232,
          400
        ],
        [
          248,
          398
        ],
        [
          263,
          398
        ],
        [
          279,
          398
        ],
        [
          294,
          400
        ],
        [
          309,
          400
        ],
        [
          310,
          401
        ],
        [
          325,
          402
        ],
        [
          340,
          403
        ],
        [
          356,
          406
        ],
        [
          371,
          408
        ],
        [
          387,
          408
        ],
        [
          402,
          410
        ],
        [
          418,
          410
        ],
        [
          433,
          410
        ],
        [
          449,
          405
        ],
        [
          459,
          401
        ],
        [
          464,
          399
        ],
        [
          479,
          396
        ],
        [
          495,
          391
        ],
        [
          510,
          387
        ],
        [
          510,
          387
        ],
        [
          512,
          387
        ]
      ]
    },
    {
      "elevation": 275,
      "elevation_bbox_pixels": [
        273.22333420852345,
        57.02053146278752,
        27.724660592299756,
        16.74861296279755
      ],