{
  "image": {
    "path": "N63E016_1609.png",
    "size": {
      "height": 512,
      "width": 512
    }
  },
  "labels": [
    {
      "elevation": 300,
      "elevation_bbox_pixels": [
        357.1964059102945,
        15.207972812792264,
        34.098367653691184,
        18.55590101825078
      ],
      "contour_line_pixels": []
    },
    {
      "elevation": 275,
      "elevation_bbox_pixels": [
        146.88354208556635,
        55.549955120635275,
        46.44880396103389,
        31.4866444936971
      ],
      "contour_line_pixels": []
    },
    {
      "elevation": 275,
      "elevation_bbox_pixels": [
        322.56754112245676,
        359.25709868611597,
        40.165154883015475,
        23.531261436775026
      ],
      "contour_line_pixels": []
    },
    {
      "elevation": 250,
      "elevation_bbox_pixels": [
        200.59742096592024,
        238.82340655990345,
        62.49356683037607,
        38.148923709477685
      ],
      "contour_line_pixels": [
        [
          248,
          512
        ],
        [
          246,
          504
        ],
        [
          246,
          481
        ],
        [
          237,
          472
        ],
        [
          215,
          466
        ],
        [
          207,
          459
        ],
        [
          203,
          437
        ],
        [
          194,
          428
        ],
        [
          181,
          415
        ],
        [
          173,
          407
        ],
        [
          152,
          393
        ],
        [
          152,
          393
        ],
        [
          138,
          370
        ],
        [
          131,
          359
        ],
        [
          121,
          348
        ],
        [
          131,
          326
        ],
        [
          131,
          326
        ],
        [
          152,
          304
        ],
        [
          152,
          304
        ],
        [
          173,
          286
        ],
        [
          194,
          282
        ],
        [
          194,
          281
        ],
        [
          205,
          260
        ],
        [
          194,
          238
        ],
        [
          194,
          237
        ],
        [
          173,
          226
        ],
        [
          152,
          215
        ],
        [
          152,
          215
        ],
        [
          131,
          208
        ],
        [
          110,
          200
        ],
        [
          89,
          200
        ],
        [
          68,
          199
        ],
        [
          47,
          199
        ],
        [
          26,
          202
        ],
        [
          5,
          202
        ],
        [
          0,
          202
        ]
      ]
    },
    {
      "elevation": 250,
      "elevation_bbox_pixels": [
        132.10302723735776,
        315.92293515501484,
        38.8056806887389,
        21.461032917668376
      ],
      "contour_line_pixels": [
        [
          0,
          303
        ],
        [
          5,
          304
        ],
        [
          5,
          304
        ],
        [
          26,
          326
        ],
        [
          47,
          326
        ],
        [
          47,
          326
        ],
        [
          47,
          327
        ],
        [
          26,
          327
        ],
        [
          5,
          327
        ],
        [
          0,
          327
        ]
      ]
    }
  ]
}