{
  "image": {
    "path": "N63E016_0018.png",
    "size": {
      "height": 512,
      "width": 512
    }
  },
  "labels": [
    {
      "elevation": 350,
      "elevation_bbox_pixels": [
        129.24728378508308,
        78.46897937760326,
        44.46033132552964,
        26.50582314990254
      ],
      "contour_line_pixels": []
    },
    {
      "elevation": 325,
      "elevation_bbox_pixels": [
        128.57236674305102,
        30.865726494286832,
        35.45854958415862,
        19.760590219524374
      ],
      "contour_line_pixels": []
    },
    {
      "elevation": 400,
      "elevation_bbox_pixels": [
        228.15763961602937,
        216.58353507678777,
        44.15209139795036,
        22.732357926493364
      ],
      "contour_line_pixels": [
        [
          346,
          257
        ],
        [
          333,
          263
        ],
        [
          320,
          263
        ],
        [
          307,
          264
        ],
        [
          294,
          264
        ],
        [
          281,
          264
        ],
        [
          268,
          262
        ],
        [
          255,
          259
        ],
        [
          243,
          253
        ],
        [
          230,
          253
        ],
        [
          229,
          253
        ],
        [
          217,
          249
        ],
        [
          208,
          241
        ],
        [
          216,
          228
        ],
        [
          217,
          228
        ],
        [
          230,
          228
        ],
        [
          243,
          228
        ],
        [
          255,
          228
        ],
        [
          268,
          228
        ],
        [
          281,
          228
        ],
        [
          294,
          228
        ],
        [
          294,
          228
        ],
        [
          307,
          233
        ],
        [
          320,
          236
        ],
        [
          333,
          238
        ],
        [
          341,
          241
        ],
        [
          346,
          247
        ],
        [
          352,
          253
        ],
        [
          346,
          257
        ]
      ]
    },
    {
      "elevation": 400,
      "elevation_bbox_pixels": [
        218.7917253953305,
        293.62216997890505,
        34.847032214872456,
        17.665713507239673
      ],
      "contour_line_pixels": [
        [
          230,
          360
        ],
        [
          217,
          357
        ],
        [
          204,
          353
        ],
        [
          202,
          352
        ],
        [
          191,
          341
        ],
        [
          178,
          340
        ],
        [
          178,
          340
        ],
        [
          165,
          327
        ],
        [
          165,
          327
        ],
        [
          165,
          327
        ],
        [
          178,
          324
        ],
        [
          191,
          315
        ],
        [
          191,
          315
        ],
        [
          203,
          303
        ],
        [
          204,
          302
        ],
        [
          217,
          302
        ],
        [
          230,
          302
        ],
        [
          243,
          302
        ],
        [
          255,
          302
        ],
        [
          268,
          302
        ],
        [
          281,
          302
        ],
        [
          294,
          303
        ],
        [
          294,
          303
        ],
        [
          294,
          303
        ],
        [
          282,
          315
        ],
        [
          281,
          315
        ],
        [
          269,
          327
        ],
        [
          268,
          327
        ],
        [
          255,
          327
        ],
        [
          243,
          328
        ],
        [
          230,
          340
        ],
        [
          238,
          352
        ],
        [
          230,
          360
        ]
      ]
    },
    {
      "elevation": 400,
      "elevation_bbox_pixels": [
        270.96112859385954,
        340.42871779580133,
        37.08051824170877,
        23.363484069621222
      ],
      "contour_line_pixels": [
        [
          346,
          352
        ],
        [
          333,
          352
        ],
        [
          333,
          352
        ],
        [
          333,
          352
        ],
        [
          346,
          352
        ],
        [
          346,
          352
        ],
        [
          346,
          352
        ]
      ]
    },
    {
      "elevation": 375,
      "elevation_bbox_pixels": [
        288.68152170674824,
        249.74960968150378,
        33.010403273395355,
        20.479051123455264
      ],