{
  "image": {
    "path": "N63E016_0666.png",
    "size": {
      "height": 512,
      "width": 512
    }
  },
  "labels": [
    {
      "elevation": 300,
      "elevation_bbox_pixels": [
        242.58710123907056,
        68.74178833068379,
        44.3723234010981,
        25.61993092957823
      ],
      "contour_line_pixels": [
        [
          316,
          115
        ],
        [
          316,
          115
        ],
        [
          293,
          99
        ],
        [
          292,
          98
        ],
        [
          281,
          82
        ],
        [
          293,
          80
        ],
        [
          316,
          79
        ],
        [
          339,
          82
        ],
        [
          362,
          82
        ],
        [
          362,
          82
        ],
        [
          385,
          98
        ],
        [
          386,
          98
        ],
        [
          386,
          115
        ],
        [
          385,
          115
        ],
        [
          362,
          115
        ],
        [
          339,
          115
        ],
        [
          316,
          115
        ]
      ]
    },
    {
      "elevation": 275,
      "elevation_bbox_pixels": [
        223.00488160293548,
        177.75356595531144,
        56.10400039209753,
        31.787387887741602
      ],
      "contour_line_pixels": []
    },
    {
      "elevation": 275,
      "elevation_bbox_pixels": [
        191.14211272374087,
        476.48617380675813,
        38.48543053652975,
        24.289931505826328
      ],
      "contour_line_pixels": [
        [
          0,
          458
        ],
        [
          10,
          462
        ],
        [
          16,
          464
        ],
        [
          39,
          469
        ],
        [
          62,
          474
        ],
        [
          85,
          477
        ],
        [
          89,
          479
        ],
        [
          108,
          488
        ],
        [
          131,
          492
        ],
        [
          145,
          495
        ],
        [
          154,
          499
        ],
        [
          177,
          506
        ],
        [
          201,
          510
        ],
        [
          205,
          512
        ],
        [
          206,
          512
        ]
      ]
    },
    {
      "elevation": 250,
      "elevation_bbox_pixels": [
        299.5971432019664,
        335.9812097094558,
        33.189174721320455,
        20.67580258118437
      ],
      "contour_line_pixels": []
    }
  ]
}