{
  "image": {
    "path": "N63E016_1602.png",
    "size": {
      "height": 512,
      "width": 512
    }
  },
  "labels": [
    {
      "elevation": 400,
      "elevation_bbox_pixels": [
        251.2192447713106,
        407.1190405055865,
        41.787051398057685,
        26.07145643937713
      ],
      "contour_line_pixels": []
    },
    {
      "elevation": 375,
      "elevation_bbox_pixels": [
        212.54769289612798,
        338.48370594888695,
        63.209632992396934,
        38.26048087428791
      ],
      "contour_line_pixels": [
        [
          0,
          344
        ],
        [
          23,
          344
        ],
        [
          56,
          347
        ],
        [
          57,
          347
        ],
        [
          89,
          350
        ],
        [
          122,
          352
        ],
        [
          156,
          357
        ],
        [
          156,
          357
        ],
        [
          189,
          360
        ],
        [
          222,
          367
        ],
        [
          223,
          367
        ],
        [
          255,
          370
        ],
        [
          288,
          372
        ],
        [
          322,
          372
        ],
        [
          355,
          374
        ],
        [
          388,
          374
        ],
        [
          405,
          376
        ],
        [
          421,
          378
        ],
        [
          454,
          381
        ],
        [
          488,
          382
        ],
        [
          512,
          383
        ]
      ]
    },
    {
      "elevation": 350,
      "elevation_bbox_pixels": [
        241.39085430646534,
        196.98012233060717,
        30.505895558037167,
        17.164007826923807
      ],
      "contour_line_pixels": [
        [
          0,
          160
        ],
        [
          12,
          162
        ],
        [
          23,
          163
        ],
        [
          56,
          169
        ],
        [
          73,
          172
        ],
        [
          89,
          174
        ],
        [
          122,
          178
        ],
        [
          147,
          182
        ],
        [
          156,
          183
        ],
        [
          189,
          189
        ],
        [
          197,
          191
        ],
        [
          222,
          196
        ],
        [
          247,
          201
        ],
        [
          255,
          203
        ],
        [
          275,
          211
        ],
        [
          288,
          216
        ],
        [
          302,
          221
        ],
        [
          322,
          230
        ],
        [
          322,
          230
        ],
        [
          338,
          240
        ],
        [
          355,
          246
        ],
        [
          371,
          250
        ],
        [
          388,
          259
        ],
        [
          389,
          259
        ],
        [
          421,
          269
        ],
        [
          422,
          269
        ],
        [
          438,
          279
        ],
        [
          454,
          288
        ],
        [
          455,
          289
        ],
        [
          455,
          298
        ],
        [
          455,
          308
        ],
        [
          488,
          313
        ],
        [
          504,
          318
        ],
        [
          512,
          319
        ]
      ]
    },
    {
      "elevation": 325,
      "elevation_bbox_pixels": [
        218.27974230683813,
        134.1214382043243,
        44.56914742239056,
        20.434543138342974
      ],
      "contour_line_pixels": [
        [
          0,
          129
        ],
        [
          23,
          133
        ],
        [
          23,
          133
        ],
        [
          56,
          134
        ],
        [
          89,
          136
        ],
        [
          122,
          141
        ],
        [
          129,
          143
        ],
        [
          156,
          149
        ],
        [
          169,
          152
        ],
        [
          189,
          155
        ],
        [
          222,
          161
        ],
        [
          230,
          162
        ],
        [
          255,
          165
        ],
        [
          288,
          170
        ],
        [
          297,
          172
        ],
        [
          322,
          174
        ],
        [
          355,
          179
        ],
        [
          368,
          182
        ],
        [
          388,
          186
        ],
        [
          405,
          191
        ],
        [
          421,
          201
        ],
        [
          421,
          201
        ],
        [
          454,
          209
        ],
        [
          460,
          211
        ],
        [
          488,
          220
        ],
        [
          488,
          221
        ],
        [
          512,
          224
        ]
      ]
    }
  ]
}