{
  "image": {
    "path": "N63E016_1552.png",
    "size": {
      "height": 512,
      "width": 512
    }
  },
  "labels": [
    {
      "elevation": 350,
      "elevation_bbox_pixels": [
        295.61456074996966,
        245.87377549932575,
        34.003332499694125,
        22.36751410055436
      ],
      "contour_line_pixels": []
    },
    {
      "elevation": 375,
      "elevation_bbox_pixels": [
        224.89888726022775,
        341.34518156945774,
        32.670736717249156,
        17.35334425838522
      ],
      "contour_line_pixels": [
        [
          188,
          370
        ],
        [
          186,
          369
        ],
        [
          186,
          351
        ],
        [
          188,
          350
        ],
        [
          221,
          350
        ],
        [
          225,
          351
        ],
        [
          253,
          366
        ],
        [
          257,
          369
        ],
        [
          253,
          372
        ],
        [
          221,
          374
        ],
        [
          188,
          370
        ]
      ]
    },
    {
      "elevation": 350,
      "elevation_bbox_pixels": [
        275.5984319699372,
        418.62530816520626,
        31.758117210056525,
        18.455621259527902
      ],
      "contour_line_pixels": [
        [
          188,
          395
        ],
        [
          166,
          387
        ],
        [
          156,
          384
        ],
        [
          124,
          369
        ],
        [
          124,
          369
        ],
        [
          113,
          351
        ],
        [
          124,
          340
        ],
        [
          156,
          333
        ],
        [
          156,
          333
        ],
        [
          157,
          333
        ],
        [
          188,
          334
        ],
        [
          221,
          337
        ],
        [
          253,
          341
        ],
        [
          276,
          351
        ],
        [
          285,
          356
        ],
        [
          318,
          362
        ],
        [
          350,
          369
        ],
        [
          350,
          369
        ],
        [
          383,
          374
        ],
        [
          415,
          378
        ],
        [
          441,
          387
        ],
        [
          447,
          391
        ],
        [
          458,
          404
        ],
        [
          447,
          418
        ],
        [
          443,
          422
        ],
        [
          415,
          428
        ],
        [
          383,
          428
        ],
        [
          350,
          427
        ],
        [
          318,
          424
        ],
        [
          302,
          422
        ],
        [
          285,
          419
        ],
        [
          253,
          413
        ],
        [
          225,
          404
        ],
        [
          221,
          403
        ],
        [
          188,
          395
        ]
      ]
    },
    {
      "elevation": 325,
      "elevation_bbox_pixels": [
        278.18442485763666,
        186.7586425558598,
        32.82990308595174,
        20.44456945882564
      ],
      "contour_line_pixels": []
    },
    {
      "elevation": 300,
      "elevation_bbox_pixels": [
        177.75912716806772,
        425.13123809240926,
        40.83592380456116,
        21.729185225960293
      ],
      "contour_line_pixels": []
    },
    {
      "elevation": 275,
      "elevation_bbox_pixels": [
        242.39536544634473,
        74.63636205476399,
        35.106483449626694,
        20.905033246322205
      ],
      "contour_line_pixels": [
        [
          0,
          105
        ],
        [
          27,
          103
        ],
        [
          59,
          102
        ],
        [
          75,
          100
        ],
        [
          91,
          98
        ],
        [
          124,
          97
        ],
        [
          156,
          97
        ],
        [
          188,
          95
        ],
        [
          221,
          93
        ],
        [
          253,
          89
        ],
        [
          285,
          82
        ],
        [
          285,
          82
        ],
        [
          318,
          80
        ],
        [
          350,
          75
        ],
        [
          383,
          72
        ],
        [
          415,
          67
        ],
        [
          431,
          64
        ],
        [
          447,
          62
        ],
        [
          480,
          60
        ],
        [
          512,
          60
        ],
        [
          512,
          60
        ]
      ]
    },
    {
      "elevation": 250,
      "elevation_bbox_pixels": [
        256.6974862125622,
        29.408771458996114,
        46.570905378442035,
        25.60446804206515
      ],
      "contour_line_pixels": [
        [
          0,
          49
        ],
        [
          27,
          52
        ],
        [
          59,
          55
        ],
        [
          91,
          57
        ],
        [
          124,
          57
        ],
        [
          156,
          56
        ],
        [
          188,
          53
        ],
        [
          221,
          51
        ],
        [
          253,
          51
        ],
        [
          285,
          49
        ],
        [
          307,
          47
        ],
        [
          318,
          45
        ],
        [
          350,
          42
        ],
        [
          383,
          41
        ],
        [
          415,
          39
        ],
        [
          447,
          36
        ],
        [
          480,
          34
        ],
        [
          512,
          33
        ],
        [
          512,
          33
        ]
      ]
    }
  ]
}