{
  "image": {
    "path": "N63E016_0997.png",
    "size": {
      "height": 512,
      "width": 512
    }
  },
  "labels": [
    {
      "elevation": 250,
      "elevation_bbox_pixels": [
        338.9718102170796,
        60.60008994784266,
        55.62649646970647,
        30.905238564758292
      ],
      "contour_line_pixels": []
    },
    {
      "elevation": 325,
      "elevation_bbox_pixels": [
        264.5303090225387,
        470.23177518784064,
        47.09430651822947,
        27.13787271091729
      ],
      "contour_line_pixels": [
        [
          196,
          512
        ],
        [
          196,
          506
        ],
        [
          201,
          498
        ],
        [
          209,
          490
        ],
        [
          216,
          486
        ],
        [
          232,
          483
        ],
        [
          247,
          484
        ],
        [
          263,
          485
        ],
        [
          278,
          488
        ],
        [
          294,
          490
        ],
        [
          309,
          490
        ],
        [
          324,
          485
        ],
        [
          340,
          480
        ],
        [
          355,
          478
        ],
        [
          371,
          484
        ],
        [
          386,
          490
        ],
        [
          386,
          490
        ],
        [
          401,
          495
        ],
        [
          417,
          501
        ],
        [
          432,
          504
        ],
        [
          448,
          503
        ],
        [
          463,
          502
        ],
        [
          479,
          502
        ],
        [
          494,
          504
        ],
        [
          509,
          506
        ],
        [
          512,
          506
        ]
      ]
    },
    {
      "elevation": 300,
      "elevation_bbox_pixels": [
        287.9228114516169,
        439.6008390583386,
        37.944796142834775,
        21.432304738218164
      ],
      "contour_line_pixels": []
    },
    {
      "elevation": 175,
      "elevation_bbox_pixels": [
        229.72342536739728,
        212.31436384228812,
        50.238538064554746,
        30.61783383801935
      ],
      "contour_line_pixels": [
        [
          512,
          366
        ],
        [
          509,
          365
        ],
        [
          494,
          360
        ],
        [
          479,
          352
        ],
        [
          479,
          352
        ],
        [
          463,
          345
        ],
        [
          453,
          337
        ],
        [
          448,
          332
        ],
        [
          437,
          321
        ],
        [
          432,
          317
        ],
        [
          417,
          313
        ],
        [
          401,
          307
        ],
        [
          394,
          306
        ],
        [
          386,
          303
        ],
        [
          371,
          297
        ],
        [
          360,
          291
        ],
        [
          355,
          287
        ],
        [
          340,
          279
        ],
        [
          332,
          275
        ],
        [
          325,
          260
        ],
        [
          340,
          254
        ],
        [
          355,
          251
        ],
        [
          371,
          247
        ],
        [
          372,
          245
        ],
        [
          374,
          229
        ],
        [
          371,
          226
        ],
        [
          359,
          214
        ],
        [
          355,
          210
        ],
        [
          340,
          209
        ],
        [
          324,
          206
        ],
        [
          309,
          203
        ],
        [
          294,
          212
        ],
        [
          290,
          214
        ],
        [
          278,
          221
        ],
        [
          263,
          225
        ],
        [
          247,
          229
        ],
        [
          247,
          229
        ],
        [
          232,
          232
        ],
        [
          216,
          232
        ],
        [
          201,
          239
        ],
        [
          186,
          240
        ],
        [
          170,
          240
        ],
        [
          155,
          233
        ],
        [
          140,
          229
        ],
        [
          155,
          224
        ],
        [
          170,
          219
        ],
        [
          186,
          214
        ],
        [
          186,
          214
        ],
        [
          201,
          208
        ],
        [
          216,
          199
        ],
        [
          217,
          199
        ],
        [
          232,
          189
        ],
        [
          242,
          183
        ],
        [
          247,
          180
        ],
        [
          263,
          176
        ],
        [
          278,
          174
        ],
        [
          294,
          173
        ],
        [
          309,
          171
        ],
        [
          324,
          170
        ],
        [
          332,
          168
        ],
        [
          340,
          164
        ],
        [
          355,
          163
        ],
        [
          371,
          163
        ],
        [
          386,
          168
        ],
        [
          386,
          168
        ],
        [
          401,
          177
        ],
        [
          408,
          183
        ],
        [
          417,
          193
        ],
        [
          423,
          199
        ],
        [
          432,
          203
        ],
        [
          448,
          214
        ],
        [
          448,
          214
        ],
        [
          463,
          220
        ],
        [
          479,
          228
        ],
        [
          482,
          229
        ],
        [
          494,
          236
        ],
        [
          509,
          243
        ],
        [
          512,
          244
        ]
      ]
    },
    {
      "elevation": 200,
      "elevation_bbox_pixels": [
        179.98289360507846,
        -4.091603334616934,
        58.231429282280374,
        35.92828914820416
      ],
      "contour_line_pixels": []
    },
    {
      "elevation": 225,
      "elevation_bbox_pixels": [
        238.47066801350675,
        337.3511263704045,
        41.30025505552314,
        24.981809644191344
      ],
      "contour_line_pixels": []
    }
  ]
}