{
  "image": {
    "path": "N63E016_0256.png",
    "size": {
      "height": 512,
      "width": 512
    }
  },
  "labels": [
    {
      "elevation": 450,
      "elevation_bbox_pixels": [
        238.93484891848755,
        418.40959887292297,
        25.793572075499696,
        17.00711405757687
      ],
      "contour_line_pixels": []
    },
    {
      "elevation": 400,
      "elevation_bbox_pixels": [
        223.18164638748925,
        34.63275207050515,
        59.5278363891631,
        33.83636726052691
      ],
      "contour_line_pixels": []
    },
    {
      "elevation": 350,
      "elevation_bbox_pixels": [
        233.5031299092981,
        -3.2452574632353617,
        45.80703095884533,
        23.419041780147666
      ],
      "contour_line_pixels": [
        [
          155,
          0
        ],
        [
          210,
          5
        ],
        [
          242,
          7
        ],
        [
          339,
          13
        ],
        [
          436,
          20
        ],
        [
          471,
          25
        ],
        [
          512,
          29
        ]
      ]
    }
  ]
}