{
  "image": {
    "path": "N63E016_0678.png",
    "size": {
      "height": 512,
      "width": 512
    }
  },
  "labels": [
    {
      "elevation": 300,
      "elevation_bbox_pixels": [
        184.93296773158784,
        437.697933522464,
        40.363684862785476,
        22.024619111900762
      ],
      "contour_line_pixels": [
        [
          98,
          452
        ],
        [
          94,
          450
        ],
        [
          98,
          449
        ],
        [
          108,
          448
        ],
        [
          117,
          450
        ],
        [
          108,
          457
        ],
        [
          98,
          452
        ]
      ]
    },
    {
      "elevation": 125,
      "elevation_bbox_pixels": [
        190.35905721960484,
        128.88056573816624,
        24.810168876821194,
        15.05680001252233
      ],
      "contour_line_pixels": [
        [
          512,
          245
        ],
        [
          511,
          245
        ],
        [
          509,
          244
        ],
        [
          502,
          243
        ],
        [
          493,
          242
        ],
        [
          483,
          242
        ],
        [
          480,
          244
        ],
        [
          474,
          248
        ],
        [
          465,
          251
        ],
        [
          465,
          251
        ],
        [
          456,
          255
        ],
        [
          447,
          256
        ],
        [
          438,
          256
        ],
        [
          428,
          256
        ],
        [
          419,
          255
        ],
        [
          410,
          253
        ],
        [
          406,
          251
        ],
        [
          401,
          249
        ],
        [
          392,
          244
        ],
        [
          392,
          244
        ],
        [
          386,
          237
        ],
        [
          385,
          230
        ],
        [
          388,
          223
        ],
        [
          392,
          216
        ],
        [
          392,
          216
        ],
        [
          396,
          209
        ],
        [
          400,
          201
        ],
        [
          400,
          194
        ],
        [
          392,
          187
        ],
        [
          392,
          187
        ],
        [
          383,
          181
        ],
        [
          381,
          180
        ],
        [
          374,
          173
        ],
        [
          374,
          166
        ],
        [
          383,
          159
        ],
        [
          383,
          159
        ],
        [
          392,
          153
        ],
        [
          394,
          152
        ],
        [
          393,
          145
        ],
        [
          392,
          144
        ],
        [
          383,
          140
        ],
        [
          378,
          138
        ],
        [
          373,
          134
        ],
        [
          368,
          131
        ],
        [
          364,
          127
        ],
        [
          360,
          123
        ],
        [
          356,
          116
        ],
        [
          358,
          109
        ],
        [
          364,
          106
        ],
        [
          373,
          103
        ],
        [
          375,
          102
        ],
        [
          378,
          95
        ],
        [
          376,
          88
        ],
        [
          376,
          81
        ],
        [
          373,
          76
        ],
        [
          371,
          74
        ],
        [
          368,
          67
        ],
        [
          364,
          64
        ],
        [
          355,
          60
        ],
        [
          355,
          60
        ],
        [
          346,
          54
        ],
        [
          343,
          53
        ],
        [
          337,
          46
        ],
        [
          328,
          53
        ],
        [
          328,
          53
        ],
        [
          322,
          60
        ],
        [
          321,
          67
        ],
        [
          323,
          74
        ],
        [
          328,
          76
        ],
        [
          334,
          81
        ],
        [
          337,
          83
        ],
        [
          343,
          88
        ],
        [
          338,
          95
        ],
        [
          337,
          96
        ],
        [
          328,
          100
        ],
        [
          318,
          101
        ],
        [
          309,
          101
        ],
        [
          305,
          102
        ],
        [
          302,
          109
        ],
        [
          300,
          116
        ],
        [
          300,
          123
        ],
        [
          308,
          131
        ],
        [
          309,
          131
        ],
        [
          318,
          133
        ],
        [
          328,
          134
        ],
        [
          337,
          138
        ],
        [
          337,
          138
        ],
        [
          346,
          142
        ],
        [
          349,
          145
        ],
        [
          346,
          148
        ],
        [
          340,
          152
        ],
        [
          337,
          154
        ],
        [
          328,
          157
        ],
        [
          322,
          159
        ],
        [
          318,
          162
        ],
        [
          309,
          160
        ],
        [
          307,
          159
        ],
        [
          300,
          156
        ],
        [
          291,
          154
        ],
        [
          282,
          154
        ],
        [
          273,
          156
        ],
        [
          269,
          159
        ],
        [
          263,
          163
        ],
        [
          254,
          164
        ],
        [
          245,
          164
        ],
        [
          236,
          164
        ],
        [
          227,
          164
        ],
        [
          218,
          164
        ],
        [
          208,
          163
        ],
        [
          202,
          159
        ],
        [
          199,
          157
        ],
        [
          193,
          152
        ],
        [
          195,
          145
        ],
        [
          190,
          143
        ],
        [
          181,
          143
        ],
        [
          172,
          143
        ],
        [
          163,
          142
        ],
        [
          153,
          142
        ],
        [
          145,
          138
        ],
        [
          144,
          137
        ],
        [
          135,
          136
        ],
        [
          126,
          135
        ],
        [
          117,
          132
        ],
        [
          114,
          131
        ],
        [
          108,
          126
        ],
        [
          103,
          123
        ],
        [
          98,
          121
        ],
        [
          96,
          123
        ],
        [
          97,
          131
        ],
        [
          98,
          132
        ],
        [
          104,
          138
        ],
        [
          108,
          141
        ],
        [
          115,
          145
        ],
        [
          117,
          146
        ],
        [
          126,
          151
        ],
        [
          128,
          152
        ],
        [
          135,
          154
        ],
        [
          144,
          156
        ],
        [
          148,
          159
        ],
        [
          153,
          162
        ],
        [
          159,
          166
        ],
        [
          157,
          173
        ],
        [
