{
  "image": {
    "path": "N63E016_1644.png",
    "size": {
      "height": 512,
      "width": 512
    }
  },
  "labels": [
    {
      "elevation": 400,
      "elevation_bbox_pixels": [
        289.23320860164057,
        31.53508064375535,
        42.470527140799845,
        25.268611308815025
      ],
      "contour_line_pixels": []
    },
    {
      "elevation": 375,
      "elevation_bbox_pixels": [
        231.51081245912346,
        256.0656442758683,
        26.505529740877847,
        13.782720818173175
      ],
      "contour_line_pixels": [
        [
          165,
          276
        ],
        [
          158,
          275
        ],
        [
          154,
          273
        ],
        [
          143,
          267
        ],
        [
          138,
          263
        ],
        [
          132,
          254
        ],
        [
          131,
          252
        ],
        [
          127,
          240
        ],
        [
          125,
          229
        ],
        [
          128,
          217
        ],
        [
          132,
          210
        ],
        [
          135,
          206
        ],
        [
          143,
          194
        ],
        [
          143,
          194
        ],
        [
          154,
          186
        ],
        [
          165,
          183
        ],
        [
          165,
          183
        ],
        [
          176,
          183
        ],
        [
          187,
          183
        ],
        [
          187,
          183
        ],
        [
          198,
          187
        ],
        [
          206,
          194
        ],
        [
          209,
          198
        ],
        [
          214,
          206
        ],
        [
          220,
          213
        ],
        [
          224,
          217
        ],
        [
          231,
          222
        ],
        [
          240,
          229
        ],
        [
          242,
          230
        ],
        [
          253,
          236
        ],
        [
          259,
          240
        ],
        [
          259,
          252
        ],
        [
          253,
          254
        ],
        [
          242,
          256
        ],
        [
          231,
          263
        ],
        [
          231,
          275
        ],
        [
          231,
          275
        ],
        [
          220,
          283
        ],
        [
          209,
          281
        ],
        [
          198,
          279
        ],
        [
          187,
          278
        ],
        [
          176,
          278
        ],
        [
          165,
          276
        ]
      ]
    },
    {
      "elevation": 375,
      "elevation_bbox_pixels": [
        271.9281989850132,
        382.3969821089154,
        56.331228894618334,
        32.17927697259523
      ],
      "contour_line_pixels": [
        [
          315,
          412
        ],
        [
          319,
          406
        ],
        [
          323,
          401
        ],
        [
          330,
          399
        ],
        [
          341,
          398
        ],
        [
          352,
          398
        ],
        [
          363,
          398
        ],
        [
          374,
          398
        ],
        [
          385,
          398
        ],
        [
          396,
          401
        ],
        [
          396,
          401
        ],
        [
          401,
          412
        ],
        [
          396,
          416
        ],
        [
          385,
          422
        ],
        [
          375,
          424
        ],
        [
          374,
          424
        ],
        [
          363,
          425
        ],
        [
          352,
          425
        ],
        [
          350,
          424
        ],
        [
          341,
          420
        ],
        [
          330,
          417
        ],
        [
          319,
          415
        ],
        [
          315,
          412
        ]
      ]
    },
    {
      "elevation": 350,
      "elevation_bbox_pixels": [
        265.04504864884393,
        446.1738920003211,
        42.99472427935052,
        19.84462649891379
      ],
      "contour_line_pixels": [
        [
          440,
          432
        ],
        [
          434,
          435
        ],
        [
          429,
          437
        ],
        [
          418,
          441
        ],
        [
          407,
          445
        ],
        [
          404,
          447
        ],
        [
          396,
          450
        ],
        [
          385,
          453
        ],
        [
          374,
          455
        ],
        [
          363,
          457
        ],
        [
          352,
          457
        ],
        [
          341,
          457
        ],
        [
          330,
          457
        ],
        [
          319,
          456
        ],
        [
          308,
          452
        ],
        [
          302,
          447
        ],
        [
          302,
          435
        ],
        [
          303,
          424
        ],
        [
          297,
          421
        ],
        [
          286,
          416
        ],
        [
          280,
          412
        ],
        [
          286,
          403
        ],
        [
          287,
          401
        ],
        [
          297,
          396
        ],
        [
          308,
          392
        ],
        [
          313,
          389
        ],
        [
          319,
          387
        ],
        [
          330,
          385
        ],
        [
          341,
          384
        ],
        [
          352,
          382
        ],
        [
          363,
          380
        ],
        [
          374,
          379
        ],
        [
          380,
          378
        ],
        [
          385,
          377
        ],
        [
          396,
          375
        ],
        [
          407,
          374
        ],
        [
          418,
          376
        ],
        [
          422,
          378
        ],
        [
          429,
          380
        ],
        [
          440,
          384
        ],
        [
          448,
          389
        ],
        [
          451,
          393
        ],
        [
          458,
          401
        ],
        [
          461,
          412
        ],
        [
          457,
          424
        ],
        [
          451,
          427
        ],
        [
          440,
          432
        ]
      ]
    },
    {
      "elevation": 375,
      "elevation_bbox_pixels": [
        160.54034460997707,
        117.68896210828149,
        31.921464604653238,
        17.86566161003327
      ],
      "contour_line_pixels": []
    },
    {
      "elevation": 350,
      "elevation_bbox_pixels": [
        294.14026154375085,
        318.3530040962683,
        27.76702492553909,
        16.429190256248035
      ],