{
  "image": {
    "path": "N63E016_0634.png",
    "size": {
      "height": 512,
      "width": 512
    }
  },
  "labels": [
    {
      "elevation": 175,
      "elevation_bbox_pixels": [
        206.40074076491783,
        50.826385307539,
        37.946561493970876,
        23.014864544489
      ],
      "contour_line_pixels": [
        [
          294,
          0
        ],
        [
          290,
          4
        ],
        [
          280,
          9
        ],
        [
          269,
          9
        ],
        [
          259,
          14
        ],
        [
          249,
          20
        ],
        [
          249,
          20
        ],
        [
          239,
          23
        ],
        [
          228,
          28
        ],
        [
          218,
          29
        ],
        [
          208,
          26
        ],
        [
          200,
          20
        ],
        [
          197,
          16
        ],
        [
          187,
          5
        ],
        [
          181,
          0
        ]
      ]
    },
    {
      "elevation": 150,
      "elevation_bbox_pixels": [
        371.97612398450013,
        141.90101184936282,
        38.188648144938384,
        20.913514176233775
      ],
      "contour_line_pixels": []
    },
    {
      "elevation": 125,
      "elevation_bbox_pixels": [
        234.7384153882766,
        174.734838818772,
        34.021616966633104,
        22.407330674837795
      ],
      "contour_line_pixels": []
    },
    {
      "elevation": 175,
      "elevation_bbox_pixels": [
        461.36418600156014,
        428.6515510097589,
        32.30417188868773,
        21.492635294054452
      ],
      "contour_line_pixels": [
        [
          399,
          512
        ],
        [
          398,
          502
        ],
        [
          403,
          491
        ],
        [
          413,
          483
        ],
        [
          420,
          475
        ],
        [
          423,
          473
        ],
        [
          434,
          472
        ],
        [
          444,
          472
        ],
        [
          454,
          472
        ],
        [
          464,
          471
        ],
        [
          475,
          471
        ],
        [
          485,
          473
        ],
        [
          495,
          475
        ],
        [
          505,
          475
        ],
        [
          506,
          475
        ],
        [
          512,
          476
        ]
      ]
    },
    {
      "elevation": 150,
      "elevation_bbox_pixels": [
        351.53611386286474,
        428.1844665279406,
        27.724660592299756,
        16.748612962797594
      ],
      "contour_line_pixels": []
    }
  ]
}