{
  "image": {
    "path": "N63E016_1113.png",
    "size": {
      "height": 512,
      "width": 512
    }
  },
  "labels": [
    {
      "elevation": 300,
      "elevation_bbox_pixels": [
        220.45973335386643,
        9.806415154042952,
        51.042034119140936,
        28.76125614782177
      ],
      "contour_line_pixels": []
    },
    {
      "elevation": 275,
      "elevation_bbox_pixels": [
        234.6955362535242,
        227.5594275509295,
        37.944796142834775,
        21.432304738218136
      ],
      "contour_line_pixels": [
        [
          512,
          315
        ],
        [
          496,
          314
        ],
        [
          487,
          312
        ],
        [
          442,
          305
        ],
        [
          397,
          302
        ],
        [
          351,
          301
        ],
        [
          306,
          298
        ],
        [
          306,
          298
        ],
        [
          261,
          288
        ],
        [
          215,
          285
        ],
        [
          209,
          283
        ],
        [
          170,
          272
        ],
        [
          125,
          270
        ],
        [
          114,
          267
        ],
        [
          79,
          256
        ],
        [
          57,
          252
        ],
        [
          51,
          236
        ],
        [
          79,
          230
        ],
        [
          125,
          228
        ],
        [
          170,
          231
        ],
        [
          215,
          233
        ],
        [
          232,
          236
        ],
        [
          261,
          243
        ],
        [
          306,
          248
        ],
        [
          336,
          252
        ],
        [
          351,
          255
        ],
        [
          397,
          260
        ],
        [
          442,
          263
        ],
        [
          487,
          265
        ],
        [
          512,
          265
        ]
      ]
    },
    {
      "elevation": 325,
      "elevation_bbox_pixels": [
        188.96272969327623,
        486.3270234776607,
        60.78400144440377,
        35.95322919889497
      ],
      "contour_line_pixels": [
        [
          0,
          477
        ],
        [
          19,
          485
        ],
        [
          19,
          500
        ],
        [
          3,
          512
        ]
      ]
    },
    {
      "elevation": 275,
      "elevation_bbox_pixels": [
        210.05623956743733,
        430.00535997716145,
        58.231429282280374,
        35.92828914820416
      ],
      "contour_line_pixels": [
        [
          0,
          425
        ],
        [
          34,
          430
        ],
        [
          79,
          436
        ],
        [
          93,
          438
        ],
        [
          125,
          445
        ],
        [
          170,
          452
        ],
        [
          180,
          454
        ],
        [
          215,
          464
        ],
        [
          238,
          469
        ],
        [
          261,
          476
        ],
        [
          289,
          485
        ],
        [
          302,
          500
        ],
        [
          306,
          508
        ],
        [
          308,
          512
        ]
      ]
    }
  ]
}