{
  "image": {
    "path": "N63E016_0128.png",
    "size": {
      "height": 512,
      "width": 512
    }
  },
  "labels": [
    {
      "elevation": 425,
      "elevation_bbox_pixels": [
        167.03327721023328,
        169.52720776624335,
        36.846832255993945,
        25.313740993751026
      ],
      "contour_line_pixels": [
        [
          106,
          183
        ],
        [
          82,
          183
        ],
        [
          82,
          182
        ],
        [
          82,
          182
        ],
        [
          106,
          182
        ],
        [
          106,
          182
        ],
        [
          106,
          183
        ]
      ]
    },
    {
      "elevation": 400,
      "elevation_bbox_pixels": [
        156.6602595833868,
        80.77762264615211,
        35.416912793872484,
        20.613473956541952
      ],
      "contour_line_pixels": []
    },
    {
      "elevation": 375,
      "elevation_bbox_pixels": [
        340.32352747842356,
        52.61132222628868,
        32.164865330473276,
        18.76965295885327
      ],
      "contour_line_pixels": [
        [
          512,
          88
        ],
        [
          509,
          85
        ],
        [
          497,
          70
        ],
        [
          485,
          58
        ],
        [
          470,
          47
        ],
        [
          462,
          41
        ],
        [
          438,
          29
        ],
        [
          430,
          25
        ],
        [
          414,
          10
        ],
        [
          408,
          2
        ],
        [
          408,
          0
        ]
      ]
    },
    {
      "elevation": 375,
      "elevation_bbox_pixels": [
        201.08989476613522,
        278.56705578028635,
        54.24366985668553,
        29.01681996121181
      ],
      "contour_line_pixels": [
        [
          0,
          76
        ],
        [
          11,
          74
        ],
        [
          35,
          71
        ],
        [
          58,
          71
        ],
        [
          70,
          70
        ],
        [
          82,
          67
        ],
        [
          106,
          62
        ],
        [
          130,
          63
        ],
        [
          153,
          64
        ],
        [
          177,
          67
        ],
        [
          189,
          70
        ],
        [
          201,
          73
        ],
        [
          224,
          85
        ],
        [
          234,
          92
        ],
        [
          243,
          115
        ],
        [
          230,
          137
        ],
        [
          225,
          160
        ],
        [
          224,
          160
        ],
        [
          221,
          182
        ],
        [
          218,
          205
        ],
        [
          224,
          227
        ],
        [
          225,
          228
        ],
        [
          241,
          250
        ],
        [
          239,
          273
        ],
        [
          224,
          282
        ],
        [
          201,
          291
        ],
        [
          182,
          295
        ],
        [
          177,
          296
        ],
        [
          153,
          296
        ],
        [
          145,
          295
        ],
        [
          130,
          293
        ],
        [
          106,
          279
        ],
        [
          82,
          273
        ],
        [
          82,
          273
        ],
        [
          58,
          265
        ],
        [
          35,
          258
        ],
        [
          11,
          252
        ],
        [
          0,
          251
        ]
      ]
    },
    {
      "elevation": 300,
      "elevation_bbox_pixels": [
        304.42216077200413,
        469.11673262197235,
        39.32573585705279,
        20.149043574115407
      ],
      "contour_line_pixels": [
        [
          512,
          343
        ],
        [
          509,
          341
        ],
        [
          509,
          340
        ],
        [
          485,
          333
        ],
        [
          462,
          318
        ],
        [
          438,
          318
        ],
        [
          415,
          340
        ],
        [
          414,
          341
        ],
        [
          391,
          363
        ],
        [
          391,
          385
        ],
        [
          414,
          408
        ],
        [
          415,
          408
        ],
        [
          415,
          431
        ],
        [
          414,
          431
        ],
        [
          391,
          453
        ],
        [
          391,
          476
        ],
        [
          414,
          479
        ],
        [
          438,
          481
        ],
        [
          462,
          481
        ],
        [
          485,
          482
        ],
        [
          507,
          498
        ],
        [
          509,
          499
        ],
        [
          512,
          500
        ]
      ]
    }
  ]
}