{
  "image": {
    "path": "N63E016_0762.png",
    "size": {
      "height": 512,
      "width": 512
    }
  },
  "labels": [
    {
      "elevation": 325,
      "elevation_bbox_pixels": [
        288.64744596809567,
        54.79315629837964,
        40.39480197713806,
        22.091182398536716
      ],
      "contour_line_pixels": [
        [
          512,
          100
        ],
        [
          492,
          91
        ],
        [
          491,
          91
        ],
        [
          449,
          62
        ],
        [
          471,
          33
        ],
        [
          492,
          19
        ],
        [
          503,
          5
        ],
        [
          512,
          0
        ]
      ]
    },
    {
      "elevation": 275,
      "elevation_bbox_pixels": [
        247.69208704298646,
        182.99784259925957,
        50.52326168359153,
        29.20248641894409
      ],
      "contour_line_pixels": []
    },
    {
      "elevation": 250,
      "elevation_bbox_pixels": [
        242.9685741502248,
        264.90806553057314,
        29.15277987638649,
        16.280801390094382
      ],
      "contour_line_pixels": [
        [
          402,
          512
        ],
        [
          395,
          508
        ],
        [
          346,
          492
        ],
        [
          346,
          492
        ],
        [
          298,
          479
        ],
        [
          249,
          471
        ],
        [
          213,
          463
        ],
        [
          201,
          456
        ],
        [
          165,
          435
        ],
        [
          182,
          406
        ],
        [
          201,
          377
        ],
        [
          201,
          377
        ],
        [
          209,
          349
        ],
        [
          217,
          320
        ],
        [
          249,
          297
        ],
        [
          259,
          291
        ],
        [
          263,
          263
        ],
        [
          249,
          253
        ],
        [
          228,
          234
        ],
        [
          201,
          216
        ],
        [
          180,
          205
        ],
        [
          153,
          196
        ],
        [
          104,
          179
        ],
        [
          99,
          177
        ],
        [
          56,
          151
        ],
        [
          50,
          148
        ],
        [
          15,
          119
        ],
        [
          7,
          112
        ],
        [
          0,
          103
        ]
      ]
    },
    {
      "elevation": 225,
      "elevation_bbox_pixels": [
        173.12378550901857,
        300.82221552425653,
        50.28604818917648,
        32.60309447024707
      ],
      "contour_line_pixels": []
    }
  ]
}