{
  "image": {
    "path": "N63E016_0083.png",
    "size": {
      "height": 512,
      "width": 512
    }
  },
  "labels": [
    {
      "elevation": 400,
      "elevation_bbox_pixels": [
        250.4914480909811,
        15.443183553012375,
        38.20940428753593,
        18.4463931478964
      ],
      "contour_line_pixels": [
        [
          512,
          26
        ],
        [
          469,
          26
        ],
        [
          415,
          26
        ],
        [
          362,
          25
        ],
        [
          309,
          24
        ],
        [
          255,
          24
        ],
        [
          202,
          24
        ],
        [
          200,
          24
        ],
        [
          148,
          19
        ],
        [
          95,
          7
        ],
        [
          42,
          4
        ],
        [
          41,
          4
        ],
        [
          32,
          0
        ]
      ]
    },
    {
      "elevation": 450,
      "elevation_bbox_pixels": [
        239.87900607848493,
        274.4872050364001,
        29.720454008165717,
        16.191725055787288
      ],
      "contour_line_pixels": [
        [
          512,
          356
        ],
        [
          469,
          345
        ],
        [
          431,
          336
        ],
        [
          415,
          331
        ],
        [
          362,
          320
        ],
        [
          326,
          315
        ],
        [
          309,
          311
        ],
        [
          255,
          295
        ],
        [
          255,
          295
        ],
        [
          244,
          274
        ],
        [
          255,
          270
        ],
        [
          300,
          253
        ],
        [
          309,
          251
        ],
        [
          362,
          245
        ],
        [
          415,
          240
        ],
        [
          469,
          240
        ],
        [
          512,
          242
        ]
      ]
    },
    {
      "elevation": 425,
      "elevation_bbox_pixels": [
        236.658758325247,
        389.69102978139625,
        29.426761136260552,
        18.228535437183922
      ],
      "contour_line_pixels": []
    },
    {
      "elevation": 400,
      "elevation_bbox_pixels": [
        241.12962664397944,
        185.21917596373902,
        40.948978404883775,
        20.1516313495448
      ],
      "contour_line_pixels": []
    },
    {
      "elevation": 350,
      "elevation_bbox_pixels": [
        284.0636460011506,
        501.885169515113,
        31.511324819602123,
        19.503925236022795
      ],
      "contour_line_pixels": [
        [
          512,
          511
        ],
        [
          499,
          512
        ]
      ]
    }
  ]
}