{
  "image": {
    "path": "N63E016_0772.png",
    "size": {
      "height": 512,
      "width": 512
    }
  },
  "labels": [
    {
      "elevation": 225,
      "elevation_bbox_pixels": [
        272.9234287879748,
        45.56093231985142,
        34.51140978884109,
        22.72718673896452
      ],
      "contour_line_pixels": [
        [
          365,
          69
        ],
        [
          361,
          68
        ],
        [
          349,
          62
        ],
        [
          342,
          59
        ],
        [
          333,
          53
        ],
        [
          318,
          50
        ],
        [
          317,
          50
        ],
        [
          302,
          47
        ],
        [
          286,
          45
        ],
        [
          270,
          42
        ],
        [
          268,
          41
        ],
        [
          257,
          32
        ],
        [
          266,
          23
        ],
        [
          270,
          20
        ],
        [
          286,
          19
        ],
        [
          302,
          20
        ],
        [
          318,
          21
        ],
        [
          325,
          23
        ],
        [
          333,
          26
        ],
        [
          346,
          32
        ],
        [
          346,
          41
        ],
        [
          349,
          46
        ],
        [
          353,
          50
        ],
        [
          365,
          53
        ],
        [
          380,
          54
        ],
        [
          396,
          59
        ],
        [
          396,
          59
        ],
        [
          412,
          68
        ],
        [
          412,
          68
        ],
        [
          412,
          68
        ],
        [
          396,
          70
        ],
        [
          380,
          70
        ],
        [
          365,
          69
        ]
      ]
    },
    {
      "elevation": 200,
      "elevation_bbox_pixels": [
        282.04192715122826,
        491.8533685205651,
        57.25557405683685,
        35.753546908608214
      ],
      "contour_line_pixels": []
    },
    {
      "elevation": 275,
      "elevation_bbox_pixels": [
        191.5738385577679,
        459.8217119633365,
        30.42153948135814,
        18.516768238385083
      ],
      "contour_line_pixels": []
    },
    {
      "elevation": 150,
      "elevation_bbox_pixels": [
        306.5143762826428,
        253.8088219382925,
        28.179884552064436,
        17.805839913313463
      ],
      "contour_line_pixels": [
        [
          512,
          267
        ],
        [
          506,
          264
        ],
        [
          512,
          261
        ]
      ]
    },
    {
      "elevation": 175,
      "elevation_bbox_pixels": [
        242.25597209335723,
        100.47246017098377,
        48.961123873755355,
        28.114136833679936
      ],
      "contour_line_pixels": []
    },
    {
      "elevation": 200,
      "elevation_bbox_pixels": [
        193.75933085776396,
        24.091616519063678,
        54.81905836367406,
        28.561633903229676
      ],
      "contour_line_pixels": []
    }
  ]
}