{
  "image": {
    "path": "N63E016_0510.png",
    "size": {
      "height": 512,
      "width": 512
    }
  },
  "labels": [
    {
      "elevation": 125,
      "elevation_bbox_pixels": [
        184.20585700054806,
        116.02147768884583,
        32.91191820508959,
        17.352509179531353
      ],
      "contour_line_pixels": []
    },
    {
      "elevation": 150,
      "elevation_bbox_pixels": [
        338.1008294286987,
        34.02517739175079,
        23.816131555307493,
        13.350669753659417
      ],
      "contour_line_pixels": [
        [
          428,
          0
        ],
        [
          441,
          16
        ],
        [
          450,
          29
        ],
        [
          460,
          42
        ],
        [
          471,
          68
        ],
        [
          475,
          72
        ],
        [
          495,
          93
        ],
        [
          500,
          103
        ],
        [
          512,
          119
        ],
        [
          512,
          119
        ]
      ]
    },
    {
      "elevation": 175,
      "elevation_bbox_pixels": [
        345.17183900059354,
        4.905579478500101,
        42.94017535792591,
        20.680823272519433
      ],
      "contour_line_pixels": [
        [
          512,
          45
        ],
        [
          510,
          42
        ],
        [
          500,
          24
        ],
        [
          496,
          16
        ],
        [
          487,
          0
        ]
      ]
    }
  ]
}