{
  "image": {
    "path": "N63E016_0535.png",
    "size": {
      "height": 512,
      "width": 512
    }
  },
  "labels": [
    {
      "elevation": 425,
      "elevation_bbox_pixels": [
        33.845420279947376,
        38.03912115884975,
        44.37232340109807,
        25.61993092957823
      ],
      "contour_line_pixels": []
    },
    {
      "elevation": 400,
      "elevation_bbox_pixels": [
        80.32093558643624,
        294.7135620499836,
        55.97931692644897,
        31.77849781497099
      ],
      "contour_line_pixels": []
    },
    {
      "elevation": 375,
      "elevation_bbox_pixels": [
        228.04745138790798,
        274.43959644087244,
        38.361905563173536,
        24.27078520181351
      ],
      "contour_line_pixels": [
        [
          252,
          0
        ],
        [
          260,
          10
        ],
        [
          262,
          12
        ],
        [
          272,
          22
        ],
        [
          284,
          33
        ],
        [
          285,
          34
        ],
        [
          293,
          57
        ],
        [
          294,
          79
        ],
        [
          296,
          90
        ],
        [
          298,
          101
        ],
        [
          305,
          123
        ],
        [
          308,
          145
        ],
        [
          308,
          146
        ],
        [
          312,
          168
        ],
        [
          317,
          190
        ],
        [
          308,
          206
        ],
        [
          300,
          212
        ],
        [
          296,
          224
        ],
        [
          292,
          235
        ],
        [
          290,
          257
        ],
        [
          284,
          268
        ],
        [
          278,
          279
        ],
        [
          272,
          282
        ],
        [
          260,
          286
        ],
        [
          247,
          287
        ],
        [
          235,
          287
        ],
        [
          223,
          290
        ],
        [
          211,
          294
        ],
        [
          207,
          301
        ],
        [
          211,
          306
        ],
        [
          223,
          316
        ],
        [
          227,
          324
        ],
        [
          235,
          338
        ],
        [
          237,
          346
        ],
        [
          238,
          368
        ],
        [
          235,
          390
        ],
        [
          235,
          391
        ],
        [
          229,
          413
        ],
        [
          223,
          427
        ],
        [
          217,
          435
        ],
        [
          219,
          457
        ],
        [
          223,
          479
        ],
        [
          223,
          479
        ],
        [
          231,
          502
        ],
        [
          232,
          512
        ]
      ]
    },
    {
      "elevation": 350,
      "elevation_bbox_pixels": [
        335.3442391016676,
        66.21149488980598,
        33.06652394901414,
        20.6516822981705
      ],
      "contour_line_pixels": [
        [
          512,
          189
        ],
        [
          502,
          182
        ],
        [
          490,
          174
        ],
        [
          482,
          168
        ],
        [
          478,
          165
        ],
        [
          466,
          157
        ],
        [
          454,
          149
        ],
        [
          451,
          146
        ],
        [
          442,
          138
        ],
        [
          429,
          124
        ],
        [
          429,
          123
        ],
        [
          417,
          111
        ],
        [
          410,
          101
        ],
        [
          405,
          95
        ],
        [
          393,
          85
        ],
        [
          381,
          79
        ],
        [
          381,
          79
        ],
        [
          369,
          76
        ],
        [
          363,
          79
        ],
        [
          357,
          82
        ],
        [
          345,
          101
        ],
        [
          346,
          123
        ],
        [
          349,
          146
        ],
        [
          354,
          168
        ],
        [
          357,
          174
        ],
        [
          369,
          190
        ],
        [
          369,
          190
        ],
        [
          379,
          212
        ],
        [
          381,
          217
        ],
        [
          391,
          235
        ],
        [
          393,
          242
        ],
        [
          398,
          257
        ],
        [
          399,
          279
        ],
        [
          397,
          301
        ],
        [
          393,
          324
        ],
        [
          393,
          346
        ],
        [
          393,
          346
        ],
        [
          381,
          368
        ],
        [
          381,
          368
        ],
        [
          369,
          374
        ],
        [
          357,
          379
        ],
        [
          345,
          381
        ],
        [
          333,
          390
        ],
        [
          332,
          390
        ],
        [
          320,
          401
        ],
        [
          315,
          413
        ],
        [
          310,
          435
        ],
        [
          308,
          446
        ],
        [
          306,
          457
        ],
        [
          296,
          479
        ],
        [
          296,
          480
        ],
        [
          294,
          502
        ],
        [
          294,
          512
        ]
      ]
    },
    {
      "elevation": 325,
      "elevation_bbox_pixels": [
        425.9605258139376,
        394.50477040059263,
        31.495534670096504,
        17.587362689648728
      ],
      "contour_line_pixels": [
        [
          512,
          250
        ],
        [
          502,
          246
        ],
        [
          490,
          243
        ],
        [
          478,
          243
        ],
        [
          466,
          253
        ],
        [
          464,
          257
        ],
        [
          466,
          279
        ],
        [
          466,
          279
        ],
        [
          469,
          301
        ],
        [
          476,
          324
        ],
        [
          478,
          331
        ],
        [
          483,
          346
        ],
        [
          488,
          368
        ],
        [
          488,
          390
        ],
        [
          478,
          406
        ],
        [
          470,
          413
        ],
        [
          466,
          416
        ],
        [
          454,
          429
        ],
        [
          451,
          435
        ],
        [
          442,
          449
        ],
        [
          429,
          456
        ],
        [
          418,
          457
        ],
        [
          417,
          457
        ],
        [
          417,
          457
        ],
        [
          405,
          456
        ],
        [
          393,
          454
        ],
        [
          381,
          452
        ],
        [
          369,
          451
        ],
        [
          359,
          457
        ],
        [
          357,
          461
        ],
        [
          351,
          479
        ],
        [
          347,
          502
        ],
        [
          351,
          512
        ]
      ]
    }
  ]
}