{
  "image": {
    "path": "N63E016_1249.png",
    "size": {
      "height": 512,
      "width": 512
    }
  },
  "labels": [
    {
      "elevation": 325,
      "elevation_bbox_pixels": [
        394.7053934407635,
        308.41876337329984,
        30.43960646882556,
        19.134939115454642
      ],
      "contour_line_pixels": [
        [
          512,
          326
        ],
        [
          506,
          306
        ],
        [
          512,
          298
        ]
      ]
    },
    {
      "elevation": 300,
      "elevation_bbox_pixels": [
        360.67364044402007,
        361.31252487062727,
        54.915191766419866,
        33.047650578184616
      ],
      "contour_line_pixels": [
        [
          512,
          423
        ],
        [
          504,
          415
        ],
        [
          494,
          409
        ],
        [
          485,
          394
        ],
        [
          475,
          384
        ],
        [
          468,
          358
        ],
        [
          466,
          351
        ],
        [
          455,
          332
        ],
        [
          449,
          306
        ],
        [
          466,
          280
        ],
        [
          466,
          280
        ],
        [
          473,
          254
        ],
        [
          485,
          246
        ],
        [
          499,
          228
        ],
        [
          504,
          223
        ],
        [
          512,
          213
        ]
      ]
    },
    {
      "elevation": 250,
      "elevation_bbox_pixels": [
        304.83226420217454,
        317.46881682346833,
        45.65082602332291,
        21.216489902412945
      ],
      "contour_line_pixels": [
        [
          376,
          512
        ],
        [
          391,
          508
        ],
        [
          410,
          506
        ],
        [
          428,
          505
        ],
        [
          447,
          504
        ],
        [
          466,
          503
        ],
        [
          481,
          487
        ],
        [
          466,
          473
        ],
        [
          457,
          461
        ],
        [
          447,
          451
        ],
        [
          435,
          435
        ],
        [
          428,
          427
        ],
        [
          414,
          409
        ],
        [
          410,
          404
        ],
        [
          394,
          384
        ],
        [
          391,
          377
        ],
        [
          381,
          358
        ],
        [
          375,
          332
        ],
        [
          372,
          319
        ],
        [
          368,
          306
        ],
        [
          372,
          289
        ],
        [
          374,
          280
        ],
        [
          382,
          254
        ],
        [
          391,
          243
        ],
        [
          403,
          228
        ],
        [
          410,
          222
        ],
        [
          428,
          207
        ],
        [
          432,
          203
        ],
        [
          442,
          177
        ],
        [
          437,
          151
        ],
        [
          447,
          131
        ],
        [
          451,
          125
        ],
        [
          466,
          99
        ],
        [
          466,
          99
        ],
        [
          476,
          73
        ],
        [
          485,
          56
        ],
        [
          487,
          47
        ],
        [
          499,
          21
        ],
        [
          504,
          18
        ],
        [
          512,
          12
        ]
      ]
    },
    {
      "elevation": 225,
      "elevation_bbox_pixels": [
        121.92042168279421,
        36.247939288468444,
        39.493875142650026,
        23.325889757664186
      ],
      "contour_line_pixels": [
        [
          160,
          0
        ],
        [
          147,
          9
        ],
        [
          129,
          21
        ],
        [
          128,
          22
        ],
        [
          109,
          22
        ],
        [
          91,
          47
        ],
        [
          91,
          48
        ],
        [
          72,
          48
        ],
        [
          53,
          48
        ],
        [
          53,
          47
        ],
        [
          34,
          34
        ],
        [
          16,
          22
        ],
        [
          15,
          21
        ],
        [
          0,
          11
        ]
      ]
    }
  ]
}