{
  "image": {
    "path": "N63E016_1557.png",
    "size": {
      "height": 512,
      "width": 512
    }
  },
  "labels": [
    {
      "elevation": 375,
      "elevation_bbox_pixels": [
        214.94963174113687,
        84.07940658957,
        59.34642121024601,
        31.97976128417531
      ],
      "contour_line_pixels": [
        [
          305,
          0
        ],
        [
          300,
          5
        ],
        [
          283,
          12
        ],
        [
          265,
          13
        ],
        [
          248,
          13
        ],
        [
          230,
          12
        ],
        [
          213,
          10
        ],
        [
          200,
          0
        ]
      ]
    },
    {
      "elevation": 350,
      "elevation_bbox_pixels": [
        270.29081883258976,
        162.28107579369993,
        37.52726322294495,
        22.793277023528503
      ],
      "contour_line_pixels": [
        [
          512,
          54
        ],
        [
          509,
          53
        ],
        [
          492,
          53
        ],
        [
          474,
          65
        ],
        [
          457,
          73
        ],
        [
          440,
          81
        ],
        [
          439,
          81
        ],
        [
          422,
          91
        ],
        [
          404,
          101
        ],
        [
          387,
          116
        ],
        [
          370,
          125
        ],
        [
          352,
          127
        ],
        [
          335,
          136
        ],
        [
          317,
          137
        ],
        [
          300,
          132
        ],
        [
          283,
          125
        ],
        [
          265,
          119
        ],
        [
          248,
          110
        ],
        [
          230,
          112
        ],
        [
          213,
          114
        ],
        [
          195,
          121
        ],
        [
          178,
          125
        ],
        [
          161,
          123
        ],
        [
          143,
          123
        ],
        [
          126,
          120
        ],
        [
          108,
          119
        ],
        [
          91,
          112
        ],
        [
          74,
          109
        ],
        [
          56,
          105
        ],
        [
          39,
          105
        ],
        [
          21,
          108
        ],
        [
          4,
          112
        ],
        [
          0,
          112
        ]
      ]
    },
    {
      "elevation": 325,
      "elevation_bbox_pixels": [
        125.9146206941959,
        209.81354696671997,
        59.031254359606564,
        34.103838308797094
      ],
      "contour_line_pixels": []
    },
    {
      "elevation": 300,
      "elevation_bbox_pixels": [
        130.85447292197844,
        289.0419279881663,
        29.505190401820016,
        16.46223245097258
      ],
      "contour_line_pixels": [
        [
          54,
          512
        ],
        [
          56,
          482
        ],
        [
          73,
          451
        ],
        [
          74,
          450
        ],
        [
          91,
          450
        ],
        [
          108,
          450
        ],
        [
          109,
          451
        ],
        [
          126,
          472
        ],
        [
          143,
          451
        ],
        [
          143,
          450
        ],
        [
          161,
          410
        ],
        [
          178,
          389
        ],
        [
          178,
          389
        ],
        [
          195,
          351
        ],
        [
          213,
          348
        ],
        [
          230,
          350
        ],
        [
          248,
          355
        ],
        [
          265,
          358
        ],
        [
          283,
          343
        ],
        [
          291,
          328
        ],
        [
          283,
          324
        ],
        [
          265,
          315
        ],
        [
          248,
          310
        ],
        [
          230,
          307
        ],
        [
          213,
          303
        ],
        [
          195,
          307
        ],
        [
          178,
          307
        ],
        [
          161,
          314
        ],
        [
          143,
          321
        ],
        [
          126,
          322
        ],
        [
          109,
          328
        ],
        [
          108,
          328
        ],
        [
          91,
          369
        ],
        [
          74,
          377
        ],
        [
          56,
          382
        ],
        [
          39,
          389
        ],
        [
          39,
          390
        ],
        [
          21,
          395
        ],
        [
          4,
          397
        ],
        [
          0,
          397
        ]
      ]
    }
  ]
}