{
  "image": {
    "path": "N63E016_0689.png",
    "size": {
      "height": 512,
      "width": 512
    }
  },
  "labels": [
    {
      "elevation": 300,
      "elevation_bbox_pixels": [
        177.12408869652594,
        -0.566430445128276,
        61.42358343569168,
        37.03348526278728
      ],
      "contour_line_pixels": []
    },
    {
      "elevation": 175,
      "elevation_bbox_pixels": [
        240.45501620319726,
        471.68810357128905,
        34.48508407921713,
        20.15301885679486
      ],
      "contour_line_pixels": [
        [
          240,
          512
        ],
        [
          230,
          509
        ],
        [
          230,
          509
        ],
        [
          216,
          506
        ],
        [
          209,
          503
        ],
        [
          216,
          501
        ],
        [
          223,
          498
        ],
        [
          230,
          496
        ],
        [
          243,
          494
        ],
        [
          250,
          492
        ],
        [
          257,
          491
        ],
        [
          267,
          486
        ],
        [
          264,
          480
        ],
        [
          257,
          477
        ],
        [
          251,
          475
        ],
        [
          243,
          472
        ],
        [
          232,
          469
        ],
        [
          230,
          467
        ],
        [
          221,
          463
        ],
        [
          216,
          460
        ],
        [
          203,
          457
        ],
        [
          203,
          452
        ],
        [
          203,
          446
        ],
        [
          216,
          440
        ],
        [
          216,
          440
        ],
        [
          230,
          437
        ],
        [
          243,
          436
        ],
        [
          257,
          436
        ],
        [
          270,
          436
        ],
        [
          284,
          436
        ],
        [
          298,
          436
        ],
        [
          311,
          438
        ],
        [
          324,
          440
        ],
        [
          325,
          440
        ],
        [
          338,
          442
        ],
        [
          352,
          444
        ],
        [
          365,
          446
        ],
        [
          366,
          446
        ],
        [
          379,
          447
        ],
        [
          393,
          450
        ],
        [
          399,
          452
        ],
        [
          406,
          453
        ],
        [
          420,
          454
        ],
        [
          433,
          456
        ],
        [
          447,
          457
        ],
        [
          447,
          457
        ],
        [
          461,
          459
        ],
        [
          474,
          460
        ],
        [
          488,
          461
        ],
        [
          501,
          462
        ],
        [
          512,
          463
        ]
      ]
    },
    {
      "elevation": 200,
      "elevation_bbox_pixels": [
        255.4548924449781,
        360.0352652267302,
        49.78426671780312,
        25.380073186246534
      ],
      "contour_line_pixels": []
    },
    {
      "elevation": 225,
      "elevation_bbox_pixels": [
        215.068436890369,
        130.46769768353158,
        55.34799276018467,
        33.010737121136344
      ],
      "contour_line_pixels": [
        [
          512,
          129
        ],
        [
          501,
          128
        ],
        [
          488,
          126
        ],
        [
          474,
          126
        ],
        [
          461,
          124
        ],
        [
          447,
          124
        ],
        [
          433,
          124
        ],
        [
          420,
          126
        ],
        [
          406,
          127
        ],
        [
          393,
          129
        ],
        [
          393,
          129
        ],
        [
          379,
          135
        ],
        [
          379,
          141
        ],
        [
          379,
          141
        ],
        [
          366,
          141
        ],
        [
          352,
          141
        ],
        [
          352,
          141
        ],
        [
          338,
          139
        ],
        [
          325,
          137
        ],
        [
          311,
          135
        ],
        [
          311,
          135
        ],
        [
          298,
          133
        ],
        [
          284,
          132
        ],
        [
          270,
          132
        ],
        [
          257,
          135
        ],
        [
          257,
          135
        ],
        [
          243,
          135
        ],
        [
          230,
          138
        ],
        [
          216,
          141
        ],
        [
          216,
          141
        ],
        [
          203,
          141
        ],
        [
          189,
          146
        ],
        [
          189,
          146
        ],
        [
          175,
          149
        ],
        [
          162,
          150
        ],
        [
          148,
          150
        ],
        [
          135,
          150
        ],
        [
          121,
          149
        ],
        [
          107,
          148
        ],
        [
          94,
          148
        ],
        [
          80,
          148
        ],
        [
          67,
          146
        ],
        [
          53,
          146
        ],
        [
          40,
          146
        ],
        [
          39,
          146
        ],
        [
          26,
          143
        ],
        [
          12,
          142
        ],
        [
          6,
          141
        ],
        [
          0,
          139
        ]
      ]
    },
    {
      "elevation": 250,
      "elevation_bbox_pixels": [
        274.8651419793966,
        64.02939048662455,
        43.248709156178506,
        22.776359762942434
      ],
      "contour_line_pixels": []
    }
  ]
}