{
  "image": {
    "path": "N63E016_0737.png",
    "size": {
      "height": 512,
      "width": 512
    }
  },
  "labels": [
    {
      "elevation": 300,
      "elevation_bbox_pixels": [
        337.1554635136943,
        320.74107763816494,
        61.42358343569174,
        37.033485262787224
      ],
      "contour_line_pixels": []
    },
    {
      "elevation": 275,
      "elevation_bbox_pixels": [
        192.31962601668226,
        389.2511735817411,
        34.48508407921713,
        20.15301885679486
      ],
      "contour_line_pixels": [
        [
          221,
          512
        ],
        [
          209,
          498
        ],
        [
          209,
          498
        ],
        [
          192,
          483
        ],
        [
          187,
          478
        ],
        [
          175,
          458
        ],
        [
          175,
          458
        ],
        [
          175,
          438
        ],
        [
          171,
          418
        ],
        [
          167,
          398
        ],
        [
          168,
          378
        ],
        [
          171,
          359
        ],
        [
          175,
          354
        ],
        [
          188,
          339
        ],
        [
          192,
          329
        ],
        [
          198,
          319
        ],
        [
          209,
          299
        ],
        [
          209,
          299
        ],
        [
          226,
          294
        ],
        [
          243,
          291
        ],
        [
          260,
          292
        ],
        [
          277,
          296
        ],
        [
          282,
          299
        ],
        [
          294,
          311
        ],
        [
          303,
          319
        ],
        [
          311,
          324
        ],
        [
          328,
          330
        ],
        [
          345,
          339
        ],
        [
          346,
          339
        ],
        [
          354,
          359
        ],
        [
          354,
          378
        ],
        [
          362,
          392
        ],
        [
          367,
          398
        ],
        [
          380,
          410
        ],
        [
          397,
          418
        ],
        [
          397,
          418
        ],
        [
          408,
          438
        ],
        [
          414,
          457
        ],
        [
          414,
          458
        ],
        [
          422,
          478
        ],
        [
          431,
          488
        ],
        [
          436,
          498
        ],
        [
          445,
          512
        ]
      ]
    },
    {
      "elevation": 200,
      "elevation_bbox_pixels": [
        356.9540687593625,
        4.568827884619225,
        49.78426671780312,
        25.380073186246477
      ],
      "contour_line_pixels": [
        [
          486,
          0
        ],
        [
          490,
          1
        ],
        [
          499,
          20
        ],
        [
          499,
          21
        ],
        [
          512,
          36
        ]
      ]
    },
    {
      "elevation": 225,
      "elevation_bbox_pixels": [
        271.4871890814698,
        103.03067580469258,
        55.34799276018464,
        33.010737121136344
      ],
      "contour_line_pixels": [
        [
          0,
          18
        ],
        [
          5,
          21
        ],
        [
          5,
          21
        ],
        [
          22,
          36
        ],
        [
          39,
          41
        ],
        [
          39,
          41
        ],
        [
          56,
          46
        ],
        [
          73,
          46
        ],
        [
          90,
          45
        ],
        [
          107,
          46
        ],
        [
          124,
          49
        ],
        [
          141,
          53
        ],
        [
          158,
          60
        ],
        [
          159,
          61
        ],
        [
          175,
          65
        ],
        [
          192,
          72
        ],
        [
          209,
          80
        ],
        [
          209,
          80
        ],
        [
          226,
          87
        ],
        [
          243,
          96
        ],
        [
          252,
          100
        ],
        [
          260,
          103
        ],
        [
          277,
          108
        ],
        [
          294,
          109
        ],
        [
          311,
          109
        ],
        [
          328,
          114
        ],
        [
          340,
          120
        ],
        [
          345,
          123
        ],
        [
          362,
          129
        ],
        [
          380,
          134
        ],
        [
          391,
          140
        ],
        [
          397,
          142
        ],
        [
          401,
          140
        ],
        [
          414,
          130
        ],
        [
          421,
          120
        ],
        [
          431,
          109
        ],
        [
          448,
          102
        ],
        [
          465,
          102
        ],
        [
          482,
          104
        ],
        [
          499,
          107
        ],
        [
          512,
          110
        ]
      ]
    },
    {
      "elevation": 250,
      "elevation_bbox_pixels": [
        142.09477789970668,
        147.483742473674,
        43.248709156178535,
        22.776359762942434
      ],
      "contour_line_pixels": [
        [
          0,
          226
        ],
        [
          5,
          229
        ],
        [
          22,
          235
        ],
        [
          39,
          236
        ],
        [
          56,
          229
        ],
        [
          61,
          219
        ],
        [
          66,
          200
        ],
        [
          67,
          180
        ],
        [
          73,
          168
        ],
        [
          78,
          160
        ],
        [
          90,
          149
        ],
        [
          107,
          140
        ],
        [
          107,
          140
        ],
        [
          124,
          136
        ],
        [
          141,
          136
        ],
        [
          158,
          140
        ],
        [
          158,
          140
        ],
        [
          175,
          147
        ],
        [
          192,
          157
        ],
        [
          197,
          160
        ],
        [
          209,
          167
        ],
        [
          226,
          171
        ],
        [
          243,
          172
        ],
        [
          260,
          172
        ],
        [
          277,
          174
        ],
        [
          294,
          175
        ],
        [
          311,
          178
        ],
        [
          316,
          180
        ],
        [
          328,
          185
        ],
        [
          345,
          194
        ],
        [
          362,
          195
        ],
        [
          380,
          194
        ],
        [
          397,
          193
        ],
        [
          414,
          191
        ],
        [
          431,
          191
        ],
        [
          445,
          180
        ],
        [
          448,
          173
        ],
        [
          459,
          160
        ],
        [
          465,
          155
        ],
        [
          482,
          150
        ],
        [
          499,
          152
        ],
        [
          512,
          157
        ]
      ]
    }
  ]
}