{
  "image": {
    "path": "N63E016_0987.png",
    "size": {
      "height": 512,
      "width": 512
    }
  },
  "labels": [
    {
      "elevation": 300,
      "elevation_bbox_pixels": [
        279.7924457732678,
        455.21658323279263,
        59.2221496724344,
        31.96628594039649
      ],
      "contour_line_pixels": [
        [
          245,
          512
        ],
        [
          251,
          495
        ],
        [
          251,
          478
        ],
        [
          251,
          478
        ],
        [
          269,
          460
        ],
        [
          270,
          460
        ],
        [
          288,
          460
        ],
        [
          306,
          460
        ],
        [
          324,
          460
        ],
        [
          325,
          460
        ],
        [
          342,
          463
        ],
        [
          361,
          469
        ],
        [
          379,
          471
        ],
        [
          397,
          472
        ],
        [
          415,
          472
        ],
        [
          434,
          474
        ],
        [
          452,
          475
        ],
        [
          470,
          477
        ],
        [
          476,
          478
        ],
        [
          488,
          479
        ],
        [
          506,
          480
        ],
        [
          512,
          482
        ]
      ]
    },
    {
      "elevation": 275,
      "elevation_bbox_pixels": [
        245.5210493955984,
        410.7781913256939,
        37.65039685877471,
        22.814796961431227
      ],
      "contour_line_pixels": [
        [
          124,
          512
        ],
        [
          142,
          504
        ],
        [
          160,
          495
        ],
        [
          160,
          495
        ],
        [
          175,
          478
        ],
        [
          178,
          473
        ],
        [
          189,
          460
        ],
        [
          197,
          449
        ],
        [
          200,
          443
        ],
        [
          215,
          436
        ],
        [
          233,
          429
        ],
        [
          237,
          426
        ],
        [
          251,
          422
        ],
        [
          270,
          422
        ],
        [
          288,
          423
        ],
        [
          300,
          426
        ],
        [
          306,
          429
        ],
        [
          324,
          434
        ],
        [
          342,
          439
        ],
        [
          353,
          443
        ],
        [
          361,
          446
        ],
        [
          379,
          450
        ],
        [
          397,
          452
        ],
        [
          415,
          452
        ],
        [
          434,
          454
        ],
        [
          452,
          458
        ],
        [
          462,
          460
        ],
        [
          470,
          463
        ],
        [
          488,
          469
        ],
        [
          506,
          471
        ],
        [
          512,
          473
        ]
      ]
    },
    {
      "elevation": 225,
      "elevation_bbox_pixels": [
        267.45857790498206,
        293.63923662058596,
        59.03125435960658,
        34.103838308797094
      ],
      "contour_line_pixels": []
    },
    {
      "elevation": 250,
      "elevation_bbox_pixels": [
        290.1418124905531,
        412.1803779010571,
        29.505190401820073,
        16.46223245097258
      ],
      "contour_line_pixels": [
        [
          0,
          461
        ],
        [
          14,
          465
        ],
        [
          33,
          466
        ],
        [
          42,
          460
        ],
        [
          51,
          452
        ],
        [
          60,
          443
        ],
        [
          69,
          439
        ],
        [
          87,
          430
        ],
        [
          96,
          426
        ],
        [
          106,
          422
        ],
        [
          124,
          412
        ],
        [
          130,
          409
        ],
        [
          142,
          404
        ],
        [
          160,
          399
        ],
        [
          178,
          394
        ],
        [
          196,
          392
        ],
        [
          197,
          392
        ],
        [
          215,
          389
        ],
        [
          233,
          389
        ],
        [
          251,
          389
        ],
        [
          260,
          392
        ],
        [
          270,
          393
        ],
        [
          288,
          396
        ],
        [
          306,
          399
        ],
        [
          324,
          404
        ],
        [
          336,
          409
        ],
        [
          342,
          411
        ],
        [
          361,
          417
        ],
        [
          379,
          422
        ],
        [
          387,
          426
        ],
        [
          397,
          431
        ],
        [
          415,
          436
        ],
        [
          434,
          441
        ],
        [
          438,
          443
        ],
        [
          452,
          447
        ],
        [
          470,
          451
        ],
        [
          488,
          458
        ],
        [
          494,
          460
        ],
        [
          506,
          464
        ],
        [
          512,
          465
        ]
      ]
    }
  ]
}