{
  "image": {
    "path": "N63E016_1363.png",
    "size": {
      "height": 512,
      "width": 512
    }
  },
  "labels": [
    {
      "elevation": 300,
      "elevation_bbox_pixels": [
        264.52621334560405,
        176.80702733030785,
        55.50263624936895,
        30.888396776909758
      ],
      "contour_line_pixels": []
    },
    {
      "elevation": 350,
      "elevation_bbox_pixels": [
        306.9491917154699,
        327.05275537767443,
        47.09430651822947,
        27.137872710917293
      ],
      "contour_line_pixels": [
        [
          406,
          366
        ],
        [
          394,
          358
        ],
        [
          391,
          344
        ],
        [
          406,
          337
        ],
        [
          424,
          336
        ],
        [
          441,
          337
        ],
        [
          459,
          340
        ],
        [
          476,
          344
        ],
        [
          476,
          344
        ],
        [
          493,
          358
        ],
        [
          493,
          358
        ],
        [
          493,
          358
        ],
        [
          476,
          367
        ],
        [
          459,
          369
        ],
        [
          441,
          368
        ],
        [
          424,
          367
        ],
        [
          406,
          366
        ]
      ]
    },
    {
      "elevation": 350,
      "elevation_bbox_pixels": [
        330.41220871789994,
        468.23634494229304,
        37.944796142834775,
        21.432304738218168
      ],
      "contour_line_pixels": []
    },
    {
      "elevation": 300,
      "elevation_bbox_pixels": [
        205.3441625263526,
        391.249574656522,
        50.238538064554746,
        30.61783383801938
      ],
      "contour_line_pixels": [
        [
          486,
          512
        ],
        [
          476,
          507
        ],
        [
          459,
          504
        ],
        [
          441,
          501
        ],
        [
          441,
          501
        ],
        [
          424,
          497
        ],
        [
          406,
          494
        ],
        [
          389,
          489
        ],
        [
          384,
          487
        ],
        [
          372,
          482
        ],
        [
          354,
          475
        ],
        [
          348,
          473
        ],
        [
          337,
          467
        ],
        [
          324,
          458
        ],
        [
          320,
          455
        ],
        [
          302,
          448
        ],
        [
          289,
          444
        ],
        [
          285,
          443
        ],
        [
          268,
          438
        ],
        [
          250,
          433
        ],
        [
          233,
          430
        ],
        [
          233,
          430
        ],
        [
          216,
          421
        ],
        [
          198,
          415
        ],
        [
          198,
          415
        ],
        [
          181,
          402
        ],
        [
          179,
          401
        ],
        [
          178,
          387
        ],
        [
          181,
          379
        ],
        [
          187,
          372
        ],
        [
          198,
          365
        ],
        [
          215,
          358
        ],
        [
          216,
          358
        ],
        [
          233,
          355
        ],
        [
          250,
          346
        ],
        [
          259,
          344
        ],
        [
          268,
          342
        ],
        [
          285,
          334
        ],
        [
          292,
          329
        ],
        [
          302,
          324
        ],
        [
          320,
          315
        ],
        [
          320,
          315
        ],
        [
          337,
          310
        ],
        [
          354,
          302
        ],
        [
          371,
          301
        ],
        [
          372,
          301
        ],
        [
          389,
          301
        ],
        [
          406,
          299
        ],
        [
          424,
          293
        ],
        [
          441,
          290
        ],
        [
          459,
          295
        ],
        [
          467,
          301
        ],
        [
          476,
          315
        ],
        [
          476,
          315
        ],
        [
          493,
          316
        ],
        [
          511,
          316
        ],
        [
          512,
          316
        ]
      ]
    },
    {
      "elevation": 250,
      "elevation_bbox_pixels": [
        258.32529880953825,
        90.20227438183696,
        41.42362954181408,
        25.001902830410586
      ],
      "contour_line_pixels": []
    },
    {
      "elevation": 225,
      "elevation_bbox_pixels": [
        224.822004581387,
        22.05041887534412,
        53.13802702074432,
        32.203652538496954
      ],
      "contour_line_pixels": [
        [
          135,
          0
        ],
        [
          146,
          4
        ],
        [
          163,
          11
        ],
        [
          169,
          14
        ],
        [
          181,
          18
        ],
        [
          198,
          22
        ],
        [
          211,
          28
        ],
        [
          216,
          30
        ],
        [
          233,
          35
        ],
        [
          250,
          40
        ],
        [
          255,
          43
        ],
        [
          268,
          46
        ],
        [
          285,
          51
        ],
        [
          302,
          56
        ],
        [
          308,
          57
        ],
        [
          320,
          60
        ],
        [
          337,
          64
        ],
        [
          354,
          66
        ],
        [
          372,
          69
        ],
        [
          378,
          71
        ],
        [
          389,
          75
        ],
        [
          406,
          80
        ],
        [
          419,
          86
        ],
        [
          424,
          87
        ],
        [
          441,
          97
        ],
        [
          445,
          100
        ],
        [
          459,
          107
        ],
        [
          476,
          114
        ],
        [
          476,
          114
        ],
        [
          493,
          122
        ],
        [
          511,
          129
        ],
        [
          511,
          129
        ],
        [
          512,
          129
        ]
      ]
    },
    {
      "elevation": 200,
      "elevation_bbox_pixels": [
        306.1906153140741,
        26.441408206949745,
        49.12677479194713,
        23.809769141005745
      ],
      "contour_line_pixels": [
        [
          321,
          0
        ],
        [
          337,
          5
        ],
        [
          354,
          14
        ],
        [
          355,
          14
        ],
        [
          372,
          18
        ],
        [
          389,
          24
        ],
        [
          406,
          28
        ],
        [
          407,
          28
        ],
        [
          424,
          31
        ],
        [
          441,
          32
        ],
        [
          459,
          38
        ],
        [
          476,
          43
        ],
        [
          476,
          43
        ],
        [
          493,
          50
        ],
        [
          511,
          57
        ],
        [
          512,
          57
        ]
      ]
    }
  ]
}