{
  "image": {
    "path": "N63E016_0300.png",
    "size": {
      "height": 512,
      "width": 512
    }
  },
  "labels": [
    {
      "elevation": 475,
      "elevation_bbox_pixels": [
        257.9659779367267,
        -6.013968218730156,
        46.799948954099705,
        28.339245118028145
      ],
      "contour_line_pixels": []
    },
    {
      "elevation": 450,
      "elevation_bbox_pixels": [
        257.7052178737657,
        264.20623459156093,
        32.4123493564241,
        15.575147980797112
      ],
      "contour_line_pixels": []
    },
    {
      "elevation": 425,
      "elevation_bbox_pixels": [
        265.87439042772763,
        286.342879176431,
        41.0713168995743,
        24.040319590014235
      ],
      "contour_line_pixels": []
    },
    {
      "elevation": 400,
      "elevation_bbox_pixels": [
        269.3120257440421,
        338.16937420408215,
        37.08522136617876,
        20.397877506763223
      ],
      "contour_line_pixels": []
    }
  ]
}