{
  "image": {
    "path": "N63E016_0566.png",
    "size": {
      "height": 512,
      "width": 512
    }
  },
  "labels": [
    {
      "elevation": 325,
      "elevation_bbox_pixels": [
        205.71237419633133,
        145.8878263191496,
        42.967705860963406,
        22.970496100710875
      ],
      "contour_line_pixels": [
        [
          0,
          132
        ],
        [
          1,
          132
        ],
        [
          86,
          146
        ],
        [
          171,
          159
        ],
        [
          174,
          160
        ],
        [
          257,
          178
        ],
        [
          342,
          215
        ],
        [
          343,
          216
        ],
        [
          428,
          253
        ],
        [
          471,
          271
        ],
        [
          512,
          299
        ]
      ]
    },
    {
      "elevation": 350,
      "elevation_bbox_pixels": [
        191.11916414290584,
        448.5163194955221,
        33.91853468381498,
        19.901044855101624
      ],
      "contour_line_pixels": [
        [
          0,
          425
        ],
        [
          1,
          425
        ],
        [
          35,
          439
        ],
        [
          86,
          456
        ],
        [
          171,
          484
        ],
        [
          206,
          495
        ],
        [
          257,
          512
        ],
        [
          258,
          512
        ]
      ]
    }
  ]
}