{
  "image": {
    "path": "N63E016_0347.png",
    "size": {
      "height": 512,
      "width": 512
    }
  },
  "labels": [
    {
      "elevation": 450,
      "elevation_bbox_pixels": [
        264.5334039439636,
        26.738054480275935,
        38.08441296094395,
        18.44492064092708
      ],
      "contour_line_pixels": [
        [
          512,
          48
        ],
        [
          487,
          46
        ],
        [
          467,
          43
        ],
        [
          461,
          41
        ],
        [
          434,
          38
        ],
        [
          408,
          34
        ],
        [
          401,
          33
        ],
        [
          390,
          23
        ],
        [
          408,
          19
        ],
        [
          434,
          15
        ],
        [
          454,
          13
        ],
        [
          461,
          12
        ],
        [
          487,
          11
        ],
        [
          512,
          9
        ]
      ]
    },
    {
      "elevation": 450,
      "elevation_bbox_pixels": [
        265.10178888000155,
        110.7776566926122,
        29.72045400816569,
        16.191725055787288
      ],
      "contour_line_pixels": [
        [
          0,
          39
        ],
        [
          11,
          40
        ],
        [
          38,
          43
        ],
        [
          38,
          43
        ],
        [
          64,
          46
        ],
        [
          91,
          48
        ],
        [
          117,
          50
        ],
        [
          144,
          53
        ],
        [
          144,
          53
        ],
        [
          170,
          56
        ],
        [
          196,
          59
        ],
        [
          223,
          61
        ],
        [
          249,
          62
        ],
        [
          256,
          63
        ],
        [
          276,
          65
        ],
        [
          302,
          67
        ],
        [
          329,
          68
        ],
        [
          355,
          69
        ],
        [
          382,
          73
        ],
        [
          384,
          73
        ],
        [
          408,
          78
        ],
        [
          434,
          83
        ],
        [
          437,
          83
        ],
        [
          457,
          93
        ],
        [
          450,
          103
        ],
        [
          434,
          110
        ],
        [
          421,
          113
        ],
        [
          408,
          117
        ],
        [
          382,
          122
        ],
        [
          356,
          123
        ],
        [
          355,
          123
        ],
        [
          329,
          124
        ],
        [
          302,
          126
        ],
        [
          276,
          130
        ],
        [
          263,
          133
        ],
        [
          258,
          143
        ],
        [
          264,
          153
        ],
        [
          276,
          161
        ],
        [
          280,
          164
        ],
        [
          276,
          174
        ],
        [
          276,
          174
        ],
        [
          249,
          180
        ],
        [
          223,
          181
        ],
        [
          196,
          179
        ],
        [
          170,
          176
        ],
        [
          144,
          174
        ],
        [
          143,
          174
        ],
        [
          117,
          170
        ],
        [
          91,
          165
        ],
        [
          82,
          164
        ],
        [
          64,
          160
        ],
        [
          38,
          154
        ],
        [
          25,
          153
        ],
        [
          11,
          151
        ],
        [
          0,
          149
        ]
      ]
    },
    {
      "elevation": 500,
      "elevation_bbox_pixels": [
        280.4297675226183,
        481.2616126711152,
        29.426761136260552,
        18.228535437183922
      ],
      "contour_line_pixels": [
        [
          336,
          512
        ],
        [
          355,
          505
        ],
        [
          355,
          505
        ],
        [
          382,
          505
        ],
        [
          408,
          501
        ],
        [
          434,
          500
        ],
        [
          461,
          500
        ],
        [
          487,
          495
        ],
        [
          487,
          485
        ],
        [
          487,
          484
        ],
        [
          512,
          475
        ]
      ]
    },
    {
      "elevation": 475,
      "elevation_bbox_pixels": [
        205.71892944641561,
        388.0379777016759,
        41.19897668157404,
        20.15255960162014
      ],
      "contour_line_pixels": []
    },
    {
      "elevation": 450,
      "elevation_bbox_pixels": [
        222.44359826934527,
        250.84350269104738,
        61.34024662654258,
        37.46379624044687
      ],
      "contour_line_pixels": [
        [
          0,
          272
        ],
        [
          11,
          271
        ],
        [
          38,
          269
        ],
        [
          64,
          268
        ],
        [
          91,
          267
        ],
        [
          117,
          266
        ],
        [
          144,
          265
        ],
        [
          157,
          264
        ],
        [
          170,
          263
        ],
        [
          177,
          264
        ],
        [
          196,
          266
        ],
        [
          223,
          268
        ],
        [
          249,
          271
        ],
        [
          263,
          274
        ],
        [
          276,
          278
        ],
        [
          302,
          284
        ],
        [
          302,
          284
        ],
        [
          329,
          292
        ],
        [
          337,
          294
        ],
        [
          355,
          298
        ],
        [
          382,
          301
        ],
        [
          408,
          303
        ],
        [
          434,
          304
        ],
        [
          435,
          304
        ],
        [
          461,
          306
        ],
        [
          487,
          306
        ],
        [
          512,
          307
        ]
      ]
    },
    {
      "elevation": 425,
      "elevation_bbox_pixels": [
        275.17285385273004,
        60.5044246880347,
        31.6347314843905,
        19.523819835435575
      ],
      "contour_line_pixels": []
    }
  ]
}