{
  "image": {
    "path": "N63E016_0779.png",
    "size": {
      "height": 512,
      "width": 512
    }
  },
  "labels": [
    {
      "elevation": 250,
      "elevation_bbox_pixels": [
        240.3033326378532,
        35.258071309382274,
        42.454469071811104,
        26.147024169642123
      ],
      "contour_line_pixels": [
        [
          111,
          54
        ],
        [
          110,
          54
        ],
        [
          111,
          54
        ],
        [
          159,
          49
        ],
        [
          207,
          46
        ],
        [
          256,
          45
        ],
        [
          304,
          49
        ],
        [
          352,
          51
        ],
        [
          371,
          54
        ],
        [
          352,
          65
        ],
        [
          304,
          66
        ],
        [
          256,
          63
        ],
        [
          207,
          62
        ],
        [
          159,
          60
        ],
        [
          111,
          54
        ]
      ]
    },
    {
      "elevation": 225,
      "elevation_bbox_pixels": [
        220.91628385992738,
        450.0805160029834,
        50.507463938502724,
        30.463575557517586
      ],
      "contour_line_pixels": []
    },
    {
      "elevation": 200,
      "elevation_bbox_pixels": [
        219.44471459149872,
        233.2899904499668,
        51.07122523335693,
        26.13999034848078
      ],
      "contour_line_pixels": []
    },
    {
      "elevation": 225,
      "elevation_bbox_pixels": [
        235.84799182833717,
        119.31244101966229,
        59.53927389282808,
        30.79177522595114
      ],
      "contour_line_pixels": []
    }
  ]
}