{
  "image": {
    "path": "N63E016_0280.png",
    "size": {
      "height": 512,
      "width": 512
    }
  },
  "labels": [
    {
      "elevation": 200,
      "elevation_bbox_pixels": [
        378.22910057909877,
        492.057016814212,
        30.543777997152006,
        16.956923001277033
      ],
      "contour_line_pixels": [
        [
          507,
          512
        ],
        [
          511,
          501
        ],
        [
          496,
          495
        ],
        [
          469,
          501
        ],
        [
          476,
          512
        ]
      ]
    },
    {
      "elevation": 300,
      "elevation_bbox_pixels": [
        362.42935148775445,
        216.91818175896344,
        47.50092065455658,
        25.10799236664002
      ],
      "contour_line_pixels": [
        [
          512,
          271
        ],
        [
          496,
          271
        ],
        [
          478,
          259
        ],
        [
          468,
          246
        ],
        [
          455,
          219
        ],
        [
          439,
          181
        ],
        [
          438,
          178
        ],
        [
          439,
          172
        ],
        [
          468,
          138
        ],
        [
          468,
          98
        ],
        [
          458,
          57
        ],
        [
          439,
          17
        ],
        [
          439,
          17
        ],
        [
          427,
          0
        ]
      ]
    },
    {
      "elevation": 275,
      "elevation_bbox_pixels": [
        333.4142564845998,
        147.06244951335015,
        27.436471449089254,
        15.034876081398693
      ],
      "contour_line_pixels": [
        [
          512,
          298
        ],
        [
          496,
          297
        ],
        [
          468,
          288
        ],
        [
          439,
          276
        ],
        [
          424,
          259
        ],
        [
          411,
          229
        ],
        [
          406,
          219
        ],
        [
          397,
          178
        ],
        [
          400,
          138
        ],
        [
          397,
          98
        ],
        [
          382,
          79
        ],
        [
          354,
          65
        ],
        [
          347,
          57
        ],
        [
          335,
          17
        ],
        [
          325,
          2
        ],
        [
          325,
          0
        ]
      ]
    },
    {
      "elevation": 250,
      "elevation_bbox_pixels": [
        291.9977695156335,
        234.19957043204073,
        55.53576086177884,
        26.882630300306005
      ],
      "contour_line_pixels": [
        [
          512,
          338
        ],
        [
          496,
          338
        ],
        [
          468,
          338
        ],
        [
          439,
          331
        ],
        [
          411,
          314
        ],
        [
          394,
          299
        ],
        [
          382,
          287
        ],
        [
          360,
          259
        ],
        [
          354,
          242
        ],
        [
          342,
          219
        ],
        [
          342,
          178
        ],
        [
          344,
          138
        ],
        [
          325,
          111
        ],
        [
          316,
          98
        ],
        [
          297,
          80
        ],
        [
          276,
          57
        ],
        [
          268,
          37
        ],
        [
          259,
          17
        ],
        [
          257,
          0
        ]
      ]
    },
    {
      "elevation": 175,
      "elevation_bbox_pixels": [
        189.1122905383683,
        300.4336869230815,
        51.27961159267363,
        27.357271120260577
      ],
      "contour_line_pixels": []
    },
    {
      "elevation": 200,
      "elevation_bbox_pixels": [
        278.39405207200684,
        458.26316774792053,
        34.55864935708678,
        16.31340586548643
      ],
      "contour_line_pixels": [
        [
          475,
          512
        ],
        [
          468,
          502
        ],
        [
          439,
          501
        ],
        [
          411,
          501
        ],
        [
          382,
          504
        ],
        [
          354,
          501
        ],
        [
          354,
          501
        ],
        [
          325,
          474
        ],
        [
          313,
          461
        ],
        [
          297,
          429
        ],
        [
          293,
          421
        ],
        [
          277,
          380
        ],
        [
          268,
          368
        ],
        [
          252,
          340
        ],
        [
          240,
          323
        ],
        [
          223,
          299
        ],
        [
          214,
          259
        ],
        [
          211,
          253
        ],
        [
          187,
          219
        ],
        [
          183,
          212
        ],
        [
          167,
          178
        ],
        [
          169,
          138
        ],
        [
          160,
          98
        ],
        [
          154,
          58
        ],
        [
          154,
          57
        ],
        [
          126,
          52
        ],
        [
          98,
          57
        ],
        [
          97,
          58
        ],
        [
          69,
          65
        ],
        [
          40,
          69
        ],
        [
          12,
          71
        ],
        [
          0,
          68
        ]
      ]
    },
    {
      "elevation": 200,
      "elevation_bbox_pixels": [
        95.48136886634035,
        482.2899233361304,
        52.872086126010686,
        32.446121788105316
      ],
      "contour_line_pixels": [
        [
          0,
          476
        ],
        [
          12,
          484
        ],
        [
          40,
          495
        ],
        [
          51,
          501
        ],
        [
          59,
          512
        ]
      ]
    },
    {
      "elevation": 225,
      "elevation_bbox_pixels": [
        324.3261373550458,
        350.64109553354297,
        45.57424691171593,
        27.491876270538796
      ],
      "contour_line_pixels": [
        [
          186,
          0
        ],
        [
          198,
          17
        ],
        [
          208,
          57
        ],
        [
          211,
          65
        ],
        [
          232,
          98
        ],
        [
          240,
          110
        ],
        [
          260,
          138
        ],
        [
          268,
          178
        ],
        [
          268,
          179
        ],
        [
          277,
          219
        ],
        [
          297,
          259
        ],
        [
          297,
          259
        ],
        [
          325,
          289
        ],
        [
          335,
          299
        ],
        [
          354,
          326
        ],
        [
          368,
          340
        ],
        [
          382,
          353
        ],
        [
          411,
          373
        ],
        [
          439,
          377
        ],
        [
          468,
          377
        ],
        [
          496,
          377
        ],
        [
          512,
          377
        ]
      ]
    }
  ]
}