{
  "image": {
    "path": "N63E016_1070.png",
    "size": {
      "height": 512,
      "width": 512
    }
  },
  "labels": [
    {
      "elevation": 300,
      "elevation_bbox_pixels": [
        262.70259399493705,
        187.6623994456573,
        30.952445798730196,
        19.05703166779756
      ],
      "contour_line_pixels": [
        [
          512,
          278
        ],
        [
          510,
          276
        ],
        [
          507,
          255
        ],
        [
          488,
          233
        ],
        [
          480,
          231
        ],
        [
          419,
          211
        ],
        [
          461,
          189
        ],
        [
          480,
          187
        ],
        [
          512,
          186
        ]
      ]
    },
    {
      "elevation": 275,
      "elevation_bbox_pixels": [
        247.6067418718154,
        248.098685327532,
        24.12627501829482,
        15.355884528092588
      ],
      "contour_line_pixels": [
        [
          512,
          333
        ],
        [
          480,
          330
        ],
        [
          397,
          322
        ],
        [
          356,
          320
        ],
        [
          315,
          316
        ],
        [
          282,
          298
        ],
        [
          287,
          276
        ],
        [
          287,
          255
        ],
        [
          232,
          233
        ],
        [
          232,
          233
        ],
        [
          208,
          211
        ],
        [
          232,
          189
        ],
        [
          232,
          189
        ],
        [
          315,
          181
        ],
        [
          397,
          170
        ],
        [
          421,
          167
        ],
        [
          480,
          163
        ],
        [
          512,
          162
        ]
      ]
    },
    {
      "elevation": 250,
      "elevation_bbox_pixels": [
        228.56039817703368,
        342.7662604674048,
        58.025618630299505,
        36.006090667694195
      ],
      "contour_line_pixels": [
        [
          512,
          378
        ],
        [
          480,
          377
        ],
        [
          397,
          373
        ],
        [
          315,
          366
        ],
        [
          298,
          364
        ],
        [
          232,
          357
        ],
        [
          150,
          351
        ],
        [
          68,
          342
        ],
        [
          67,
          342
        ],
        [
          0,
          327
        ]
      ]
    }
  ]
}