{
  "image": {
    "path": "N63E016_0003.png",
    "size": {
      "height": 512,
      "width": 512
    }
  },
  "labels": [
    {
      "elevation": 350,
      "elevation_bbox_pixels": [
        174.5206408633947,
        77.08376202080956,
        45.88583111053265,
        27.17009085508812
      ],
      "contour_line_pixels": []
    },
    {
      "elevation": 325,
      "elevation_bbox_pixels": [
        187.48125832606235,
        -7.155811168187029,
        44.22338731826028,
        26.349744625256733
      ],
      "contour_line_pixels": []
    },
    {
      "elevation": 300,
      "elevation_bbox_pixels": [
        210.87654260955753,
        139.71440724536058,
        48.375376819586336,
        27.929993180162683
      ],
      "contour_line_pixels": [
        [
          512,
          152
        ],
        [
          461,
          153
        ],
        [
          402,
          153
        ],
        [
          344,
          154
        ],
        [
          286,
          155
        ],
        [
          228,
          154
        ],
        [
          170,
          153
        ],
        [
          112,
          152
        ],
        [
          54,
          145
        ],
        [
          0,
          136
        ]
      ]
    }
  ]
}