{
  "image": {
    "path": "N63E016_1145.png",
    "size": {
      "height": 512,
      "width": 512
    }
  },
  "labels": [
    {
      "elevation": 325,
      "elevation_bbox_pixels": [
        282.1799589198534,
        10.161377524127829,
        39.68633513844395,
        24.873883260908315
      ],
      "contour_line_pixels": [
        [
          512,
          24
        ],
        [
          498,
          23
        ],
        [
          475,
          23
        ],
        [
          453,
          22
        ],
        [
          430,
          21
        ],
        [
          408,
          18
        ],
        [
          385,
          16
        ],
        [
          385,
          16
        ],
        [
          363,
          13
        ],
        [
          340,
          11
        ],
        [
          317,
          4
        ],
        [
          317,
          4
        ],
        [
          301,
          0
        ]
      ]
    },
    {
      "elevation": 375,
      "elevation_bbox_pixels": [
        206.56267908213982,
        364.54158717498717,
        25.131027958997834,
        14.685189749811286
      ],
      "contour_line_pixels": [
        [
          0,
          360
        ],
        [
          1,
          360
        ],
        [
          24,
          359
        ],
        [
          46,
          360
        ],
        [
          69,
          362
        ],
        [
          72,
          363
        ],
        [
          92,
          372
        ],
        [
          98,
          374
        ],
        [
          114,
          386
        ],
        [
          114,
          386
        ],
        [
          114,
          386
        ],
        [
          92,
          397
        ],
        [
          92,
          397
        ],
        [
          69,
          402
        ],
        [
          46,
          405
        ],
        [
          31,
          409
        ],
        [
          24,
          411
        ],
        [
          1,
          421
        ],
        [
          1,
          421
        ],
        [
          0,
          421
        ]
      ]
    },
    {
      "elevation": 350,
      "elevation_bbox_pixels": [
        250.9997366656452,
        347.06372204076195,
        55.832525389736674,
        30.346888424313192
      ],
      "contour_line_pixels": []
    },
    {
      "elevation": 300,
      "elevation_bbox_pixels": [
        271.8656881050973,
        290.66911551499663,
        34.73730537787583,
        18.34356077869569
      ],
      "contour_line_pixels": []
    },
    {
      "elevation": 275,
      "elevation_bbox_pixels": [
        235.28859110929017,
        40.499710492920315,
        46.1093000151717,
        20.54343675912321
      ],
      "contour_line_pixels": [
        [
          512,
          66
        ],
        [
          498,
          66
        ],
        [
          475,
          66
        ],
        [
          453,
          65
        ],
        [
          430,
          64
        ],
        [
          408,
          63
        ],
        [
          385,
          63
        ],
        [
          363,
          63
        ],
        [
          357,
          62
        ],
        [
          340,
          60
        ],
        [
          317,
          55
        ],
        [
          295,
          53
        ],
        [
          272,
          51
        ],
        [
          261,
          50
        ],
        [
          250,
          49
        ],
        [
          227,
          43
        ],
        [
          212,
          39
        ],
        [
          205,
          37
        ],
        [
          182,
          31
        ],
        [
          159,
          27
        ],
        [
          159,
          27
        ],
        [
          137,
          25
        ],
        [
          114,
          25
        ],
        [
          92,
          26
        ],
        [
          69,
          27
        ],
        [
          69,
          27
        ],
        [
          46,
          30
        ],
        [
          24,
          31
        ],
        [
          1,
          33
        ],
        [
          0,
          33
        ]
      ]
    },
    {
      "elevation": 275,
      "elevation_bbox_pixels": [
        196.50515012114437,
        256.78019250254545,
        52.424566189870006,
        32.9661375307399
      ],
      "contour_line_pixels": [
        [
          0,
          284
        ],
        [
          1,
          284
        ],
        [
          24,
          284
        ],
        [
          46,
          283
        ],
        [
          69,
          283
        ],
        [
          91,
          282
        ],
        [
          92,
          282
        ],
        [
          114,
          270
        ],
        [
          114,
          270
        ],
        [
          131,
          259
        ],
        [
          137,
          257
        ],
        [
          159,
          255
        ],
        [
          182,
          254
        ],
        [
          205,
          256
        ],
        [
          227,
          258
        ],
        [
          250,
          259
        ],
        [
          250,
          259
        ],
        [
          272,
          262
        ],
        [
          295,
          264
        ],
        [
          317,
          266
        ],
        [
          340,
          269
        ],
        [
          348,
          270
        ],
        [
          363,
          272
        ],
        [
          385,
          276
        ],
        [
          408,
          279
        ],
        [
          422,
          282
        ],
        [
          430,
          284
        ],
        [
          453,
          289
        ],
        [
          472,
          293
        ],
        [
          475,
          294
        ],
        [
          498,
          299
        ],
        [
          512,
          303
        ]
      ]
    },
    {
      "elevation": 250,
      "elevation_bbox_pixels": [
        254.30372646926585,
        103.40231141320675,
        51.59613690985654,
        30.93533690761285
      ],