{
  "image": {
    "path": "N63E016_0092.png",
    "size": {
      "height": 512,
      "width": 512
    }
  },
  "labels": [
    {
      "elevation": 375,
      "elevation_bbox_pixels": [
        378.6748591911538,
        101.30914635275894,
        28.028250122076997,
        13.60506264642936
      ],
      "contour_line_pixels": [
        [
          399,
          119
        ],
        [
          389,
          119
        ],
        [
          379,
          114
        ],
        [
          369,
          111
        ],
        [
          362,
          103
        ],
        [
          364,
          75
        ],
        [
          369,
          71
        ],
        [
          379,
          68
        ],
        [
          389,
          69
        ],
        [
          396,
          75
        ],
        [
          399,
          80
        ],
        [
          407,
          103
        ],
        [
          399,
          119
        ]
      ]
    },
    {
      "elevation": 350,
      "elevation_bbox_pixels": [
        287.50489860737525,
        123.90525939842041,
        48.09033702478155,
        28.83677307580956
      ],
      "contour_line_pixels": []
    },
    {
      "elevation": 375,
      "elevation_bbox_pixels": [
        107.49149518536561,
        367.5988018453561,
        26.744023073854976,
        14.9498119682126
      ],
      "contour_line_pixels": [
        [
          154,
          448
        ],
        [
          143,
          448
        ],
        [
          133,
          448
        ],
        [
          123,
          449
        ],
        [
          113,
          450
        ],
        [
          102,
          443
        ],
        [
          100,
          440
        ],
        [
          102,
          412
        ],
        [
          102,
          412
        ],
        [
          113,
          401
        ],
        [
          123,
          405
        ],
        [
          133,
          408
        ],
        [
          143,
          409
        ],
        [
          154,
          412
        ],
        [
          154,
          412
        ],
        [
          157,
          440
        ],
        [
          154,
          448
        ]
      ]
    },
    {
      "elevation": 400,
      "elevation_bbox_pixels": [
        -22.642713137709595,
        128.47799203425825,
        56.941866392175314,
        28.951732127048217
      ],
      "contour_line_pixels": [
        [
          0,
          55
        ],
        [
          0,
          55
        ],
        [
          8,
          75
        ],
        [
          7,
          103
        ],
        [
          4,
          131
        ],
        [
          0,
          139
        ],
        [
          0,
          139
        ]
      ]
    },
    {
      "elevation": 400,
      "elevation_bbox_pixels": [
        456.913598709634,
        382.9550651904526,
        62.52339197850279,
        32.090883088045814
      ],
      "contour_line_pixels": [
        [
          512,
          460
        ],
        [
          512,
          460
        ],
        [
          502,
          452
        ],
        [
          491,
          444
        ],
        [
          489,
          440
        ],
        [
          486,
          412
        ],
        [
          491,
          391
        ],
        [
          496,
          384
        ],
        [
          502,
          381
        ],
        [
          512,
          380
        ],
        [
          512,
          380
        ]
      ]
    },
    {
      "elevation": 350,
      "elevation_bbox_pixels": [
        432.35281596499107,
        332.4483375528388,
        40.47231259388229,
        20.287845618551955
      ],
      "contour_line_pixels": [
        [
          455,
          512
        ],
        [
          460,
          496
        ],
        [
          450,
          492
        ],
        [
          446,
          468
        ],
        [
          446,
          440
        ],
        [
          446,
          412
        ],
        [
          446,
          384
        ],
        [
          450,
          369
        ],
        [
          456,
          356
        ],
        [
          461,
          345
        ],
        [
          469,
          328
        ],
        [
          471,
          324
        ],
        [
          481,
          308
        ],
        [
          487,
          300
        ],
        [
          491,
          286
        ],
        [
          497,
          272
        ],
        [
          502,
          244
        ],
        [
          502,
          244
        ],
        [
          512,
          230
        ],
        [
          512,
          230
        ]
      ]
    },
    {
      "elevation": 375,
      "elevation_bbox_pixels": [
        6.179519099439743,
        85.67841521707066,
        30.108743908651604,
        18.345572885858246
      ],
      "contour_line_pixels": [
        [
          0,
          13
        ],
        [
          0,
          13
        ],
        [
          6,
          19
        ],
        [
          10,
          24
        ],
        [
          21,
          44
        ],
        [
          21,
          47
        ],
        [
          21,
          75
        ],
        [
          21,
          103
        ],
        [
          22,
          131
        ],
        [
          21,
          160
        ],
        [
          21,
          160
        ],
        [
          10,
          175
        ],
        [
          0,
          183
        ],
        [
          0,
          183
        ]
      ]
    },
    {
      "elevation": 350,
      "elevation_bbox_pixels": [
        45.71656868532688,
        427.7533292422141,
        47.97307707016978,
        26.737380026173803
      ],