{
  "image": {
    "path": "N63E016_0677.png",
    "size": {
      "height": 512,
      "width": 512
    }
  },
  "labels": [
    {
      "elevation": 225,
      "elevation_bbox_pixels": [
        343.19653942251847,
        227.7944172344852,
        58.91812486627998,
        36.52119104494679
      ],
      "contour_line_pixels": []
    },
    {
      "elevation": 125,
      "elevation_bbox_pixels": [
        68.49280149967325,
        231.17759797725353,
        50.754073783747685,
        30.504607060393482
      ],
      "contour_line_pixels": []
    },
    {
      "elevation": 150,
      "elevation_bbox_pixels": [
        174.31206155460148,
        158.2681412872962,
        51.19622476178813,
        26.140333702487624
      ],
      "contour_line_pixels": []
    },
    {
      "elevation": 175,
      "elevation_bbox_pixels": [
        310.0289121769517,
        288.65624732753963,
        59.414420952455316,
        30.785713602383623
      ],
      "contour_line_pixels": [
        [
          159,
          0
        ],
        [
          161,
          5
        ],
        [
          164,
          8
        ],
        [
          171,
          15
        ],
        [
          178,
          27
        ],
        [
          179,
          31
        ],
        [
          183,
          50
        ],
        [
          187,
          58
        ],
        [
          193,
          73
        ],
        [
          194,
          76
        ],
        [
          202,
          86
        ],
        [
          208,
          95
        ],
        [
          209,
          97
        ],
        [
          217,
          104
        ],
        [
          225,
          118
        ],
        [
          225,
          118
        ],
        [
          232,
          127
        ],
        [
          239,
          141
        ],
        [
          240,
          143
        ],
        [
          246,
          163
        ],
        [
          247,
          170
        ],
        [
          253,
          186
        ],
        [
          255,
          191
        ],
        [
          259,
          209
        ],
        [
          263,
          216
        ],
        [
          270,
          231
        ],
        [
          270,
          231
        ],
        [
          278,
          242
        ],
        [
          284,
          254
        ],
        [
          285,
          256
        ],
        [
          293,
          265
        ],
        [
          299,
          277
        ],
        [
          301,
          279
        ],
        [
          308,
          288
        ],
        [
          316,
          296
        ],
        [
          318,
          299
        ],
        [
          323,
          304
        ],
        [
          331,
          311
        ],
        [
          338,
          319
        ],
        [
          341,
          322
        ],
        [
          346,
          327
        ],
        [
          354,
          335
        ],
        [
          359,
          345
        ],
        [
          361,
          348
        ],
        [
          369,
          363
        ],
        [
          371,
          367
        ],
        [
          376,
          379
        ],
        [
          384,
          390
        ],
        [
          384,
          390
        ],
        [
          392,
          398
        ],
        [
          399,
          403
        ],
        [
          407,
          413
        ],
        [
          407,
          413
        ],
        [
          414,
          435
        ],
        [
          414,
          435
        ],
        [
          422,
          458
        ],
        [
          422,
          458
        ],
        [
          430,
          474
        ],
        [
          433,
          481
        ],
        [
          437,
          488
        ],
        [
          445,
          499
        ],
        [
          447,
          503
        ],
        [
          452,
          512
        ],
        [
          453,
          512
        ]
      ]
    }
  ]
}