{
  "image": {
    "path": "N63E016_0783.png",
    "size": {
      "height": 512,
      "width": 512
    }
  },
  "labels": [
    {
      "elevation": 250,
      "elevation_bbox_pixels": [
        213.60587256322336,
        36.37728983201612,
        59.09787813462296,
        31.95281059661761
      ],
      "contour_line_pixels": [
        [
          512,
          152
        ],
        [
          500,
          150
        ],
        [
          486,
          149
        ],
        [
          479,
          147
        ],
        [
          472,
          145
        ],
        [
          458,
          142
        ],
        [
          444,
          140
        ],
        [
          430,
          138
        ],
        [
          430,
          138
        ],
        [
          416,
          132
        ],
        [
          407,
          128
        ],
        [
          403,
          127
        ],
        [
          389,
          124
        ],
        [
          375,
          119
        ],
        [
          361,
          119
        ],
        [
          347,
          119
        ],
        [
          333,
          119
        ],
        [
          319,
          119
        ],
        [
          319,
          119
        ],
        [
          305,
          112
        ],
        [
          298,
          110
        ],
        [
          291,
          107
        ],
        [
          277,
          102
        ],
        [
          274,
          101
        ],
        [
          263,
          97
        ],
        [
          249,
          93
        ],
        [
          235,
          91
        ],
        [
          235,
          91
        ],
        [
          221,
          87
        ],
        [
          207,
          83
        ],
        [
          193,
          82
        ],
        [
          193,
          82
        ],
        [
          180,
          73
        ],
        [
          179,
          73
        ],
        [
          166,
          63
        ],
        [
          166,
          63
        ],
        [
          165,
          54
        ],
        [
          166,
          54
        ],
        [
          180,
          52
        ],
        [
          193,
          51
        ],
        [
          207,
          51
        ],
        [
          221,
          54
        ],
        [
          222,
          54
        ],
        [
          235,
          56
        ],
        [
          249,
          60
        ],
        [
          256,
          63
        ],
        [
          263,
          65
        ],
        [
          277,
          68
        ],
        [
          284,
          73
        ],
        [
          291,
          76
        ],
        [
          305,
          82
        ],
        [
          319,
          82
        ],
        [
          333,
          82
        ],
        [
          347,
          82
        ],
        [
          361,
          82
        ],
        [
          361,
          82
        ],
        [
          375,
          91
        ],
        [
          389,
          91
        ],
        [
          389,
          91
        ],
        [
          403,
          94
        ],
        [
          416,
          97
        ],
        [
          427,
          101
        ],
        [
          430,
          102
        ],
        [
          444,
          105
        ],
        [
          458,
          110
        ],
        [
          472,
          108
        ],
        [
          486,
          105
        ],
        [
          500,
          105
        ],
        [
          512,
          107
        ]
      ]
    },
    {
      "elevation": 175,
      "elevation_bbox_pixels": [
        199.00339951803534,
        440.82324865172586,
        37.52726322294495,
        22.793277023528447
      ],
      "contour_line_pixels": [
        [
          0,
          436
        ],
        [
          12,
          436
        ],
        [
          26,
          436
        ],
        [
          40,
          439
        ],
        [
          54,
          440
        ],
        [
          68,
          442
        ],
        [
          82,
          445
        ],
        [
          82,
          445
        ],
        [
          96,
          445
        ],
        [
          110,
          448
        ],
        [
          124,
          451
        ],
        [
          137,
          454
        ],
        [
          138,
          454
        ],
        [
          152,
          454
        ],
        [
          166,
          454
        ],
        [
          180,
          455
        ],
        [
          193,
          464
        ],
        [
          193,
          464
        ],
        [
          207,
          473
        ],
        [
          207,
          473
        ],
        [
          221,
          482
        ],
        [
          221,
          482
        ],
        [
          235,
          492
        ],
        [
          235,
          501
        ],
        [
          235,
          501
        ],
        [
          249,
          510
        ],
        [
          249,
          510
        ],
        [
          254,
          512
        ]
      ]
    },
    {
      "elevation": 200,
      "elevation_bbox_pixels": [
        207.82994911891765,
        188.97665154391365,
        58.90768163920367,
        34.085002630624444
      ],
      "contour_line_pixels": []
    },
    {
      "elevation": 225,
      "elevation_bbox_pixels": [
        234.00190490783953,
        113.94368956066387,
        29.62969747342973,
        16.47332249692272
      ],
      "contour_line_pixels": []
    }
  ]
}