{
  "image": {
    "path": "N63E016_1616.png",
    "size": {
      "height": 512,
      "width": 512
    }
  },
  "labels": [
    {
      "elevation": 275,
      "elevation_bbox_pixels": [
        305.7877921912155,
        134.57837603823373,
        43.193849096975896,
        20.31304069282305
      ],
      "contour_line_pixels": [
        [
          512,
          308
        ],
        [
          504,
          305
        ],
        [
          503,
          305
        ],
        [
          490,
          295
        ],
        [
          484,
          290
        ],
        [
          479,
          276
        ],
        [
          476,
          262
        ],
        [
          476,
          261
        ],
        [
          462,
          250
        ],
        [
          456,
          247
        ],
        [
          449,
          242
        ],
        [
          435,
          233
        ],
        [
          435,
          233
        ],
        [
          421,
          218
        ],
        [
          421,
          218
        ],
        [
          408,
          204
        ],
        [
          408,
          204
        ],
        [
          399,
          189
        ],
        [
          399,
          175
        ],
        [
          399,
          160
        ],
        [
          408,
          146
        ],
        [
          408,
          146
        ],
        [
          421,
          136
        ],
        [
          428,
          132
        ],
        [
          435,
          128
        ],
        [
          449,
          124
        ],
        [
          462,
          123
        ],
        [
          476,
          120
        ],
        [
          490,
          117
        ],
        [
          490,
          117
        ],
        [
          504,
          115
        ],
        [
          512,
          115
        ]
      ]
    },
    {
      "elevation": 250,
      "elevation_bbox_pixels": [
        262.8739386084111,
        61.675621964440495,
        28.5484548600391,
        15.092269763009995
      ],
      "contour_line_pixels": [
        [
          512,
          334
        ],
        [
          510,
          333
        ],
        [
          504,
          329
        ],
        [
          490,
          324
        ],
        [
          482,
          319
        ],
        [
          476,
          315
        ],
        [
          462,
          306
        ],
        [
          460,
          305
        ],
        [
          449,
          297
        ],
        [
          435,
          292
        ],
        [
          431,
          290
        ],
        [
          421,
          285
        ],
        [
          408,
          281
        ],
        [
          394,
          277
        ],
        [
          389,
          276
        ],
        [
          380,
          270
        ],
        [
          370,
          261
        ],
        [
          367,
          258
        ],
        [
          356,
          247
        ],
        [
          353,
          244
        ],
        [
          342,
          233
        ],
        [
          339,
          229
        ],
        [
          329,
          218
        ],
        [
          326,
          212
        ],
        [
          317,
          204
        ],
        [
          312,
          196
        ],
        [
          303,
          189
        ],
        [
          298,
          184
        ],
        [
          289,
          175
        ],
        [
          284,
          168
        ],
        [
          280,
          160
        ],
        [
          271,
          146
        ],
        [
          271,
          146
        ],
        [
          266,
          132
        ],
        [
          257,
          117
        ],
        [
          257,
          117
        ],
        [
          257,
          103
        ],
        [
          257,
          102
        ],
        [
          264,
          88
        ],
        [
          270,
          74
        ],
        [
          271,
          74
        ],
        [
          284,
          71
        ],
        [
          298,
          69
        ],
        [
          312,
          70
        ],
        [
          326,
          68
        ],
        [
          339,
          64
        ],
        [
          353,
          59
        ],
        [
          353,
          59
        ],
        [
          367,
          55
        ],
        [
          380,
          52
        ],
        [
          394,
          51
        ],
        [
          408,
          50
        ],
        [
          421,
          50
        ],
        [
          435,
          51
        ],
        [
          449,
          52
        ],
        [
          462,
          52
        ],
        [
          476,
          52
        ],
        [
          490,
          50
        ],
        [
          504,
          49
        ],
        [
          512,
          49
        ]
      ]
    },
    {
      "elevation": 200,
      "elevation_bbox_pixels": [
        201.40513395750574,
        190.05280790535647,
        50.3785589784157,
        30.71077599447392
      ],
      "contour_line_pixels": []
    },
    {
      "elevation": 225,
      "elevation_bbox_pixels": [
        174.87700505589584,
        11.663499237354301,
        30.98314353200874,
        19.511881459337815
      ],