{
  "image": {
    "path": "N63E016_0359.png",
    "size": {
      "height": 512,
      "width": 512
    }
  },
  "labels": [
    {
      "elevation": 400,
      "elevation_bbox_pixels": [
        282.37542540819584,
        -7.497835600351436,
        59.2221496724344,
        31.966285940396517
      ],
      "contour_line_pixels": []
    },
    {
      "elevation": 425,
      "elevation_bbox_pixels": [
        128.45913943237565,
        96.74621671860439,
        37.77353049460453,
        22.83631689933395
      ],
      "contour_line_pixels": [
        [
          91,
          0
        ],
        [
          93,
          2
        ],
        [
          98,
          9
        ],
        [
          106,
          58
        ],
        [
          93,
          106
        ],
        [
          93,
          107
        ],
        [
          60,
          151
        ],
        [
          52,
          155
        ],
        [
          27,
          162
        ],
        [
          0,
          165
        ]
      ]
    },
    {
      "elevation": 400,
      "elevation_bbox_pixels": [
        254.1810380083556,
        473.9202155337429,
        58.90768163920367,
        34.08500263062447
      ],
      "contour_line_pixels": []
    }
  ]
}