{
  "image": {
    "path": "N63E016_0361.png",
    "size": {
      "height": 512,
      "width": 512
    }
  },
  "labels": [
    {
      "elevation": 400,
      "elevation_bbox_pixels": [
        208.91209935491298,
        17.198125223714385,
        58.22723489193993,
        30.3079442724744
      ],
      "contour_line_pixels": []
    },
    {
      "elevation": 375,
      "elevation_bbox_pixels": [
        289.2688206086937,
        13.533383243786773,
        43.18120240294127,
        24.10113598019882
      ],
      "contour_line_pixels": []
    },
    {
      "elevation": 375,
      "elevation_bbox_pixels": [
        165.29779282814687,
        113.54626567888738,
        33.35171633871545,
        17.544640402426694
      ],
      "contour_line_pixels": [
        [
          105,
          120
        ],
        [
          93,
          122
        ],
        [
          82,
          122
        ],
        [
          70,
          123
        ],
        [
          59,
          123
        ],
        [
          47,
          122
        ],
        [
          35,
          120
        ],
        [
          24,
          118
        ],
        [
          18,
          117
        ],
        [
          15,
          108
        ],
        [
          24,
          103
        ],
        [
          35,
          100
        ],
        [
          41,
          99
        ],
        [
          47,
          98
        ],
        [
          59,
          97
        ],
        [
          70,
          96
        ],
        [
          82,
          97
        ],
        [
          93,
          99
        ],
        [
          93,
          99
        ],
        [
          105,
          103
        ],
        [
          116,
          108
        ],
        [
          113,
          117
        ],
        [
          105,
          120
        ]
      ]
    },
    {
      "elevation": 375,
      "elevation_bbox_pixels": [
        307.13065113727487,
        180.736037767401,
        61.92429205284884,
        33.20130444289737
      ],
      "contour_line_pixels": [
        [
          512,
          203
        ],
        [
          510,
          203
        ],
        [
          498,
          203
        ],
        [
          487,
          202
        ],
        [
          475,
          202
        ],
        [
          464,
          201
        ],
        [
          461,
          200
        ],
        [
          464,
          199
        ],
        [
          475,
          198
        ],
        [
          487,
          197
        ],
        [
          498,
          197
        ],
        [
          510,
          197
        ],
        [
          512,
          198
        ]
      ]
    },
    {
      "elevation": 425,
      "elevation_bbox_pixels": [
        140.45926029075014,
        240.95545702809306,
        49.76180205537901,
        24.024474254393454
      ],
      "contour_line_pixels": []
    },
    {
      "elevation": 450,
      "elevation_bbox_pixels": [
        182.22644091560105,
        328.270999320525,
        27.50528721401571,
        17.32493652664448
      ],
      "contour_line_pixels": []
    },
    {
      "elevation": 450,
      "elevation_bbox_pixels": [
        168.77140055051348,
        485.0793611629481,
        49.92249198426293,
        27.11547123015174
      ],
      "contour_line_pixels": [
        [
          26,
          512
        ],
        [
          24,
          510
        ],
        [
          17,
          504
        ],
        [
          18,
          495
        ],
        [
          24,
          489
        ],
        [
          32,
          486
        ],
        [
          35,
          485
        ],
        [
          47,
          485
        ],
        [
          51,
          486
        ],
        [
          59,
          489
        ],
        [
          70,
          495
        ],
        [
          70,
          495
        ],
        [
          82,
          499
        ],
        [
          93,
          504
        ],
        [
          94,
          504
        ],
        [
          105,
          505
        ],
        [
          116,
          505
        ],
        [
          128,
          505
        ],
        [
          139,
          504
        ],
        [
          140,
          504
        ],
        [
          151,
          503
        ],
        [
          163,
          499
        ],
        [
          169,
          495
        ],
        [
          174,
          491
        ],
        [
          186,
          486
        ],
        [
          186,
          486
        ],
        [
          197,
          485
        ],
        [
          209,
          485
        ],
        [
          221,
          486
        ],
        [
          221,
          486
        ],
        [
          232,
          495
        ],
        [
          232,
          495
        ],
        [
          244,
          504
        ],
        [
          244,
          504
        ],
        [
          247,
          512
        ]
      ]
    },
    {
      "elevation": 425,
      "elevation_bbox_pixels": [
        225.29508344016594,
        415.8324353190303,
        37.58412772714908,
        20.668376469393024
      ],
      "contour_line_pixels": []
    },
    {
      "elevation": 400,
      "elevation_bbox_pixels": [
        191.6313386300276,
        365.07361198524296,
        63.50792304363216,
        37.70031177265933
      ],