{
  "image": {
    "path": "N63E016_1067.png",
    "size": {
      "height": 512,
      "width": 512
    }
  },
  "labels": [
    {
      "elevation": 250,
      "elevation_bbox_pixels": [
        218.0049787209949,
        315.9930849478187,
        34.51140978884115,
        22.727186738964576
      ],
      "contour_line_pixels": [
        [
          0,
          222
        ],
        [
          26,
          222
        ],
        [
          27,
          222
        ],
        [
          27,
          236
        ],
        [
          53,
          250
        ],
        [
          53,
          265
        ],
        [
          53,
          279
        ],
        [
          28,
          293
        ],
        [
          28,
          307
        ],
        [
          79,
          321
        ],
        [
          81,
          321
        ],
        [
          81,
          335
        ],
        [
          79,
          336
        ],
        [
          26,
          340
        ],
        [
          0,
          340
        ]
      ]
    },
    {
      "elevation": 350,
      "elevation_bbox_pixels": [
        198.8994997130858,
        466.2951338304586,
        57.25557405683685,
        35.753546908608214
      ],
      "contour_line_pixels": [
        [
          0,
          484
        ],
        [
          26,
          484
        ],
        [
          0,
          484
        ]
      ]
    },
    {
      "elevation": 250,
      "elevation_bbox_pixels": [
        258.7549933924479,
        173.3640981618978,
        30.29825771261949,
        18.49611380794795
      ],
      "contour_line_pixels": [
        [
          512,
          212
        ],
        [
          503,
          210
        ],
        [
          485,
          208
        ],
        [
          450,
          194
        ],
        [
          449,
          194
        ],
        [
          397,
          180
        ],
        [
          396,
          180
        ],
        [
          344,
          166
        ],
        [
          343,
          165
        ],
        [
          291,
          158
        ],
        [
          238,
          152
        ],
        [
          185,
          151
        ],
        [
          132,
          151
        ],
        [
          79,
          152
        ],
        [
          26,
          152
        ],
        [
          0,
          152
        ]
      ]
    },
    {
      "elevation": 250,
      "elevation_bbox_pixels": [
        232.65894235932555,
        420.14481985118516,
        54.81905836367409,
        28.561633903229705
      ],
      "contour_line_pixels": [
        [
          0,
          409
        ],
        [
          26,
          409
        ],
        [
          79,
          411
        ],
        [
          132,
          413
        ],
        [
          185,
          420
        ],
        [
          186,
          420
        ],
        [
          238,
          425
        ],
        [
          291,
          435
        ],
        [
          291,
          435
        ],
        [
          344,
          441
        ],
        [
          397,
          445
        ],
        [
          414,
          449
        ],
        [
          450,
          454
        ],
        [
          503,
          458
        ],
        [
          512,
          460
        ]
      ]
    }
  ]
}