{
  "image": {
    "path": "N63E016_0824.png",
    "size": {
      "height": 512,
      "width": 512
    }
  },
  "labels": [
    {
      "elevation": 225,
      "elevation_bbox_pixels": [
        272.858622075747,
        47.994682684549105,
        55.17665655429846,
        26.910897729435987
      ],
      "contour_line_pixels": []
    },
    {
      "elevation": 200,
      "elevation_bbox_pixels": [
        291.37671933046806,
        180.56120735637109,
        54.77753454143817,
        29.18604209931175
      ],
      "contour_line_pixels": []
    },
    {
      "elevation": 125,
      "elevation_bbox_pixels": [
        80.7577787251156,
        404.4784539698617,
        34.48508407921713,
        20.15301885679486
      ],
      "contour_line_pixels": [
        [
          0,
          406
        ],
        [
          13,
          409
        ],
        [
          29,
          417
        ],
        [
          34,
          421
        ],
        [
          44,
          445
        ],
        [
          44,
          469
        ],
        [
          29,
          477
        ],
        [
          13,
          479
        ],
        [
          0,
          478
        ]
      ]
    },
    {
      "elevation": 150,
      "elevation_bbox_pixels": [
        214.17664968436816,
        286.99107272198927,
        49.659316743160616,
        25.376537109770993
      ],
      "contour_line_pixels": [
        [
          384,
          512
        ],
        [
          394,
          494
        ],
        [
          378,
          477
        ],
        [
          370,
          469
        ],
        [
          362,
          466
        ],
        [
          346,
          457
        ],
        [
          330,
          445
        ],
        [
          330,
          445
        ],
        [
          315,
          433
        ],
        [
          304,
          421
        ],
        [
          299,
          409
        ],
        [
          291,
          397
        ],
        [
          283,
          385
        ],
        [
          275,
          373
        ],
        [
          267,
          360
        ],
        [
          251,
          349
        ],
        [
          251,
          348
        ],
        [
          240,
          324
        ],
        [
          235,
          312
        ],
        [
          231,
          300
        ],
        [
          226,
          276
        ],
        [
          219,
          264
        ],
        [
          207,
          252
        ],
        [
          203,
          249
        ],
        [
          187,
          244
        ],
        [
          172,
          241
        ],
        [
          156,
          237
        ],
        [
          140,
          234
        ],
        [
          124,
          234
        ],
        [
          108,
          235
        ],
        [
          92,
          233
        ],
        [
          76,
          230
        ],
        [
          60,
          227
        ],
        [
          60,
          227
        ],
        [
          44,
          218
        ],
        [
          29,
          208
        ],
        [
          13,
          203
        ],
        [
          12,
          203
        ],
        [
          0,
          196
        ]
      ]
    },
    {
      "elevation": 175,
      "elevation_bbox_pixels": [
        199.67060054384467,
        185.965316324402,
        55.59680709184954,
        33.0350564212531
      ],
      "contour_line_pixels": [
        [
          512,
          430
        ],
        [
          505,
          429
        ],
        [
          489,
          424
        ],
        [
          479,
          421
        ],
        [
          473,
          420
        ],
        [
          458,
          417
        ],
        [
          442,
          413
        ],
        [
          426,
          410
        ],
        [
          410,
          407
        ],
        [
          394,
          403
        ],
        [
          384,
          397
        ],
        [
          382,
          373
        ],
        [
          394,
          359
        ],
        [
          403,
          348
        ],
        [
          410,
          335
        ],
        [
          419,
          324
        ],
        [
          410,
          300
        ],
        [
          410,
          300
        ],
        [
          394,
          291
        ],
        [
          378,
          285
        ],
        [
          362,
          281
        ],
        [
          352,
          276
        ],
        [
          346,
          271
        ],
        [
          330,
          264
        ],
        [
          315,
          259
        ],
        [
          299,
          254
        ],
        [
          293,
          252
        ],
        [
          283,
          246
        ],
        [
          267,
          235
        ],
        [
          259,
          227
        ],
        [
          251,
          219
        ],
        [
          235,
          209
        ],
        [
          219,
          203
        ],
        [
          219,
          203
        ],
        [
          203,
          201
        ],
        [
          187,
          197
        ],
        [
          172,
          192
        ],
        [
          156,
          189
        ],
        [
          140,
          185
        ],
        [
          124,
          179
        ],
        [
          124,
          179
        ],
        [
          108,
          171
        ],
        [
          92,
          160
        ],
        [
          86,
          155
        ],
        [
          76,
          148
        ],
        [
          60,
          137
        ],
        [
          48,
          131
        ],
        [
          44,
          129
        ],
        [
          29,
          120
        ],
        [
          13,
          114
        ],
        [
          0,
          111
        ]
      ]
    }
  ]
}