{
  "image": {
    "path": "N63E016_0763.png",
    "size": {
      "height": 512,
      "width": 512
    }
  },
  "labels": [
    {
      "elevation": 325,
      "elevation_bbox_pixels": [
        262.8769887093071,
        30.839397318273257,
        29.33275918150423,
        17.556574386621946
      ],
      "contour_line_pixels": []
    },
    {
      "elevation": 300,
      "elevation_bbox_pixels": [
        300.2536074224207,
        40.016582827766285,
        39.7142204898376,
        21.36806169714248
      ],
      "contour_line_pixels": [
        [
          512,
          51
        ],
        [
          498,
          51
        ],
        [
          497,
          51
        ],
        [
          497,
          41
        ],
        [
          498,
          41
        ],
        [
          498,
          41
        ],
        [
          512,
          49
        ]
      ]
    },
    {
      "elevation": 300,
      "elevation_bbox_pixels": [
        206.09604393183767,
        112.86917093186838,
        36.40520721657805,
        23.694894261654213
      ],
      "contour_line_pixels": [
        [
          195,
          178
        ],
        [
          194,
          178
        ],
        [
          178,
          177
        ],
        [
          161,
          175
        ],
        [
          144,
          172
        ],
        [
          128,
          168
        ],
        [
          127,
          168
        ],
        [
          111,
          167
        ],
        [
          94,
          163
        ],
        [
          77,
          159
        ],
        [
          77,
          159
        ],
        [
          60,
          154
        ],
        [
          49,
          149
        ],
        [
          48,
          139
        ],
        [
          60,
          129
        ],
        [
          60,
          129
        ],
        [
          77,
          128
        ],
        [
          94,
          126
        ],
        [
          111,
          126
        ],
        [
          128,
          125
        ],
        [
          144,
          124
        ],
        [
          161,
          125
        ],
        [
          178,
          129
        ],
        [
          178,
          129
        ],
        [
          195,
          133
        ],
        [
          207,
          139
        ],
        [
          212,
          142
        ],
        [
          223,
          149
        ],
        [
          228,
          152
        ],
        [
          242,
          159
        ],
        [
          241,
          168
        ],
        [
          229,
          178
        ],
        [
          228,
          178
        ],
        [
          212,
          179
        ],
        [
          195,
          178
        ]
      ]
    },
    {
      "elevation": 275,
      "elevation_bbox_pixels": [
        273.6849843368479,
        109.87197045816134,
        33.04835279659767,
        15.38384124409356
      ],
      "contour_line_pixels": []
    },
    {
      "elevation": 250,
      "elevation_bbox_pixels": [
        183.4832673143558,
        190.573711912443,
        53.05571029652077,
        34.55682419321113
      ],
      "contour_line_pixels": []
    },
    {
      "elevation": 225,
      "elevation_bbox_pixels": [
        237.31273300345984,
        240.1728993709388,
        31.781473431857336,
        18.992631758478893
      ],
      "contour_line_pixels": [
        [
          512,
          282
        ],
        [
          498,
          282
        ],
        [
          481,
          281
        ],
        [
          464,
          279
        ],
        [
          447,
          276
        ],
        [
          447,
          276
        ],
        [
          430,
          275
        ],
        [
          414,
          272
        ],
        [
          397,
          270
        ],
        [
          380,
          267
        ],
        [
          380,
          267
        ],
        [
          363,
          263
        ],
        [
          346,
          260
        ],
        [
          329,
          258
        ],
        [
          321,
          257
        ],
        [
          313,
          256
        ],
        [
          296,
          254
        ],
        [
          279,
          253
        ],
        [
          262,
          252
        ],
        [
          245,
          250
        ],
        [
          228,
          248
        ],
        [
          220,
          247
        ],
        [
          212,
          246
        ],
        [
          195,
          245
        ],
        [
          178,
          243
        ],
        [
          161,
          240
        ],
        [
          153,
          237
        ],
        [
          144,
          236
        ],
        [
          128,
          235
        ],
        [
          111,
          233
        ],
        [
          96,
          227
        ],
        [
          94,
          227
        ],
        [
          77,
          224
        ],
        [
          60,
          219
        ],
        [
          55,
          218
        ],
        [
          43,
          215
        ],
        [
          27,
          211
        ],
        [
          10,
          208
        ],
        [
          7,
          208
        ],
        [
          0,
          206
        ]
      ]
    },
    {
      "elevation": 200,
      "elevation_bbox_pixels": [
        198.26878865666154,
        237.55428529169143,
        29.024561028509822,
        18.04067178863636
      ],
      "contour_line_pixels": []
    },
    {
      "elevation": 175,
      "elevation_bbox_pixels": [
        250.73537780727767,
        287.00525231046095,
        29.76316773497419,
        15.658402011423277
      ],
      "contour_line_pixels": [
        [
          512,
          325
        ],
        [
          498,
          321
        ],
        [
          481,
          319
        ],
        [
          464,
          316
        ],
        [
          461,
          316
        ],
        [
          447,
          313
        ],
        [
          430,
          311
        ],
        [
          414,
          310
        ],
        [
          397,
          308
        ],
        [
          380,
          306
        ],
        [
          380,
          306
        ],
        [
          363,
          303
        ],
        [
          346,
          301
        ],
        [
          329,
          299
        ],
        [
          313,
          298
        ],
        [
          299,
          296
        ],
        [
          296,
          296
        ],
        [
          279,
          292
        ],
        [
          262,
          290
        ],
        [
          245,
          289
        ],
        [
          228,
          287
        ],
        [
          226,
          286
        ],
        [
          212,
          281
        ],
        [
          195,
          279
        ],
        [
          178,
          278
        ],
        [
          170,
          276
        ],
        [
          161,
          275
        ],
        [
          144,
          271
        ],
        [
          128,
          270
        ],
        [
          113,
          267
        ],
        [
          111,
          266
        ],
        [
          94,
          263
        ],
        [
          77,
          260
        ],
        [
          60,
          257
        ],
        [
          56,
          257
        ],
        [
          43,
          254
        ],
        [
          27,
          251
        ],
        [
          10,
          248
        ],
        [
          4,
          247
        ],
        [
          0,
          246
        ]
      ]
    },
    {
      "elevation": 150,