{
  "image": {
    "path": "N63E016_1396.png",
    "size": {
      "height": 512,
      "width": 512
    }
  },
  "labels": [
    {
      "elevation": 200,
      "elevation_bbox_pixels": [
        203.9663150432434,
        471.38203589657604,
        61.49239891581783,
        31.360098350005117
      ],
      "contour_line_pixels": [
        [
          192,
          512
        ],
        [
          205,
          504
        ],
        [
          175,
          485
        ],
        [
          143,
          485
        ],
        [
          143,
          485
        ],
        [
          112,
          466
        ],
        [
          81,
          466
        ],
        [
          50,
          466
        ],
        [
          20,
          485
        ],
        [
          19,
          485
        ],
        [
          0,
          485
        ]
      ]
    }
  ]
}