{
  "image": {
    "path": "N63E016_0468.png",
    "size": {
      "height": 512,
      "width": 512
    }
  },
  "labels": [
    {
      "elevation": 250,
      "elevation_bbox_pixels": [
        272.7821399768582,
        138.53527373493057,
        34.64678226091189,
        20.749787021924476
      ],
      "contour_line_pixels": [
        [
          0,
          234
        ],
        [
          26,
          237
        ],
        [
          54,
          239
        ],
        [
          82,
          242
        ],
        [
          110,
          247
        ],
        [
          110,
          247
        ],
        [
          138,
          259
        ],
        [
          165,
          259
        ],
        [
          193,
          254
        ],
        [
          207,
          247
        ],
        [
          221,
          239
        ],
        [
          239,
          226
        ],
        [
          249,
          212
        ],
        [
          257,
          205
        ],
        [
          277,
          183
        ],
        [
          277,
          183
        ],
        [
          297,
          162
        ],
        [
          305,
          159
        ],
        [
          332,
          153
        ],
        [
          360,
          148
        ],
        [
          388,
          142
        ],
        [
          397,
          141
        ],
        [
          416,
          138
        ],
        [
          444,
          134
        ],
        [
          471,
          133
        ],
        [
          499,
          134
        ],
        [
          512,
          135
        ]
      ]
    },
    {
      "elevation": 275,
      "elevation_bbox_pixels": [
        202.3146746793653,
        486.02908499834956,
        54.304691502240786,
        31.052351602485572
      ],
      "contour_line_pixels": [
        [
          179,
          512
        ],
        [
          179,
          501
        ],
        [
          179,
          512
        ]
      ]
    },
    {
      "elevation": 275,
      "elevation_bbox_pixels": [
        173.64518635411346,
        456.34733981864497,
        31.085918642234617,
        19.905663036890985
      ],
      "contour_line_pixels": [
        [
          179,
          501
        ],
        [
          179,
          480
        ],
        [
          175,
          459
        ],
        [
          165,
          448
        ],
        [
          138,
          443
        ],
        [
          110,
          445
        ],
        [
          82,
          459
        ],
        [
          82,
          459
        ],
        [
          54,
          470
        ],
        [
          27,
          480
        ],
        [
          26,
          480
        ],
        [
          8,
          501
        ],
        [
          8,
          512
        ]
      ]
    },
    {
      "elevation": 275,
      "elevation_bbox_pixels": [
        236.63082444075616,
        309.34485996579116,
        41.64991449614047,
        25.858288407431587
      ],
      "contour_line_pixels": [
        [
          0,
          268
        ],
        [
          26,
          271
        ],
        [
          54,
          278
        ],
        [
          65,
          289
        ],
        [
          71,
          311
        ],
        [
          82,
          326
        ],
        [
          91,
          332
        ],
        [
          110,
          346
        ],
        [
          124,
          353
        ],
        [
          138,
          364
        ],
        [
          165,
          374
        ],
        [
          166,
          374
        ],
        [
          193,
          395
        ],
        [
          220,
          374
        ],
        [
          221,
          374
        ],
        [
          248,
          353
        ],
        [
          249,
          352
        ],
        [
          258,
          332
        ],
        [
          263,
          311
        ],
        [
          277,
          296
        ],
        [
          280,
          289
        ],
        [
          284,
          268
        ],
        [
          291,
          247
        ],
        [
          305,
          237
        ],
        [
          324,
          226
        ],
        [
          332,
          219
        ],
        [
          351,
          205
        ],
        [
          360,
          197
        ],
        [
          380,
          183
        ],
        [
          388,
          180
        ],
        [
          416,
          175
        ],
        [
          444,
          171
        ],
        [
          471,
          168
        ],
        [
          499,
          169
        ],
        [
          512,
          169
        ]
      ]
    },
    {
      "elevation": 300,
      "elevation_bbox_pixels": [
        262.4390890516612,
        224.36500720540573,
        63.07834995728149,
        36.41752358338704
      ],
      "contour_line_pixels": [
        [
          415,
          512
        ],
        [
          415,
          501
        ],
        [
          388,
          487
        ],
        [
          374,
          480
        ],
        [
          360,
          470
        ],
        [
          355,
          459
        ],
        [
          360,
          455
        ],
        [
          380,
          438
        ],
        [
          382,
          417
        ],
        [
          382,
          395
        ],
        [
          385,
          374
        ],
        [
          388,
          353
        ],
        [
          360,
          332
        ],
        [
          360,
          332
        ],
        [
          332,
          313
        ],
        [
          331,
          311
        ],
        [
          331,
          289
        ],
        [
          331,
          268
        ],
        [
          332,
          258
        ],
        [
          342,
          247
        ],
        [
          360,
          245
        ],
        [
          388,
          234
        ],
        [
          404,
          226
        ],
        [
          416,
          219
        ],
        [
          444,
          208
        ],
        [
          458,
          205
        ],
        [
          471,
          203
        ],
        [
          499,
          201
        ],
        [
          512,
          202
        ]
      ]
    }
  ]
}