{
  "image": {
    "path": "N63E016_0350.png",
    "size": {
      "height": 512,
      "width": 512
    }
  },
  "labels": [
    {
      "elevation": 425,
      "elevation_bbox_pixels": [
        372.669500998987,
        4.641900570994778,
        59.2221496724344,
        31.96628594039646
      ],
      "contour_line_pixels": [
        [
          512,
          17
        ],
        [
          506,
          19
        ],
        [
          479,
          23
        ],
        [
          451,
          17
        ],
        [
          424,
          3
        ],
        [
          422,
          0
        ]
      ]
    },
    {
      "elevation": 400,
      "elevation_bbox_pixels": [
        336.7919615448415,
        148.19991403204352,
        37.52726322294495,
        22.793277023528503
      ],
      "contour_line_pixels": []
    },
    {
      "elevation": 375,
      "elevation_bbox_pixels": [
        155.61708436911468,
        347.093829225911,
        58.907681639203645,
        34.0850026306245
      ],
      "contour_line_pixels": [
        [
          512,
          307
        ],
        [
          506,
          306
        ],
        [
          479,
          301
        ],
        [
          451,
          291
        ],
        [
          424,
          285
        ],
        [
          396,
          293
        ],
        [
          369,
          313
        ],
        [
          363,
          327
        ],
        [
          341,
          344
        ],
        [
          314,
          358
        ],
        [
          286,
          364
        ],
        [
          259,
          368
        ],
        [
          231,
          368
        ],
        [
          203,
          366
        ],
        [
          176,
          366
        ],
        [
          148,
          364
        ],
        [
          121,
          364
        ],
        [
          93,
          363
        ],
        [
          66,
          359
        ],
        [
          38,
          354
        ],
        [
          11,
          350
        ],
        [
          0,
          348
        ]
      ]
    }
  ]
}