{
  "image": {
    "path": "N63E016_1672.png",
    "size": {
      "height": 512,
      "width": 512
    }
  },
  "labels": [
    {
      "elevation": 550,
      "elevation_bbox_pixels": [
        90.72346514000608,
        233.38086968380304,
        28.484475754028097,
        14.223235694704613
      ],
      "contour_line_pixels": [
        [
          175,
          284
        ],
        [
          175,
          284
        ],
        [
          142,
          279
        ],
        [
          108,
          269
        ],
        [
          74,
          259
        ],
        [
          41,
          226
        ],
        [
          41,
          226
        ],
        [
          31,
          169
        ],
        [
          41,
          120
        ],
        [
          52,
          111
        ],
        [
          74,
          105
        ],
        [
          91,
          111
        ],
        [
          108,
          120
        ],
        [
          142,
          151
        ],
        [
          154,
          169
        ],
        [
          175,
          200
        ],
        [
          198,
          226
        ],
        [
          176,
          284
        ],
        [
          175,
          284
        ]
      ]
    },
    {
      "elevation": 525,
      "elevation_bbox_pixels": [
        377.0171011621453,
        328.84374952501224,
        60.04527923213891,
        36.997586673152114
      ],
      "contour_line_pixels": []
    },
    {
      "elevation": 500,
      "elevation_bbox_pixels": [
        362.3633725404583,
        210.52133073133018,
        29.65560403697532,
        16.773392132733534
      ],
      "contour_line_pixels": []
    },
    {
      "elevation": 475,
      "elevation_bbox_pixels": [
        247.37934405362165,
        69.91769250467149,
        38.811321203137254,
        20.67961701967363
      ],
      "contour_line_pixels": [
        [
          180,
          0
        ],
        [
          209,
          34
        ],
        [
          243,
          50
        ],
        [
          248,
          53
        ],
        [
          276,
          88
        ],
        [
          310,
          98
        ],
        [
          329,
          111
        ],
        [
          344,
          122
        ],
        [
          378,
          143
        ],
        [
          411,
          151
        ],
        [
          445,
          157
        ],
        [
          460,
          169
        ],
        [
          479,
          187
        ],
        [
          512,
          209
        ]
      ]
    },
    {
      "elevation": 450,
      "elevation_bbox_pixels": [
        316.1158464882445,
        58.90339384683739,
        58.30895688367707,
        31.44259288926878
      ],
      "contour_line_pixels": [
        [
          233,
          0
        ],
        [
          243,
          8
        ],
        [
          276,
          22
        ],
        [
          310,
          36
        ],
        [
          331,
          53
        ],
        [
          344,
          64
        ],
        [
          378,
          76
        ],
        [
          411,
          82
        ],
        [
          445,
          87
        ],
        [
          479,
          101
        ],
        [
          495,
          111
        ],
        [
          512,
          126
        ]
      ]
    },
    {
      "elevation": 425,
      "elevation_bbox_pixels": [
        384.0953817002429,
        22.107214973942746,
        58.92183287177227,
        30.23078734114506
      ],
      "contour_line_pixels": [
        [
          343,
          0
        ],
        [
          344,
          0
        ],
        [
          378,
          11
        ],
        [
          411,
          23
        ],
        [
          445,
          30
        ],
        [
          479,
          42
        ],
        [
          494,
          53
        ],
        [
          512,
          66
        ]
      ]
    }
  ]
}