{
  "image": {
    "path": "N63E016_1515.png",
    "size": {
      "height": 512,
      "width": 512
    }
  },
  "labels": [
    {
      "elevation": 250,
      "elevation_bbox_pixels": [
        204.34142418976717,
        341.95381911767004,
        61.49239891581783,
        31.360098350005103
      ],
      "contour_line_pixels": [
        [
          0,
          219
        ],
        [
          23,
          218
        ],
        [
          62,
          219
        ],
        [
          101,
          234
        ],
        [
          101,
          234
        ],
        [
          117,
          256
        ],
        [
          114,
          278
        ],
        [
          140,
          299
        ],
        [
          140,
          299
        ],
        [
          160,
          321
        ],
        [
          171,
          343
        ],
        [
          171,
          365
        ],
        [
          140,
          387
        ],
        [
          140,
          387
        ],
        [
          101,
          403
        ],
        [
          93,
          409
        ],
        [
          91,
          430
        ],
        [
          101,
          434
        ],
        [
          140,
          439
        ],
        [
          179,
          442
        ],
        [
          218,
          441
        ],
        [
          257,
          441
        ],
        [
          296,
          442
        ],
        [
          335,
          442
        ],
        [
          374,
          441
        ],
        [
          413,
          441
        ],
        [
          452,
          443
        ],
        [
          491,
          447
        ],
        [
          511,
          452
        ],
        [
          512,
          453
        ]
      ]
    },
    {
      "elevation": 250,
      "elevation_bbox_pixels": [
        231.12349211298528,
        -2.233089533474299,
        41.47286670744154,
        20.88782414994762
      ],
      "contour_line_pixels": [
        [
          512,
          208
        ],
        [
          491,
          200
        ],
        [
          465,
          190
        ],
        [
          452,
          185
        ],
        [
          419,
          169
        ],
        [
          413,
          165
        ],
        [
          381,
          147
        ],
        [
          374,
          140
        ],
        [
          355,
          125
        ],
        [
          355,
          103
        ],
        [
          374,
          92
        ],
        [
          394,
          81
        ],
        [
          394,
          60
        ],
        [
          374,
          49
        ],
        [
          355,
          38
        ],
        [
          335,
          32
        ],
        [
          296,
          21
        ],
        [
          283,
          16
        ],
        [
          257,
          10
        ],
        [
          218,
          7
        ],
        [
          179,
          5
        ],
        [
          140,
          5
        ],
        [
          101,
          5
        ],
        [
          62,
          7
        ],
        [
          23,
          12
        ],
        [
          0,
          14
        ]
      ]
    }
  ]
}