{
  "image": {
    "path": "N63E016_1267.png",
    "size": {
      "height": 512,
      "width": 512
    }
  },
  "labels": [
    {
      "elevation": 275,
      "elevation_bbox_pixels": [
        117.96704684600012,
        98.27962313604655,
        42.78746519871267,
        20.34863278152193
      ],
      "contour_line_pixels": [
        [
          124,
          10
        ],
        [
          124,
          0
        ],
        [
          124,
          10
        ],
        [
          120,
          29
        ],
        [
          116,
          48
        ],
        [
          116,
          48
        ],
        [
          106,
          68
        ],
        [
          101,
          71
        ],
        [
          85,
          80
        ],
        [
          74,
          87
        ],
        [
          70,
          89
        ],
        [
          54,
          100
        ],
        [
          46,
          106
        ],
        [
          39,
          110
        ],
        [
          23,
          115
        ],
        [
          8,
          116
        ],
        [
          0,
          116
        ]
      ]
    },
    {
      "elevation": 250,
      "elevation_bbox_pixels": [
        168.2579170090289,
        87.71141817676863,
        43.081154475460664,
        25.329209970775423
      ],
      "contour_line_pixels": [
        [
          204,
          0
        ],
        [
          204,
          10
        ],
        [
          199,
          29
        ],
        [
          194,
          48
        ],
        [
          194,
          48
        ],
        [
          181,
          68
        ],
        [
          179,
          71
        ],
        [
          163,
          87
        ],
        [
          163,
          87
        ],
        [
          147,
          93
        ],
        [
          132,
          102
        ],
        [
          126,
          106
        ],
        [
          116,
          117
        ],
        [
          107,
          126
        ],
        [
          101,
          132
        ],
        [
          85,
          141
        ],
        [
          79,
          145
        ],
        [
          70,
          152
        ],
        [
          54,
          164
        ],
        [
          54,
          164
        ],
        [
          39,
          181
        ],
        [
          33,
          184
        ],
        [
          23,
          196
        ],
        [
          15,
          203
        ],
        [
          8,
          213
        ],
        [
          0,
          222
        ]
      ]
    },
    {
      "elevation": 300,
      "elevation_bbox_pixels": [
        379.5461626739262,
        230.44198340177417,
        27.71749192368759,
        14.010851757603291
      ],
      "contour_line_pixels": [
        [
          512,
          246
        ],
        [
          508,
          241
        ],
        [
          509,
          222
        ],
        [
          511,
          203
        ],
        [
          512,
          202
        ]
      ]
    },
    {
      "elevation": 300,
      "elevation_bbox_pixels": [
        314.40570994224214,
        257.52156262953554,
        58.76868752246162,
        31.709716284335116
      ],
      "contour_line_pixels": []
    },
    {
      "elevation": 275,
      "elevation_bbox_pixels": [
        326.310284967093,
        346.4978458366188,
        28.597068128651017,
        15.824116164945224
      ],
      "contour_line_pixels": [
        [
          512,
          505
        ],
        [
          505,
          500
        ],
        [
          489,
          495
        ],
        [
          483,
          493
        ],
        [
          476,
          473
        ],
        [
          489,
          461
        ],
        [
          497,
          454
        ],
        [
          499,
          435
        ],
        [
          489,
          430
        ],
        [
          474,
          425
        ],
        [
          458,
          420
        ],
        [
          450,
          415
        ],
        [
          443,
          409
        ],
        [
          427,
          396
        ],
        [
          427,
          396
        ],
        [
          427,
          396
        ],
        [
          429,
          377
        ],
        [
          427,
          374
        ],
        [
          416,
          357
        ],
        [
          412,
          355
        ],
        [
          396,
          347
        ],
        [
          383,
          338
        ],
        [
          381,
          335
        ],
        [
          365,
          321
        ],
        [
          363,
          319
        ],
        [
          350,
          304
        ],
        [
          346,
          299
        ],
        [
          346,
          280
        ],
        [
          350,
          275
        ],
        [
          365,
          270
        ],
        [
          381,
          261
        ],
        [
          381,
          261
        ],
        [
          396,
          244
        ],
        [
          399,
          241
        ],
        [
          412,
          234
        ],
        [
          427,
          234
        ],
        [
          443,
          237
        ],
        [
          458,
          241
        ],
        [
          458,
          241
        ],
        [
          474,
          254
        ],
        [
          484,
          241
        ],
        [
          486,
          222
        ],
        [
          486,
          203
        ],
        [
          489,
          199
        ],
        [
          504,
          184
        ],
        [
          505,
          182
        ],
        [
          512,
          176
        ]
      ]
    },
    {
      "elevation": 225,
      "elevation_bbox_pixels": [
        283.2431591756318,
        197.78352955723932,
        29.211460320541732,
        14.707802887637058
      ],