{
  "image": {
    "path": "N63E016_1359.png",
    "size": {
      "height": 512,
      "width": 512
    }
  },
  "labels": [
    {
      "elevation": 300,
      "elevation_bbox_pixels": [
        259.9575867997027,
        125.02717236590428,
        58.3591417530007,
        34.851710594299334
      ],
      "contour_line_pixels": []
    },
    {
      "elevation": 225,
      "elevation_bbox_pixels": [
        243.86601918409633,
        256.3913305075287,
        57.25557405683685,
        35.7535469086082
      ],
      "contour_line_pixels": [
        [
          512,
          257
        ],
        [
          504,
          256
        ],
        [
          484,
          252
        ],
        [
          463,
          252
        ],
        [
          463,
          251
        ],
        [
          443,
          250
        ],
        [
          422,
          249
        ],
        [
          402,
          248
        ],
        [
          382,
          247
        ],
        [
          361,
          247
        ],
        [
          341,
          247
        ],
        [
          321,
          242
        ],
        [
          300,
          242
        ],
        [
          280,
          242
        ],
        [
          279,
          242
        ],
        [
          259,
          237
        ],
        [
          239,
          237
        ],
        [
          219,
          237
        ],
        [
          199,
          242
        ],
        [
          199,
          251
        ],
        [
          219,
          256
        ],
        [
          239,
          260
        ],
        [
          240,
          261
        ],
        [
          259,
          265
        ],
        [
          280,
          270
        ],
        [
          300,
          270
        ],
        [
          301,
          270
        ],
        [
          321,
          273
        ],
        [
          341,
          275
        ],
        [
          361,
          275
        ],
        [
          371,
          279
        ],
        [
          382,
          284
        ],
        [
          402,
          288
        ],
        [
          403,
          289
        ],
        [
          422,
          298
        ],
        [
          423,
          298
        ],
        [
          443,
          302
        ],
        [
          463,
          307
        ],
        [
          464,
          307
        ],
        [
          484,
          310
        ],
        [
          504,
          310
        ],
        [
          512,
          311
        ]
      ]
    },
    {
      "elevation": 300,
      "elevation_bbox_pixels": [
        279.0906015056713,
        408.10567651451515,
        38.00957059408461,
        21.56846538381751
      ],
      "contour_line_pixels": [
        [
          463,
          419
        ],
        [
          463,
          419
        ],
        [
          463,
          419
        ],
        [
          463,
          419
        ],
        [
          463,
          419
        ]
      ]
    },
    {
      "elevation": 275,
      "elevation_bbox_pixels": [
        238.29971791718583,
        345.92988457051797,
        28.056305055232542,
        17.787048746165908
      ],
      "contour_line_pixels": []
    },
    {
      "elevation": 225,
      "elevation_bbox_pixels": [
        219.5224527443357,
        452.1973954165941,
        54.81905836367409,
        28.561633903229705
      ],
      "contour_line_pixels": [
        [
          512,
          495
        ],
        [
          504,
          493
        ],
        [
          503,
          493
        ],
        [
          484,
          492
        ],
        [
          463,
          489
        ],
        [
          443,
          484
        ],
        [
          443,
          484
        ],
        [
          422,
          481
        ],
        [
          402,
          478
        ],
        [
          382,
          475
        ],
        [
          381,
          475
        ],
        [
          361,
          473
        ],
        [
          341,
          472
        ],
        [
          321,
          471
        ],
        [
          300,
          471
        ],
        [
          280,
          472
        ],
        [
          259,
          471
        ],
        [
          239,
          469
        ],
        [
          219,
          467
        ],
        [
          198,
          466
        ],
        [
          178,
          466
        ],
        [
          178,
          465
        ],
        [
          158,
          462
        ],
        [
          137,
          456
        ],
        [
          137,
          456
        ],
        [
          117,
          450
        ],
        [
          110,
          447
        ],
        [
          97,
          443
        ],
        [
          76,
          439
        ],
        [
          66,
          438
        ],
        [
          56,
          435
        ],
        [
          44,
          428
        ],
        [
          35,
          426
        ],
        [
          15,
          422
        ],
        [
          5,
          419
        ],
        [
          0,
          417
        ]
      ]
    }
  ]
}