{
  "image": {
    "path": "N63E016_0406.png",
    "size": {
      "height": 512,
      "width": 512
    }
  },
  "labels": [
    {
      "elevation": 425,
      "elevation_bbox_pixels": [
        166.11918492150403,
        480.91543739339784,
        46.677770868596326,
        21.917203928260506
      ],
      "contour_line_pixels": [
        [
          0,
          490
        ],
        [
          5,
          490
        ],
        [
          18,
          490
        ],
        [
          32,
          490
        ],
        [
          33,
          490
        ],
        [
          46,
          492
        ],
        [
          60,
          493
        ],
        [
          74,
          495
        ],
        [
          88,
          497
        ],
        [
          101,
          499
        ],
        [
          108,
          500
        ],
        [
          115,
          502
        ],
        [
          129,
          505
        ],
        [
          143,
          508
        ],
        [
          150,
          510
        ],
        [
          157,
          511
        ],
        [
          160,
          512
        ]
      ]
    },
    {
      "elevation": 400,
      "elevation_bbox_pixels": [
        222.21499094518748,
        483.17816180598066,
        49.44858927863936,
        26.616697584240114
      ],
      "contour_line_pixels": [
        [
          0,
          445
        ],
        [
          5,
          446
        ],
        [
          18,
          448
        ],
        [
          32,
          450
        ],
        [
          46,
          451
        ],
        [
          60,
          452
        ],
        [
          60,
          452
        ],
        [
          74,
          459
        ],
        [
          88,
          461
        ],
        [
          88,
          461
        ],
        [
          101,
          466
        ],
        [
          115,
          469
        ],
        [
          129,
          471
        ],
        [
          129,
          471
        ],
        [
          143,
          475
        ],
        [
          157,
          479
        ],
        [
          162,
          481
        ],
        [
          171,
          483
        ],
        [
          185,
          487
        ],
        [
          198,
          489
        ],
        [
          205,
          490
        ],
        [
          212,
          491
        ],
        [
          226,
          496
        ],
        [
          240,
          499
        ],
        [
          247,
          500
        ],
        [
          254,
          501
        ],
        [
          268,
          506
        ],
        [
          282,
          510
        ],
        [
          282,
          510
        ],
        [
          295,
          512
        ],
        [
          295,
          512
        ]
      ]
    },
    {
      "elevation": 350,
      "elevation_bbox_pixels": [
        195.74032445041678,
        408.6507264358128,
        42.91348259309575,
        22.019586161263874
      ],
      "contour_line_pixels": []
    },
    {
      "elevation": 325,
      "elevation_bbox_pixels": [
        198.71347380660538,
        136.6185107188645,
        58.810088776640924,
        35.935427350574855
      ],
      "contour_line_pixels": []
    },
    {
      "elevation": 300,
      "elevation_bbox_pixels": [
        216.81138200033644,
        265.7995267425001,
        44.75664028827657,
        23.817160278411905
      ],
      "contour_line_pixels": []
    }
  ]
}