{
  "image": {
    "path": "N63E016_0569.png",
    "size": {
      "height": 512,
      "width": 512
    }
  },
  "labels": [
    {
      "elevation": 250,
      "elevation_bbox_pixels": [
        213.95461161562207,
        4.467678679492224,
        41.158135732529445,
        24.271456382490896
      ],
      "contour_line_pixels": [
        [
          356,
          0
        ],
        [
          288,
          8
        ],
        [
          185,
          18
        ],
        [
          81,
          16
        ],
        [
          0,
          1
        ]
      ]
    },
    {
      "elevation": 275,
      "elevation_bbox_pixels": [
        256.1344053486862,
        42.88139671997459,
        47.05750142118677,
        28.622316551817335
      ],
      "contour_line_pixels": [
        [
          512,
          63
        ],
        [
          494,
          61
        ],
        [
          391,
          57
        ],
        [
          288,
          52
        ],
        [
          185,
          46
        ],
        [
          81,
          35
        ],
        [
          57,
          29
        ],
        [
          0,
          21
        ]
      ]
    },
    {
      "elevation": 300,
      "elevation_bbox_pixels": [
        236.1643581466991,
        135.75734649167305,
        43.065159291423015,
        20.682827360240708
      ],
      "contour_line_pixels": [
        [
          0,
          71
        ],
        [
          81,
          94
        ],
        [
          133,
          102
        ],
        [
          185,
          137
        ],
        [
          288,
          137
        ],
        [
          391,
          137
        ],
        [
          494,
          137
        ],
        [
          496,
          138
        ],
        [
          494,
          139
        ],
        [
          391,
          139
        ],
        [
          288,
          139
        ],
        [
          187,
          174
        ],
        [
          187,
          210
        ],
        [
          288,
          246
        ],
        [
          391,
          246
        ],
        [
          494,
          246
        ],
        [
          496,
          247
        ],
        [
          496,
          283
        ],
        [
          512,
          286
        ]
      ]
    },
    {
      "elevation": 325,
      "elevation_bbox_pixels": [
        206.67840100508732,
        482.9533514180342,
        30.224755836686313,
        14.488333193561083
      ],
      "contour_line_pixels": [
        [
          0,
          479
        ],
        [
          81,
          501
        ],
        [
          82,
          501
        ],
        [
          114,
          512
        ]
      ]
    }
  ]
}