{
  "image": {
    "path": "N63E016_1074.png",
    "size": {
      "height": 512,
      "width": 512
    }
  },
  "labels": [
    {
      "elevation": 300,
      "elevation_bbox_pixels": [
        362.0459237401389,
        10.555843303721986,
        32.91191820508959,
        17.352509179531353
      ],
      "contour_line_pixels": [
        [
          512,
          139
        ],
        [
          498,
          130
        ],
        [
          498,
          130
        ],
        [
          470,
          94
        ],
        [
          467,
          90
        ],
        [
          452,
          49
        ],
        [
          442,
          9
        ],
        [
          442,
          9
        ],
        [
          442,
          9
        ],
        [
          470,
          3
        ],
        [
          479,
          0
        ]
      ]
    },
    {
      "elevation": 275,
      "elevation_bbox_pixels": [
        352.9298894932401,
        131.9626061180998,
        23.816131555307493,
        13.350669753659417
      ],
      "contour_line_pixels": [
        [
          512,
          202
        ],
        [
          498,
          191
        ],
        [
          470,
          173
        ],
        [
          467,
          171
        ],
        [
          442,
          150
        ],
        [
          415,
          133
        ],
        [
          412,
          130
        ],
        [
          387,
          94
        ],
        [
          384,
          90
        ],
        [
          360,
          64
        ],
        [
          338,
          49
        ],
        [
          332,
          44
        ],
        [
          305,
          24
        ],
        [
          286,
          9
        ],
        [
          277,
          4
        ],
        [
          269,
          0
        ]
      ]
    },
    {
      "elevation": 250,
      "elevation_bbox_pixels": [
        217.69511807002164,
        65.08459842975407,
        42.94017535792591,
        20.680823272519433
      ],
      "contour_line_pixels": [
        [
          512,
          275
        ],
        [
          498,
          268
        ],
        [
          470,
          252
        ],
        [
          470,
          252
        ],
        [
          442,
          235
        ],
        [
          415,
          211
        ],
        [
          415,
          211
        ],
        [
          387,
          199
        ],
        [
          360,
          184
        ],
        [
          344,
          171
        ],
        [
          332,
          157
        ],
        [
          305,
          134
        ],
        [
          300,
          130
        ],
        [
          277,
          110
        ],
        [
          250,
          90
        ],
        [
          249,
          90
        ],
        [
          222,
          70
        ],
        [
          195,
          54
        ],
        [
          188,
          49
        ],
        [
          167,
          38
        ],
        [
          139,
          27
        ],
        [
          112,
          13
        ],
        [
          103,
          9
        ],
        [
          84,
          1
        ],
        [
          81,
          0
        ]
      ]
    }
  ]
}