{
  "image": {
    "path": "N63E016_1372.png",
    "size": {
      "height": 512,
      "width": 512
    }
  },
  "labels": [
    {
      "elevation": 350,
      "elevation_bbox_pixels": [
        88.0073689099141,
        71.01383258557189,
        55.50263624936889,
        30.888396776909758
      ],
      "contour_line_pixels": [
        [
          187,
          0
        ],
        [
          180,
          15
        ],
        [
          177,
          18
        ],
        [
          171,
          22
        ],
        [
          161,
          27
        ],
        [
          152,
          26
        ],
        [
          143,
          20
        ],
        [
          140,
          18
        ],
        [
          133,
          11
        ],
        [
          124,
          5
        ],
        [
          115,
          5
        ],
        [
          105,
          7
        ],
        [
          96,
          8
        ],
        [
          87,
          11
        ],
        [
          77,
          10
        ],
        [
          68,
          4
        ],
        [
          65,
          0
        ]
      ]
    },
    {
      "elevation": 350,
      "elevation_bbox_pixels": [
        488.12372580882567,
        124.85585098708975,
        47.09430651822953,
        27.137872710917236
      ],
      "contour_line_pixels": []
    },
    {
      "elevation": 325,
      "elevation_bbox_pixels": [
        345.36545240522685,
        136.3026992808384,
        37.944796142834775,
        21.432304738218136
      ],
      "contour_line_pixels": [
        [
          512,
          270
        ],
        [
          509,
          266
        ],
        [
          506,
          263
        ],
        [
          496,
          255
        ],
        [
          487,
          239
        ],
        [
          485,
          235
        ],
        [
          478,
          214
        ],
        [
          474,
          204
        ],
        [
          468,
          196
        ],
        [
          459,
          185
        ],
        [
          450,
          175
        ],
        [
          449,
          173
        ],
        [
          440,
          154
        ],
        [
          435,
          142
        ],
        [
          431,
          132
        ],
        [
          425,
          111
        ],
        [
          422,
          102
        ],
        [
          413,
          98
        ],
        [
          403,
          97
        ],
        [
          394,
          95
        ],
        [
          385,
          97
        ],
        [
          375,
          97
        ],
        [
          366,
          95
        ],
        [
          357,
          92
        ],
        [
          347,
          86
        ],
        [
          343,
          80
        ],
        [
          338,
          76
        ],
        [
          329,
          68
        ],
        [
          320,
          49
        ],
        [
          319,
          33
        ],
        [
          318,
          18
        ],
        [
          316,
          0
        ]
      ]
    },
    {
      "elevation": 350,
      "elevation_bbox_pixels": [
        144.77441955198748,
        299.67470319825907,
        60.661095103403,
        35.930446939529304
      ],
      "contour_line_pixels": [
        [
          121,
          297
        ],
        [
          124,
          266
        ],
        [
          124,
          266
        ],
        [
          133,
          235
        ],
        [
          133,
          235
        ],
        [
          143,
          227
        ],
        [
          152,
          223
        ],
        [
          161,
          226
        ],
        [
          171,
          229
        ],
        [
          180,
          235
        ],
        [
          180,
          235
        ],
        [
          189,
          240
        ],
        [
          198,
          238
        ],
        [
          208,
          238
        ],
        [
          217,
          238
        ],
        [
          226,
          246
        ],
        [
          236,
          257
        ],
        [
          240,
          266
        ],
        [
          239,
          297
        ],
        [
          236,
          308
        ],
        [
          226,
          321
        ],
        [
          217,
          328
        ],
        [
          217,
          328
        ],
        [
          208,
          331
        ],
        [
          198,
          337
        ],
        [
          189,
          342
        ],
        [
          180,
          346
        ],
        [
          171,
          348
        ],
        [
          161,
          348
        ],
        [
          152,
          345
        ],
        [
          143,
          342
        ],
        [
          133,
          334
        ],
        [
          129,
          328
        ],
        [
          124,
          313
        ],
        [
          121,
          297
        ]
      ]
    },
    {
      "elevation": 350,
      "elevation_bbox_pixels": [
        103.63421299624446,
        408.73735337650226,
        50.238538064554746,
        30.61783383801938
      ],
      "contour_line_pixels": []
    },
    {
      "elevation": 325,
      "elevation_bbox_pixels": [
        52.27538752524056,
        114.71630516359949,
        58.231429282280345,
        35.92828914820416
      ],
      "contour_line_pixels": []
    },
    {
      "elevation": 300,
      "elevation_bbox_pixels": [
        304.059356163988,
        217.64939056704947,
        41.42362954181408,
        25.001902830410586
      ],
      "contour_line_pixels": []
    },
    {
      "elevation": 275,
      "elevation_bbox_pixels": [
        437.3485330289042,
        322.12788267752717,
        53.13802702074429,
        32.2036525384969
      ],
      "contour_line_pixels": [
        [
          512,
          431
        ],
        [
          506,
          425
        ],
        [
          502,
          422
        ],
        [
          496,
          411
        ],
        [
          487,
          404
        ],
        [
          478,
          395
        ],
        [
          473,
          391
        ],
        [
          468,
          383
        ],
        [
          459,
          372
        ],
        [
          450,
          360
        ],
        [
          450,
          359
        ],
        [
          440,
          349
        ],
        [
          431,
          344
        ],
        [
          422,
          344
        ],
        [
          417,
          359
        ],
        [
          417,
          391
        ],
        [
          422,
          421
        ],
        [
          422,
          422
        ],
        [
          426,
          453
        ],
        [
          431,
          468
        ],
        [
          440,
          484
        ],
        [
          441,
          484
        ],
        [
          450,
          489
        ],
        [
          459,
          500
        ],
        [
          468,
          512
        ]
      ]
    }
  ]
}