{
  "image": {
    "path": "N63E016_1413.png",
    "size": {
      "height": 512,
      "width": 512
    }
  },
  "labels": [
    {
      "elevation": 350,
      "elevation_bbox_pixels": [
        306.38712874807067,
        63.508823845302516,
        29.455878681390345,
        17.57817505206947
      ],
      "contour_line_pixels": []
    },
    {
      "elevation": 325,
      "elevation_bbox_pixels": [
        277.5055172000301,
        112.4315799783057,
        39.7142204898376,
        21.36806169714248
      ],
      "contour_line_pixels": [
        [
          512,
          132
        ],
        [
          502,
          134
        ],
        [
          484,
          134
        ],
        [
          467,
          134
        ],
        [
          449,
          130
        ],
        [
          435,
          126
        ],
        [
          432,
          125
        ],
        [
          414,
          123
        ],
        [
          397,
          122
        ],
        [
          379,
          120
        ],
        [
          368,
          115
        ],
        [
          362,
          112
        ],
        [
          352,
          104
        ],
        [
          354,
          94
        ],
        [
          349,
          83
        ],
        [
          344,
          73
        ],
        [
          344,
          72
        ],
        [
          344,
          72
        ],
        [
          359,
          62
        ],
        [
          360,
          51
        ],
        [
          362,
          48
        ],
        [
          370,
          40
        ],
        [
          379,
          37
        ],
        [
          397,
          37
        ],
        [
          414,
          37
        ],
        [
          432,
          35
        ],
        [
          449,
          32
        ],
        [
          453,
          30
        ],
        [
          457,
          19
        ],
        [
          462,
          9
        ],
        [
          467,
          6
        ],
        [
          484,
          4
        ],
        [
          502,
          3
        ],
        [
          512,
          2
        ]
      ]
    },
    {
      "elevation": 300,
      "elevation_bbox_pixels": [
        249.42854178385466,
        65.97478004847142,
        35.04835139267368,
        20.71326696431356
      ],
      "contour_line_pixels": []
    },
    {
      "elevation": 250,
      "elevation_bbox_pixels": [
        233.9442110241205,
        121.10573401563016,
        33.17334423036888,
        15.385304625050026
      ],
      "contour_line_pixels": [
        [
          512,
          262
        ],
        [
          502,
          259
        ],
        [
          484,
          255
        ],
        [
          479,
          253
        ],
        [
          467,
          250
        ],
        [
          449,
          244
        ],
        [
          444,
          243
        ],
        [
          432,
          239
        ],
        [
          414,
          232
        ],
        [
          414,
          232
        ],
        [
          397,
          226
        ],
        [
          388,
          221
        ],
        [
          379,
          217
        ],
        [
          362,
          211
        ],
        [
          362,
          211
        ],
        [
          344,
          205
        ],
        [
          327,
          200
        ],
        [
          327,
          200
        ],
        [
          309,
          195
        ],
        [
          299,
          189
        ],
        [
          292,
          182
        ],
        [
          289,
          179
        ],
        [
          284,
          168
        ],
        [
          274,
          161
        ],
        [
          269,
          158
        ],
        [
          257,
          149
        ],
        [
          254,
          147
        ],
        [
          241,
          136
        ],
        [
          239,
          133
        ],
        [
          233,
          126
        ],
        [
          227,
          115
        ],
        [
          229,
          104
        ],
        [
          231,
          94
        ],
        [
          233,
          83
        ],
        [
          235,
          72
        ],
        [
          239,
          65
        ],
        [
          240,
          62
        ],
        [
          244,
          51
        ],
        [
          246,
          40
        ],
        [
          251,
          30
        ],
        [
          257,
          27
        ],
        [
          267,
          19
        ],
        [
          274,
          14
        ],
        [
          284,
          9
        ],
        [
          292,
          6
        ],
        [
          309,
          0
        ],
        [
          309,
          0
        ]
      ]
    },
    {
      "elevation": 200,
      "elevation_bbox_pixels": [
        180.60633879342848,
        374.9076149216313,
        53.05571029652077,
        34.556824193211185
      ],
      "contour_line_pixels": [
        [
          116,
          402
        ],
        [
          116,
          402
        ],
        [
          99,
          397
        ],
        [
          81,
          393
        ],
        [
          72,
          392
        ],
        [
          72,
          381
        ],
        [
          81,
          380
        ],
        [
          99,
          381
        ],
        [
          99,
          381
        ],
        [
          116,
          386
        ],
        [
          134,
          388
        ],
        [
          151,
          391
        ],
        [
          156,
          392
        ],
        [
          152,
          402
        ],
        [
          151,
          402
        ],
        [
          134,
          403
        ],
        [
          116,
          402
        ]
      ]
    },
    {
      "elevation": 225,
      "elevation_bbox_pixels": [
        224.52929128310407,
        181.56122519126654,
        31.781473431857336,
        18.992631758478865
      ],