{
  "image": {
    "path": "N63E016_0951.png",
    "size": {
      "height": 512,
      "width": 512
    }
  },
  "labels": [
    {
      "elevation": 350,
      "elevation_bbox_pixels": [
        188.88707616179283,
        86.48592530902948,
        34.84906674352874,
        18.655061638643815
      ],
      "contour_line_pixels": [
        [
          0,
          72
        ],
        [
          2,
          73
        ],
        [
          49,
          91
        ],
        [
          54,
          93
        ],
        [
          78,
          120
        ],
        [
          81,
          147
        ],
        [
          49,
          167
        ],
        [
          2,
          173
        ],
        [
          2,
          174
        ],
        [
          0,
          174
        ]
      ]
    },
    {
      "elevation": 325,
      "elevation_bbox_pixels": [
        236.14825942648199,
        158.83575523648148,
        33.576175461027816,
        21.949574509566332
      ],
      "contour_line_pixels": []
    },
    {
      "elevation": 300,
      "elevation_bbox_pixels": [
        192.89107381360293,
        0.06692564380421118,
        47.455547637074915,
        26.04297700552138
      ],
      "contour_line_pixels": []
    },
    {
      "elevation": 275,
      "elevation_bbox_pixels": [
        227.17075173516037,
        492.70821376888404,
        47.10154236084827,
        23.975903661952465
      ],
      "contour_line_pixels": [
        [
          512,
          469
        ],
        [
          478,
          467
        ],
        [
          430,
          478
        ],
        [
          395,
          494
        ],
        [
          383,
          500
        ],
        [
          335,
          509
        ],
        [
          287,
          509
        ],
        [
          240,
          505
        ],
        [
          192,
          501
        ],
        [
          145,
          499
        ],
        [
          97,
          494
        ],
        [
          97,
          494
        ],
        [
          49,
          488
        ],
        [
          2,
          489
        ],
        [
          0,
          490
        ]
      ]
    }
  ]
}