{
  "image": {
    "path": "N63E016_1289.png",
    "size": {
      "height": 512,
      "width": 512
    }
  },
  "labels": [
    {
      "elevation": 250,
      "elevation_bbox_pixels": [
        306.8726953902708,
        11.907631705777703,
        27.578787002848458,
        17.491068078378248
      ],
      "contour_line_pixels": [
        [
          454,
          36
        ],
        [
          452,
          35
        ],
        [
          440,
          30
        ],
        [
          429,
          25
        ],
        [
          440,
          20
        ],
        [
          454,
          20
        ],
        [
          468,
          21
        ],
        [
          483,
          24
        ],
        [
          484,
          25
        ],
        [
          497,
          34
        ],
        [
          499,
          35
        ],
        [
          497,
          36
        ],
        [
          483,
          41
        ],
        [
          468,
          40
        ],
        [
          454,
          36
        ]
      ]
    },
    {
      "elevation": 275,
      "elevation_bbox_pixels": [
        281.7797281305388,
        494.3718117279696,
        43.08529823663514,
        20.348046260700293
      ],
      "contour_line_pixels": [
        [
          352,
          512
        ],
        [
          354,
          511
        ],
        [
          368,
          507
        ],
        [
          368,
          506
        ],
        [
          383,
          503
        ],
        [
          397,
          504
        ],
        [
          411,
          505
        ],
        [
          426,
          507
        ],
        [
          426,
          507
        ],
        [
          440,
          508
        ],
        [
          454,
          512
        ],
        [
          455,
          512
        ]
      ]
    },
    {
      "elevation": 250,
      "elevation_bbox_pixels": [
        275.20043314131,
        437.4828158402397,
        31.662323941000068,
        18.397375403288578
      ],
      "contour_line_pixels": [
        [
          0,
          444
        ],
        [
          11,
          446
        ],
        [
          26,
          446
        ],
        [
          26,
          446
        ],
        [
          40,
          451
        ],
        [
          54,
          453
        ],
        [
          69,
          456
        ],
        [
          83,
          456
        ],
        [
          97,
          456
        ],
        [
          111,
          456
        ],
        [
          126,
          456
        ],
        [
          140,
          456
        ],
        [
          154,
          456
        ],
        [
          168,
          453
        ],
        [
          183,
          446
        ],
        [
          183,
          446
        ],
        [
          197,
          436
        ],
        [
          197,
          436
        ],
        [
          211,
          433
        ],
        [
          226,
          434
        ],
        [
          240,
          436
        ],
        [
          240,
          436
        ],
        [
          254,
          439
        ],
        [
          268,
          440
        ],
        [
          283,
          442
        ],
        [
          297,
          443
        ],
        [
          311,
          445
        ],
        [
          326,
          445
        ],
        [
          340,
          445
        ],
        [
          354,
          445
        ],
        [
          368,
          446
        ],
        [
          369,
          446
        ],
        [
          383,
          450
        ],
        [
          397,
          455
        ],
        [
          404,
          456
        ],
        [
          411,
          458
        ],
        [
          426,
          461
        ],
        [
          440,
          464
        ],
        [
          449,
          466
        ],
        [
          454,
          468
        ],
        [
          468,
          471
        ],
        [
          483,
          474
        ],
        [
          497,
          476
        ],
        [
          497,
          477
        ],
        [
          511,
          481
        ],
        [
          512,
          481
        ]
      ]
    }
  ]
}