{
  "image": {
    "path": "N63E016_0082.png",
    "size": {
      "height": 512,
      "width": 512
    }
  },
  "labels": [
    {
      "elevation": 500,
      "elevation_bbox_pixels": [
        175.53740848788595,
        -2.676512133540541,
        49.4116421275246,
        26.69725278853622
      ],
      "contour_line_pixels": [
        [
          118,
          0
        ],
        [
          104,
          4
        ],
        [
          103,
          4
        ],
        [
          75,
          15
        ],
        [
          54,
          24
        ],
        [
          46,
          30
        ],
        [
          17,
          42
        ],
        [
          8,
          45
        ],
        [
          0,
          51
        ]
      ]
    },
    {
      "elevation": 475,
      "elevation_bbox_pixels": [
        176.8912477274609,
        58.47925521970802,
        49.44858927863936,
        26.616697584240114
      ],
      "contour_line_pixels": [
        [
          219,
          0
        ],
        [
          218,
          1
        ],
        [
          214,
          4
        ],
        [
          190,
          17
        ],
        [
          175,
          24
        ],
        [
          161,
          30
        ],
        [
          132,
          42
        ],
        [
          126,
          45
        ],
        [
          103,
          66
        ],
        [
          103,
          66
        ],
        [
          75,
          78
        ],
        [
          57,
          87
        ],
        [
          46,
          90
        ],
        [
          17,
          97
        ],
        [
          0,
          100
        ]
      ]
    },
    {
      "elevation": 400,
      "elevation_bbox_pixels": [
        233.46801742980998,
        64.3393855438855,
        58.68735742190998,
        35.911720504181744
      ],
      "contour_line_pixels": [
        [
          360,
          0
        ],
        [
          356,
          4
        ],
        [
          344,
          24
        ],
        [
          337,
          45
        ],
        [
          333,
          48
        ],
        [
          306,
          66
        ],
        [
          305,
          67
        ],
        [
          276,
          83
        ],
        [
          252,
          87
        ],
        [
          247,
          88
        ],
        [
          218,
          100
        ],
        [
          204,
          108
        ],
        [
          190,
          113
        ],
        [
          161,
          118
        ],
        [
          138,
          128
        ],
        [
          132,
          130
        ],
        [
          103,
          135
        ],
        [
          75,
          142
        ],
        [
          46,
          148
        ],
        [
          42,
          149
        ],
        [
          17,
          158
        ],
        [
          0,
          161
        ]
      ]
    },
    {
      "elevation": 450,
      "elevation_bbox_pixels": [
        185.93782588225628,
        439.58927798488065,
        44.75664028827657,
        23.817160278411926
      ],
      "contour_line_pixels": [
        [
          0,
          435
        ],
        [
          17,
          426
        ],
        [
          45,
          419
        ],
        [
          46,
          419
        ],
        [
          47,
          419
        ],
        [
          75,
          426
        ],
        [
          94,
          440
        ],
        [
          103,
          445
        ],
        [
          121,
          461
        ],
        [
          132,
          475
        ],
        [
          136,
          482
        ],
        [
          151,
          503
        ],
        [
          138,
          512
        ]
      ]
    },
    {
      "elevation": 425,
      "elevation_bbox_pixels": [
        275.9429300009045,
        243.93859145764583,
        37.81711793100601,
        23.526605824523728
      ],
      "contour_line_pixels": []
    },
    {
      "elevation": 400,
      "elevation_bbox_pixels": [
        287.40944879458425,
        208.33629156246292,
        40.15954994031881,
        20.82688345541294
      ],
      "contour_line_pixels": []
    },
    {
      "elevation": 375,
      "elevation_bbox_pixels": [
        203.5992195839787,
        215.8158385520847,
        35.15643187277658,
        19.29262992505926
      ],
      "contour_line_pixels": []
    }
  ]
}