{
  "image": {
    "path": "N63E016_1157.png",
    "size": {
      "height": 512,
      "width": 512
    }
  },
  "labels": [
    {
      "elevation": 400,
      "elevation_bbox_pixels": [
        328.18413813234235,
        -1.0932075054909092,
        41.20299949276637,
        23.61958477125745
      ],
      "contour_line_pixels": [
        [
          512,
          22
        ],
        [
          502,
          20
        ],
        [
          502,
          20
        ],
        [
          502,
          4
        ],
        [
          502,
          4
        ],
        [
          512,
          4
        ]
      ]
    },
    {
      "elevation": 350,
      "elevation_bbox_pixels": [
        264.8423859484591,
        35.22116686395685,
        43.07821920479569,
        21.824006740165146
      ],
      "contour_line_pixels": [
        [
          512,
          116
        ],
        [
          507,
          118
        ],
        [
          502,
          120
        ],
        [
          483,
          125
        ],
        [
          464,
          126
        ],
        [
          445,
          124
        ],
        [
          426,
          119
        ],
        [
          426,
          118
        ],
        [
          407,
          112
        ],
        [
          388,
          105
        ],
        [
          384,
          102
        ],
        [
          369,
          91
        ],
        [
          362,
          86
        ],
        [
          357,
          69
        ],
        [
          359,
          53
        ],
        [
          350,
          50
        ],
        [
          331,
          44
        ],
        [
          312,
          41
        ],
        [
          301,
          37
        ],
        [
          292,
          31
        ],
        [
          276,
          20
        ],
        [
          273,
          4
        ],
        [
          273,
          4
        ],
        [
          273,
          4
        ],
        [
          283,
          0
        ]
      ]
    },
    {
      "elevation": 325,
      "elevation_bbox_pixels": [
        291.78775355415837,
        127.3655950601642,
        36.712609087620876,
        19.65462272568402
      ],
      "contour_line_pixels": [
        [
          512,
          148
        ],
        [
          502,
          149
        ],
        [
          483,
          150
        ],
        [
          464,
          149
        ],
        [
          445,
          148
        ],
        [
          426,
          145
        ],
        [
          407,
          140
        ],
        [
          393,
          135
        ],
        [
          388,
          133
        ],
        [
          369,
          126
        ],
        [
          352,
          118
        ],
        [
          350,
          117
        ],
        [
          337,
          102
        ],
        [
          331,
          97
        ],
        [
          318,
          86
        ],
        [
          313,
          69
        ],
        [
          312,
          68
        ],
        [
          292,
          64
        ],
        [
          273,
          60
        ],
        [
          254,
          55
        ],
        [
          245,
          53
        ],
        [
          235,
          52
        ],
        [
          216,
          49
        ],
        [
          197,
          48
        ],
        [
          178,
          42
        ],
        [
          173,
          37
        ],
        [
          169,
          20
        ],
        [
          159,
          12
        ],
        [
          146,
          4
        ],
        [
          140,
          1
        ],
        [
          138,
          0
        ]
      ]
    },
    {
      "elevation": 350,
      "elevation_bbox_pixels": [
        232.50676029319962,
        479.73880299287976,
        44.92214983156711,
        24.95680881123731
      ],
      "contour_line_pixels": [
        [
          0,
          504
        ],
        [
          6,
          505
        ],
        [
          25,
          507
        ],
        [
          45,
          508
        ],
        [
          64,
          508
        ],
        [
          83,
          508
        ],
        [
          102,
          507
        ],
        [
          121,
          503
        ],
        [
          140,
          502
        ],
        [
          159,
          498
        ],
        [
          178,
          495
        ],
        [
          178,
          495
        ],
        [
          197,
          494
        ],
        [
          216,
          493
        ],
        [
          235,
          491
        ],
        [
          254,
          492
        ],
        [
          264,
          495
        ],
        [
          273,
          497
        ],
        [
          292,
          502
        ],
        [
          312,
          503
        ],
        [
          331,
          509
        ],
        [
          336,
          511
        ],
        [
          339,
          512
        ]
      ]
    },
    {
      "elevation": 300,
      "elevation_bbox_pixels": [
        173.88255045404043,
        367.4373382866438,
        42.54469064940997,
        23.992843957886222
      ],
      "contour_line_pixels": [
        [
          0,
          282
        ],
        [
          2,
          282
        ],
        [
          6,
          284
        ],
        [
          25,
          291
        ],
        [
          41,
          298
        ],
        [
          45,
          301
        ],
        [
          64,
          308
        ],
        [
          83,
          315
        ],
        [
          83,
          315
        ],
        [
          102,
          325
        ],
        [
          112,
          331
        ],
        [
          102,
          341
        ],
        [
          93,
          348
        ],
        [
          83,
          356
        ],
        [
          68,
          364
        ],
        [
          83,
          375
        ],
        [
          97,
          380
        ],
        [
          102,
          381
        ],
        [
          121,
          382
        ],
        [
          140,
          383
        ],
        [
          159,
          384
        ],
        [
          178,
          386
        ],
        [
          197,
          389
        ],
        [
          216,
          394
        ],
        [
          235,
          397
        ],
        [
          235,
          397
        ],
        [
          254,
          405
        ],
        [
          273,
          413
        ],
        [
          274,
          413
        ],
        [
          274,
          429
        ],
        [
          274,
          446
        ],
        [
          292,
          450
        ],
        [
          312,
          453
        ],
        [
          331,
          459
        ],
        [
          350,
          462
        ],
        [
          350,
          462
        ],
        [
          369,
          463
        ],
        [
          388,
          469
        ],
        [
          401,
          478
        ],
        [
          407,
          480
        ],
        [
          426,
          488
        ],
        [
          445,
          495
        ],
        [
          464,
          495
        ],
        [
          465,
          495
        ],
        [
          483,
          496
        ],
        [
          502,
          496
        ],
        [
          512,
          496
        ]
      ]
    },
    {
      "elevation": 275,
      "elevation_bbox_pixels": [
        253.1324332242639,
        376.6442182184285,
        26.665487974187243,
        16.310712286439795
      ],