{
  "image": {
    "path": "N63E016_0188.png",
    "size": {
      "height": 512,
      "width": 512
    }
  },
  "labels": [
    {
      "elevation": 300,
      "elevation_bbox_pixels": [
        11.808719543834215,
        100.90099274977399,
        36.846832255993974,
        25.313740993751026
      ],
      "contour_line_pixels": [
        [
          49,
          0
        ],
        [
          39,
          21
        ],
        [
          24,
          35
        ],
        [
          8,
          37
        ],
        [
          0,
          36
        ]
      ]
    },
    {
      "elevation": 150,
      "elevation_bbox_pixels": [
        270.0893765889394,
        176.98886469493561,
        54.36857840324626,
        29.021600651127528
      ],
      "contour_line_pixels": [
        [
          386,
          512
        ],
        [
          379,
          488
        ],
        [
          379,
          433
        ],
        [
          394,
          380
        ],
        [
          394,
          379
        ],
        [
          394,
          324
        ],
        [
          394,
          323
        ],
        [
          379,
          323
        ],
        [
          364,
          270
        ],
        [
          363,
          268
        ],
        [
          348,
          268
        ],
        [
          333,
          215
        ],
        [
          332,
          214
        ],
        [
          317,
          214
        ],
        [
          302,
          161
        ],
        [
          301,
          160
        ],
        [
          286,
          134
        ],
        [
          271,
          106
        ],
        [
          271,
          106
        ],
        [
          255,
          52
        ],
        [
          255,
          51
        ],
        [
          241,
          0
        ]
      ]
    },
    {
      "elevation": 175,
      "elevation_bbox_pixels": [
        166.6238215236516,
        283.57447862850444,
        34.46828736196062,
        20.85982148364303
      ],
      "contour_line_pixels": [
        [
          163,
          0
        ],
        [
          163,
          52
        ],
        [
          170,
          106
        ],
        [
          178,
          147
        ],
        [
          181,
          161
        ],
        [
          193,
          215
        ],
        [
          193,
          215
        ],
        [
          193,
          270
        ],
        [
          193,
          270
        ],
        [
          182,
          324
        ],
        [
          178,
          338
        ],
        [
          165,
          379
        ],
        [
          162,
          397
        ],
        [
          157,
          433
        ],
        [
          157,
          488
        ],
        [
          157,
          512
        ]
      ]
    },
    {
      "elevation": 200,
      "elevation_bbox_pixels": [
        100.86050433245175,
        205.88895154441508,
        52.71134395841666,
        29.71039081318702
      ],
      "contour_line_pixels": [
        [
          103,
          0
        ],
        [
          102,
          52
        ],
        [
          116,
          106
        ],
        [
          116,
          106
        ],
        [
          116,
          161
        ],
        [
          132,
          215
        ],
        [
          132,
          215
        ],
        [
          132,
          216
        ],
        [
          127,
          270
        ],
        [
          116,
          295
        ],
        [
          101,
          314
        ],
        [
          85,
          322
        ],
        [
          81,
          324
        ],
        [
          85,
          351
        ],
        [
          89,
          379
        ],
        [
          98,
          433
        ],
        [
          97,
          488
        ],
        [
          98,
          512
        ]
      ]
    },
    {
      "elevation": 225,
      "elevation_bbox_pixels": [
        22.622592974445332,
        312.849114394199,
        39.0757376629803,
        20.148093331769417
      ],
      "contour_line_pixels": [
        [
          91,
          0
        ],
        [
          90,
          52
        ],
        [
          96,
          106
        ],
        [
          95,
          161
        ],
        [
          101,
          203
        ],
        [
          105,
          215
        ],
        [
          101,
          226
        ],
        [
          85,
          254
        ],
        [
          70,
          258
        ],
        [
          54,
          258
        ],
        [
          39,
          261
        ],
        [
          30,
          270
        ],
        [
          31,
          324
        ],
        [
          39,
          351
        ],
        [
          47,
          379
        ],
        [
          54,
          396
        ],
        [
          70,
          426
        ],
        [
          72,
          433
        ],
        [
          75,
          488
        ],
        [
          74,
          512
        ]
      ]
    },
    {
      "elevation": 250,
      "elevation_bbox_pixels": [
        36.48781893746579,
        189.1607204690526,
        37.792437727663184,
        23.608084527599317
      ],
      "contour_line_pixels": []
    },
    {
      "elevation": 275,
      "elevation_bbox_pixels": [
        -8.453426813086505,
        404.488602347075,
        32.49595286025947,
        15.262872393505575
      ],
      "contour_line_pixels": [
        [
          0,
          486
        ],
        [
          1,
          488
        ],
        [
          8,
          506
        ],
        [
          13,
          512
        ]
      ]
    }
  ]
}