{
  "image": {
    "path": "N63E016_0117.png",
    "size": {
      "height": 512,
      "width": 512
    }
  },
  "labels": [
    {
      "elevation": 300,
      "elevation_bbox_pixels": [
        150.17581477901442,
        418.3833215144722,
        35.304434211420414,
        22.69471114989784
      ],
      "contour_line_pixels": []
    },
    {
      "elevation": 325,
      "elevation_bbox_pixels": [
        314.9374496558407,
        330.2703390682912,
        47.28205213938156,
        26.60786521521311
      ],
      "contour_line_pixels": [
        [
          512,
          399
        ],
        [
          501,
          395
        ],
        [
          488,
          385
        ],
        [
          484,
          382
        ],
        [
          472,
          371
        ],
        [
          471,
          356
        ],
        [
          468,
          349
        ],
        [
          462,
          341
        ],
        [
          461,
          327
        ],
        [
          462,
          312
        ],
        [
          462,
          297
        ],
        [
          462,
          283
        ],
        [
          464,
          268
        ],
        [
          468,
          253
        ],
        [
          462,
          239
        ],
        [
          451,
          224
        ],
        [
          451,
          224
        ],
        [
          451,
          224
        ],
        [
          468,
          217
        ],
        [
          484,
          210
        ],
        [
          484,
          209
        ],
        [
          501,
          201
        ],
        [
          509,
          195
        ],
        [
          512,
          192
        ]
      ]
    },
    {
      "elevation": 300,
      "elevation_bbox_pixels": [
        246.76374479058927,
        277.151095957973,
        47.060089186877576,
        26.280031833307874
      ],
      "contour_line_pixels": [
        [
          512,
          471
        ],
        [
          501,
          466
        ],
        [
          484,
          459
        ],
        [
          484,
          459
        ],
        [
          468,
          451
        ],
        [
          451,
          444
        ],
        [
          451,
          444
        ],
        [
          434,
          437
        ],
        [
          418,
          430
        ],
        [
          417,
          429
        ],
        [
          401,
          422
        ],
        [
          384,
          415
        ],
        [
          384,
          415
        ],
        [
          367,
          400
        ],
        [
          367,
          400
        ],
        [
          351,
          386
        ],
        [
          350,
          385
        ],
        [
          350,
          371
        ],
        [
          350,
          356
        ],
        [
          350,
          341
        ],
        [
          350,
          327
        ],
        [
          350,
          312
        ],
        [
          334,
          298
        ],
        [
          317,
          298
        ],
        [
          301,
          298
        ],
        [
          300,
          297
        ],
        [
          284,
          283
        ],
        [
          267,
          283
        ],
        [
          250,
          283
        ],
        [
          250,
          283
        ],
        [
          250,
          283
        ],
        [
          267,
          282
        ],
        [
          283,
          268
        ],
        [
          284,
          268
        ],
        [
          300,
          253
        ],
        [
          300,
          239
        ],
        [
          284,
          225
        ],
        [
          283,
          224
        ],
        [
          267,
          210
        ],
        [
          267,
          210
        ],
        [
          267,
          209
        ],
        [
          275,
          195
        ],
        [
          283,
          180
        ],
        [
          284,
          180
        ],
        [
          300,
          166
        ],
        [
          301,
          165
        ],
        [
          317,
          151
        ],
        [
          317,
          150
        ],
        [
          334,
          136
        ],
        [
          334,
          136
        ],
        [
          351,
          136
        ],
        [
          367,
          129
        ],
        [
          384,
          126
        ],
        [
          400,
          122
        ],
        [
          401,
          121
        ],
        [
          418,
          121
        ],
        [
          434,
          107
        ],
        [
          434,
          107
        ],
        [
          451,
          107
        ],
        [
          468,
          107
        ],
        [
          468,
          107
        ],
        [
          484,
          114
        ],
        [
          501,
          121
        ],
        [
          512,
          121
        ]
      ]
    },
    {
      "elevation": 275,
      "elevation_bbox_pixels": [
        174.43356763206836,
        477.28240714930917,
        52.46571856622455,
        31.484824389014648
      ],
      "contour_line_pixels": [
        [
          173,
          512
        ],
        [
          167,
          509
        ],
        [
          150,
          503
        ],
        [
          150,
          503
        ],
        [
          133,
          497
        ],
        [
          117,
          493
        ],
        [
          100,
          491
        ],
        [
          83,
          488
        ],
        [
          67,
          492
        ],
        [
          50,
          493
        ],
        [
          33,
          492
        ],
        [
          16,
          488
        ],
        [
          16,
          488
        ],
        [
          0,
          483
        ]
      ]
    }
  ]
}