{
  "image": {
    "path": "N63E016_0081.png",
    "size": {
      "height": 512,
      "width": 512
    }
  },
  "labels": [
    {
      "elevation": 200,
      "elevation_bbox_pixels": [
        178.24831807456536,
        355.3077735837826,
        59.11093701188736,
        30.108793694097983
      ],
      "contour_line_pixels": [
        [
          148,
          375
        ],
        [
          175,
          369
        ],
        [
          148,
          356
        ],
        [
          96,
          369
        ],
        [
          148,
          375
        ]
      ]
    },
    {
      "elevation": 325,
      "elevation_bbox_pixels": [
        241.57163205932017,
        49.570301859518054,
        35.04835139267368,
        20.71326696431356
      ],
      "contour_line_pixels": [
        [
          512,
          43
        ],
        [
          469,
          51
        ],
        [
          416,
          60
        ],
        [
          415,
          60
        ],
        [
          362,
          60
        ],
        [
          309,
          60
        ],
        [
          255,
          60
        ],
        [
          202,
          60
        ],
        [
          148,
          62
        ],
        [
          95,
          69
        ],
        [
          42,
          74
        ],
        [
          0,
          81
        ]
      ]
    },
    {
      "elevation": 350,
      "elevation_bbox_pixels": [
        223.64121733357828,
        4.568352041768037,
        36.40520721657802,
        23.694894261654213
      ],
      "contour_line_pixels": [
        [
          499,
          0
        ],
        [
          469,
          4
        ],
        [
          415,
          10
        ],
        [
          362,
          19
        ],
        [
          335,
          21
        ],
        [
          309,
          23
        ],
        [
          255,
          21
        ],
        [
          255,
          21
        ],
        [
          202,
          15
        ],
        [
          148,
          13
        ],
        [
          95,
          11
        ],
        [
          42,
          13
        ],
        [
          0,
          17
        ]
      ]
    },
    {
      "elevation": 300,
      "elevation_bbox_pixels": [
        222.8032807586849,
        101.2561816433925,
        33.173344230368855,
        15.385304625050026
      ],
      "contour_line_pixels": [
        [
          512,
          86
        ],
        [
          469,
          91
        ],
        [
          415,
          96
        ],
        [
          380,
          99
        ],
        [
          362,
          100
        ],
        [
          309,
          106
        ],
        [
          255,
          108
        ],
        [
          202,
          109
        ],
        [
          148,
          113
        ],
        [
          95,
          115
        ],
        [
          42,
          119
        ],
        [
          0,
          125
        ]
      ]
    },
    {
      "elevation": 275,
      "elevation_bbox_pixels": [
        276.91960415446584,
        124.76653123513523,
        53.055710296520715,
        34.55682419321113
      ],
      "contour_line_pixels": [
        [
          512,
          132
        ],
        [
          469,
          135
        ],
        [
          451,
          137
        ],
        [
          415,
          140
        ],
        [
          362,
          146
        ],
        [
          309,
          151
        ],
        [
          255,
          155
        ],
        [
          202,
          156
        ],
        [
          148,
          160
        ],
        [
          95,
          167
        ],
        [
          42,
          172
        ],
        [
          20,
          176
        ],
        [
          0,
          180
        ]
      ]
    },
    {
      "elevation": 250,
      "elevation_bbox_pixels": [
        237.22925684367394,
        192.31131753732814,
        32.02908629355309,
        19.0270972589517
      ],
      "contour_line_pixels": [
        [
          512,
          181
        ],
        [
          469,
          182
        ],
        [
          415,
          184
        ],
        [
          362,
          190
        ],
        [
          309,
          198
        ],
        [
          255,
          201
        ],
        [
          202,
          204
        ],
        [
          156,
          214
        ],
        [
          148,
          216
        ],
        [
          95,
          221
        ],
        [
          42,
          230
        ],
        [
          0,
          234
        ]
      ]
    },
    {
      "elevation": 350,
      "elevation_bbox_pixels": [
        309.5358691483254,
        498.7766347039252,
        29.14713567460751,
        18.065175995092236
      ],
      "contour_line_pixels": [
        [
          512,
          502
        ],
        [
          469,
          507
        ],
        [
          432,
          512
        ]
      ]
    },
    {
      "elevation": 225,
      "elevation_bbox_pixels": [
        253.6395079622973,
        237.26496786064467,
        29.6383781543241,
        15.651152145136166
      ],
      "contour_line_pixels": [
        [
          512,
          221
        ],
        [
          469,
          225
        ],
        [
          415,
          235
        ],
        [
          362,
          240
        ],
        [
          309,
          244
        ],
        [
          255,
          247
        ],
        [
          202,
          253
        ],
        [
          202,
          253
        ],
        [
          148,
          264
        ],
        [
          95,
          274
        ],
        [
          42,
          281
        ],
        [
          0,
          283
        ]
      ]
    },
    {
      "elevation": 325,
      "elevation_bbox_pixels": [
        291.92864207067845,
        471.12596234818176,
        44.68018942617175,
        22.420448419652857
      ],
      "contour_line_pixels": [
        [
          291,
          512
        ],
        [
          309,
          507
        ],
        [
          362,
          490
        ],
        [
          415,
          486
        ],
        [
          420,
          485
        ],
        [
          469,
          477
        ],
        [
          512,
          472
        ]
      ]
    },
    {
      "elevation": 275,
      "elevation_bbox_pixels": [
        229.86609468841922,
        452.07064029133846,
        47.30759072257209,
        27.892588333655738
      ],
      "contour_line_pixels": [
        [
          35,
          512
        ],
        [
          42,
          510
        ],
        [
          95,
          494
        ],
        [
          122,
          485
        ],
        [
          148,
          479
        ],
        [
          202,
          470
        ],
        [
          255,
          465
        ],
        [
          309,
          457
        ],
        [
          345,
          446
        ],
        [
          362,
          441
        ],
        [
          415,
          440
        ],
        [
          469,
          439
        ],
        [
          512,
          430
        ]
      ]
    },
    {
      "elevation": 225,
      "elevation_bbox_pixels": [
        245.60527302482507,
        397.0954441215811,
        39.751600327773644,
        25.08011187669527
      ],