{
  "image": {
    "path": "N63E016_1218.png",
    "size": {
      "height": 512,
      "width": 512
    }
  },
  "labels": [
    {
      "elevation": 250,
      "elevation_bbox_pixels": [
        312.1702381838926,
        201.62936932748397,
        61.17693868204992,
        36.99266412241889
      ],
      "contour_line_pixels": [
        [
          404,
          309
        ],
        [
          404,
          309
        ],
        [
          396,
          303
        ],
        [
          389,
          298
        ],
        [
          388,
          297
        ],
        [
          381,
          291
        ],
        [
          375,
          285
        ],
        [
          373,
          283
        ],
        [
          365,
          275
        ],
        [
          364,
          273
        ],
        [
          359,
          261
        ],
        [
          358,
          257
        ],
        [
          355,
          249
        ],
        [
          350,
          237
        ],
        [
          350,
          237
        ],
        [
          346,
          225
        ],
        [
          346,
          213
        ],
        [
          350,
          208
        ],
        [
          358,
          205
        ],
        [
          365,
          205
        ],
        [
          373,
          210
        ],
        [
          376,
          213
        ],
        [
          381,
          219
        ],
        [
          386,
          225
        ],
        [
          389,
          229
        ],
        [
          394,
          237
        ],
        [
          396,
          240
        ],
        [
          404,
          249
        ],
        [
          404,
          249
        ],
        [
          411,
          261
        ],
        [
          412,
          264
        ],
        [
          415,
          273
        ],
        [
          419,
          281
        ],
        [
          421,
          285
        ],
        [
          427,
          295
        ],
        [
          429,
          297
        ],
        [
          429,
          309
        ],
        [
          427,
          311
        ],
        [
          419,
          315
        ],
        [
          412,
          314
        ],
        [
          404,
          309
        ]
      ]
    },
    {
      "elevation": 300,
      "elevation_bbox_pixels": [
        61.91773960649137,
        54.38281572213174,
        51.668474303849806,
        28.870812914357316
      ],
      "contour_line_pixels": [
        [
          0,
          45
        ],
        [
          0,
          45
        ],
        [
          4,
          57
        ],
        [
          4,
          57
        ],
        [
          12,
          69
        ],
        [
          12,
          69
        ],
        [
          12,
          69
        ],
        [
          8,
          81
        ],
        [
          4,
          85
        ],
        [
          0,
          86
        ]
      ]
    },
    {
      "elevation": 275,
      "elevation_bbox_pixels": [
        135.42697777744058,
        48.2694131297053,
        34.48508407921713,
        20.153018856794915
      ],
      "contour_line_pixels": [
        [
          0,
          17
        ],
        [
          4,
          19
        ],
        [
          7,
          21
        ],
        [
          12,
          24
        ],
        [
          19,
          30
        ],
        [
          27,
          33
        ],
        [
          27,
          33
        ],
        [
          35,
          38
        ],
        [
          43,
          43
        ],
        [
          50,
          45
        ],
        [
          50,
          45
        ],
        [
          58,
          49
        ],
        [
          66,
          53
        ],
        [
          73,
          53
        ],
        [
          81,
          53
        ],
        [
          89,
          53
        ],
        [
          96,
          53
        ],
        [
          104,
          57
        ],
        [
          104,
          57
        ],
        [
          112,
          63
        ],
        [
          119,
          65
        ],
        [
          127,
          69
        ],
        [
          135,
          69
        ],
        [
          135,
          69
        ],
        [
          142,
          73
        ],
        [
          150,
          77
        ],
        [
          154,
          81
        ],
        [
          158,
          84
        ],
        [
          166,
          93
        ],
        [
          166,
          93
        ],
        [
          173,
          102
        ],
        [
          175,
          105
        ],
        [
          177,
          117
        ],
        [
          181,
          123
        ],
        [
          184,
          129
        ],
        [
          189,
          136
        ],
        [
          192,
          141
        ],
        [
          191,
          153
        ],
        [
          189,
          157
        ],
        [
          181,
          160
        ],
        [
          173,
          160
        ],
        [
          166,
          161
        ],
        [
          158,
          160
        ],
        [
          150,
          159
        ],
        [
          142,
          158
        ],
        [
          135,
          158
        ],
        [
          127,
          158
        ],
        [
          119,
          156
        ],
        [
          112,
          156
        ],
        [
          104,
          158
        ],
        [
          96,
          159
        ],
        [
          89,
          159
        ],
        [
          81,
          159
        ],
        [
          73,
          162
        ],
        [
          66,
          165
        ],
        [
          66,
          165
        ],
        [
          58,
          165
        ],
        [
          50,
          165
        ],
        [
          43,
          165
        ],
        [
          35,
          165
        ],
        [
          27,
          165
        ],
        [
          19,
          165
        ],
        [
          12,
          177
        ],
        [
          19,
          189
        ],
        [
          20,
          189
        ],
        [
          23,
          201
        ],
        [
          23,
          213
        ],
        [
          19,
          221
        ],
        [
          18,
          225
        ],
        [
          12,
          237
        ],
        [
          16,
          249
        ],
        [
          19,
          257
        ],
        [
          23,
          261
        ],
        [
          27,
          273
        ],
        [
          27,
          273
        ],
        [
          27,
          273
        ],
        [
          22,
          285
        ],
        [
          19,
          291
        ],
        [
          16,
          297
        ],
        [
          12,
          300
        ],
        [
          4,
          305
        ],
        [
          0,
          309
        ],
        [
          0,
          309
        ]
      ]
    },
    {
      "elevation": 250,
      "elevation_bbox_pixels": [
        208.31846104487136,
        242.34488069380205,
        49.659316743160616,
        25.376537109770993
      ],