{
  "image": {
    "path": "N63E016_1152.png",
    "size": {
      "height": 512,
      "width": 512
    }
  },
  "labels": [
    {
      "elevation": 375,
      "elevation_bbox_pixels": [
        362.5471778642196,
        208.7857859530866,
        49.53643994438778,
        26.704359468928033
      ],
      "contour_line_pixels": [
        [
          512,
          315
        ],
        [
          510,
          313
        ],
        [
          497,
          304
        ],
        [
          495,
          302
        ],
        [
          488,
          285
        ],
        [
          485,
          268
        ],
        [
          484,
          268
        ],
        [
          484,
          250
        ],
        [
          478,
          233
        ],
        [
          472,
          216
        ],
        [
          472,
          215
        ],
        [
          462,
          198
        ],
        [
          459,
          195
        ],
        [
          446,
          186
        ],
        [
          440,
          181
        ],
        [
          434,
          175
        ],
        [
          421,
          168
        ],
        [
          412,
          163
        ],
        [
          408,
          160
        ],
        [
          396,
          146
        ],
        [
          395,
          146
        ],
        [
          394,
          128
        ],
        [
          396,
          126
        ],
        [
          408,
          116
        ],
        [
          415,
          111
        ],
        [
          421,
          109
        ],
        [
          434,
          107
        ],
        [
          446,
          106
        ],
        [
          459,
          105
        ],
        [
          472,
          105
        ],
        [
          485,
          106
        ],
        [
          497,
          108
        ],
        [
          510,
          109
        ],
        [
          512,
          110
        ]
      ]
    },
    {
      "elevation": 350,
      "elevation_bbox_pixels": [
        279.0029762270753,
        101.79399705144652,
        49.44858927863936,
        26.616697584240114
      ],
      "contour_line_pixels": [
        [
          512,
          363
        ],
        [
          510,
          362
        ],
        [
          497,
          358
        ],
        [
          489,
          355
        ],
        [
          485,
          351
        ],
        [
          472,
          344
        ],
        [
          459,
          337
        ],
        [
          459,
          337
        ],
        [
          446,
          326
        ],
        [
          437,
          320
        ],
        [
          434,
          315
        ],
        [
          424,
          302
        ],
        [
          421,
          294
        ],
        [
          417,
          285
        ],
        [
          412,
          268
        ],
        [
          408,
          262
        ],
        [
          396,
          255
        ],
        [
          392,
          250
        ],
        [
          383,
          237
        ],
        [
          380,
          233
        ],
        [
          370,
          224
        ],
        [
          361,
          215
        ],
        [
          357,
          210
        ],
        [
          349,
          198
        ],
        [
          345,
          195
        ],
        [
          332,
          186
        ],
        [
          323,
          181
        ],
        [
          319,
          177
        ],
        [
          306,
          163
        ],
        [
          306,
          163
        ],
        [
          300,
          146
        ],
        [
          306,
          140
        ],
        [
          319,
          131
        ],
        [
          322,
          128
        ],
        [
          332,
          118
        ],
        [
          340,
          111
        ],
        [
          345,
          102
        ],
        [
          353,
          94
        ],
        [
          357,
          91
        ],
        [
          370,
          87
        ],
        [
          383,
          86
        ],
        [
          396,
          86
        ],
        [
          408,
          86
        ],
        [
          421,
          86
        ],
        [
          434,
          78
        ],
        [
          436,
          76
        ],
        [
          446,
          65
        ],
        [
          459,
          60
        ],
        [
          472,
          60
        ],
        [
          485,
          62
        ],
        [
          497,
          64
        ],
        [
          510,
          67
        ],
        [
          512,
          68
        ]
      ]
    },
    {
      "elevation": 375,
      "elevation_bbox_pixels": [
        194.3358094141514,
        455.46792223652795,
        42.91348259309575,
        22.019586161263874
      ],
      "contour_line_pixels": [
        [
          164,
          512
        ],
        [
          164,
          511
        ],
        [
          160,
          494
        ],
        [
          161,
          476
        ],
        [
          167,
          470
        ],
        [
          179,
          465
        ],
        [
          192,
          467
        ],
        [
          205,
          472
        ],
        [
          210,
          476
        ],
        [
          217,
          487
        ],
        [
          223,
          494
        ],
        [
          230,
          508
        ],
        [
          232,
          511
        ],
        [
          232,
          512
        ]
      ]
    },
    {
      "elevation": 350,
      "elevation_bbox_pixels": [
        166.34192826322052,
        410.2561195841405,
        58.81008877664095,
        35.9354273505748
      ],
      "contour_line_pixels": [
        [
          134,
          512
        ],
        [
          134,
          511
        ],
        [
          128,
          494
        ],
        [
          128,
          494
        ],
        [
          126,
          476
        ],
        [
          128,
          465
        ],
        [
          130,
          459
        ],
        [
          141,
          450
        ],
        [
          148,
          442
        ],
        [
          154,
          430
        ],
        [
          160,
          424
        ],
        [
          167,
          417
        ],
        [
          179,
          411
        ],
        [
          192,
          413
        ],
        [
          205,
          419
        ],
        [
          210,
          424
        ],
        [
          217,
          437
        ],
        [
          221,
          442
        ],
        [
          230,
          453
        ],
        [
          234,
          459
        ],
        [
          243,
          469
        ],
        [
          249,
          476
        ],
        [
          256,
          484
        ],
        [
          264,
          494
        ],
        [
          268,
          499
        ],
        [
          281,
          511
        ],
        [
          281,
          511
        ],
        [
          282,
          512
        ]
      ]
    },
    {
      "elevation": 325,
      "elevation_bbox_pixels": [
        210.84547288488594,
        348.1793455151931,
        44.63215224701452,
        23.805858615581542
      ],