{
  "image": {
    "path": "N63E016_1665.png",
    "size": {
      "height": 512,
      "width": 512
    }
  },
  "labels": [
    {
      "elevation": 400,
      "elevation_bbox_pixels": [
        103.65553898472712,
        37.61651261059086,
        43.893134983358436,
        24.00379258531177
      ],
      "contour_line_pixels": [
        [
          177,
          0
        ],
        [
          185,
          15
        ],
        [
          185,
          15
        ],
        [
          196,
          36
        ],
        [
          196,
          36
        ],
        [
          208,
          58
        ],
        [
          208,
          58
        ],
        [
          208,
          79
        ],
        [
          208,
          79
        ],
        [
          196,
          85
        ],
        [
          185,
          86
        ],
        [
          173,
          90
        ],
        [
          161,
          82
        ],
        [
          149,
          79
        ],
        [
          149,
          79
        ],
        [
          138,
          72
        ],
        [
          126,
          64
        ],
        [
          114,
          60
        ],
        [
          102,
          58
        ],
        [
          102,
          58
        ],
        [
          91,
          47
        ],
        [
          79,
          41
        ],
        [
          67,
          37
        ],
        [
          67,
          36
        ],
        [
          55,
          16
        ],
        [
          44,
          15
        ],
        [
          32,
          15
        ],
        [
          32,
          15
        ],
        [
          23,
          0
        ]
      ]
    },
    {
      "elevation": 375,
      "elevation_bbox_pixels": [
        30.94912152382823,
        347.2119454912968,
        59.76983658793759,
        30.76045268790125
      ],
      "contour_line_pixels": [
        [
          0,
          307
        ],
        [
          3,
          315
        ],
        [
          7,
          336
        ],
        [
          9,
          340
        ],
        [
          12,
          358
        ],
        [
          13,
          379
        ],
        [
          9,
          386
        ],
        [
          0,
          394
        ]
      ]
    },
    {
      "elevation": 375,
      "elevation_bbox_pixels": [
        138.8768831027952,
        119.34984664759901,
        47.91580269891051,
        30.06124192613504
      ],
      "contour_line_pixels": [
        [
          464,
          0
        ],
        [
          454,
          4
        ],
        [
          443,
          6
        ],
        [
          431,
          8
        ],
        [
          419,
          8
        ],
        [
          408,
          15
        ],
        [
          419,
          36
        ],
        [
          419,
          36
        ],
        [
          431,
          58
        ],
        [
          431,
          58
        ],
        [
          431,
          58
        ],
        [
          419,
          79
        ],
        [
          419,
          79
        ],
        [
          407,
          85
        ],
        [
          396,
          89
        ],
        [
          384,
          86
        ],
        [
          372,
          84
        ],
        [
          361,
          79
        ],
        [
          360,
          79
        ],
        [
          349,
          71
        ],
        [
          337,
          62
        ],
        [
          325,
          61
        ],
        [
          314,
          58
        ],
        [
          302,
          58
        ],
        [
          290,
          58
        ],
        [
          278,
          58
        ],
        [
          274,
          79
        ],
        [
          267,
          90
        ],
        [
          262,
          101
        ],
        [
          257,
          122
        ],
        [
          255,
          125
        ],
        [
          243,
          136
        ],
        [
          232,
          144
        ],
        [
          231,
          144
        ],
        [
          220,
          148
        ],
        [
          208,
          148
        ],
        [
          196,
          148
        ],
        [
          185,
          144
        ],
        [
          184,
          144
        ],
        [
          173,
          139
        ],
        [
          161,
          136
        ],
        [
          149,
          134
        ],
        [
          138,
          134
        ],
        [
          126,
          135
        ],
        [
          114,
          133
        ],
        [
          102,
          136
        ],
        [
          91,
          144
        ],
        [
          91,
          144
        ],
        [
          79,
          154
        ],
        [
          67,
          160
        ],
        [
          61,
          165
        ],
        [
          55,
          167
        ],
        [
          44,
          167
        ],
        [
          32,
          167
        ],
        [
          20,
          167
        ],
        [
          9,
          165
        ],
        [
          8,
          165
        ],
        [
          0,
          163
        ]
      ]
    },
    {
      "elevation": 350,
      "elevation_bbox_pixels": [
        326.6869094773731,
        151.48482445530163,
        52.867390292112304,
        34.51344205680232
      ],