{
  "image": {
    "path": "N63E016_0743.png",
    "size": {
      "height": 512,
      "width": 512
    }
  },
  "labels": [
    {
      "elevation": 175,
      "elevation_bbox_pixels": [
        228.38661544200426,
        4.513713985945969,
        41.25013171891362,
        23.277347040299446
      ],
      "contour_line_pixels": []
    },
    {
      "elevation": 200,
      "elevation_bbox_pixels": [
        224.06636324008682,
        344.8694784738016,
        28.300951806092883,
        18.10363148965223
      ],
      "contour_line_pixels": []
    }
  ]
}