{
  "image": {
    "path": "N63E016_1301.png",
    "size": {
      "height": 512,
      "width": 512
    }
  },
  "labels": [
    {
      "elevation": 175,
      "elevation_bbox_pixels": [
        -15.335240429597683,
        231.35809711515196,
        41.43185624232005,
        21.363657128825025
      ],
      "contour_line_pixels": []
    },
    {
      "elevation": 200,
      "elevation_bbox_pixels": [
        369.0941180759037,
        238.03612050096223,
        25.963267611470656,
        15.493353588344576
      ],
      "contour_line_pixels": [
        [
          401,
          512
        ],
        [
          401,
          355
        ],
        [
          384,
          195
        ],
        [
          367,
          89
        ],
        [
          367,
          89
        ],
        [
          367,
          82
        ],
        [
          369,
          0
        ]
      ]
    }
  ]
}