{
  "image": {
    "path": "N63E016_1107.png",
    "size": {
      "height": 512,
      "width": 512
    }
  },
  "labels": [
    {
      "elevation": 375,
      "elevation_bbox_pixels": [
        266.94049172079815,
        1.4193179185067493,
        51.04203411914091,
        28.76125614782177
      ],
      "contour_line_pixels": [
        [
          512,
          20
        ],
        [
          473,
          17
        ],
        [
          409,
          7
        ],
        [
          409,
          7
        ],
        [
          409,
          7
        ],
        [
          425,
          0
        ]
      ]
    },
    {
      "elevation": 325,
      "elevation_bbox_pixels": [
        213.33370072020773,
        37.081485815514725,
        37.944796142834775,
        21.432304738218136
      ],
      "contour_line_pixels": [
        [
          512,
          79
        ],
        [
          473,
          78
        ],
        [
          409,
          78
        ],
        [
          346,
          76
        ],
        [
          282,
          73
        ],
        [
          218,
          66
        ],
        [
          170,
          57
        ],
        [
          154,
          54
        ],
        [
          91,
          43
        ],
        [
          59,
          32
        ],
        [
          53,
          7
        ],
        [
          54,
          0
        ]
      ]
    },
    {
      "elevation": 300,
      "elevation_bbox_pixels": [
        201.1047541601185,
        77.48046370513771,
        60.53818876240223,
        35.907664680163634
      ],
      "contour_line_pixels": [
        [
          512,
          109
        ],
        [
          473,
          108
        ],
        [
          409,
          107
        ],
        [
          346,
          107
        ],
        [
          282,
          107
        ],
        [
          280,
          107
        ],
        [
          218,
          105
        ],
        [
          154,
          98
        ],
        [
          91,
          94
        ],
        [
          27,
          91
        ],
        [
          0,
          88
        ]
      ]
    },
    {
      "elevation": 275,
      "elevation_bbox_pixels": [
        235.32561761852543,
        122.52366633356371,
        50.238538064554746,
        30.61783383801935
      ],
      "contour_line_pixels": [
        [
          512,
          143
        ],
        [
          473,
          142
        ],
        [
          409,
          140
        ],
        [
          346,
          138
        ],
        [
          282,
          138
        ],
        [
          218,
          138
        ],
        [
          154,
          137
        ],
        [
          112,
          132
        ],
        [
          91,
          129
        ],
        [
          27,
          123
        ],
        [
          0,
          121
        ]
      ]
    },
    {
      "elevation": 250,
      "elevation_bbox_pixels": [
        223.21040334765206,
        255.86015888480836,
        58.231429282280374,
        35.92828914820416
      ],
      "contour_line_pixels": [
        [
          0,
          280
        ],
        [
          27,
          280
        ],
        [
          91,
          280
        ],
        [
          154,
          280
        ],
        [
          218,
          280
        ],
        [
          280,
          256
        ],
        [
          218,
          232
        ],
        [
          217,
          231
        ],
        [
          154,
          207
        ],
        [
          91,
          207
        ],
        [
          27,
          207
        ],
        [
          0,
          207
        ]
      ]
    }
  ]
}