{
  "image": {
    "path": "N63E016_1655.png",
    "size": {
      "height": 512,
      "width": 512
    }
  },
  "labels": [
    {
      "elevation": 250,
      "elevation_bbox_pixels": [
        176.35488047546514,
        84.91564371835284,
        51.042034119140965,
        28.76125614782177
      ],
      "contour_line_pixels": []
    },
    {
      "elevation": 350,
      "elevation_bbox_pixels": [
        349.87704380664564,
        156.49578648684542,
        47.09430651822947,
        27.137872710917236
      ],
      "contour_line_pixels": [
        [
          512,
          213
        ],
        [
          510,
          212
        ],
        [
          506,
          210
        ],
        [
          497,
          201
        ],
        [
          493,
          199
        ],
        [
          487,
          194
        ],
        [
          480,
          187
        ],
        [
          477,
          184
        ],
        [
          467,
          174
        ],
        [
          467,
          174
        ],
        [
          460,
          162
        ],
        [
          458,
          159
        ],
        [
          450,
          149
        ],
        [
          448,
          143
        ],
        [
          445,
          137
        ],
        [
          441,
          124
        ],
        [
          438,
          112
        ],
        [
          438,
          112
        ],
        [
          438,
          99
        ],
        [
          428,
          87
        ],
        [
          428,
          87
        ],
        [
          419,
          75
        ],
        [
          418,
          74
        ],
        [
          414,
          62
        ],
        [
          418,
          49
        ],
        [
          419,
          49
        ],
        [
          428,
          41
        ],
        [
          438,
          37
        ],
        [
          438,
          37
        ],
        [
          448,
          31
        ],
        [
          457,
          25
        ],
        [
          448,
          22
        ],
        [
          438,
          18
        ],
        [
          428,
          12
        ],
        [
          428,
          12
        ],
        [
          422,
          0
        ]
      ]
    },
    {
      "elevation": 325,
      "elevation_bbox_pixels": [
        275.47844344610496,
        82.96021015435076,
        37.944796142834775,
        21.432304738218136
      ],
      "contour_line_pixels": [
        [
          512,
          296
        ],
        [
          509,
          286
        ],
        [
          506,
          282
        ],
        [
          502,
          274
        ],
        [
          497,
          268
        ],
        [
          492,
          262
        ],
        [
          487,
          258
        ],
        [
          477,
          253
        ],
        [
          471,
          249
        ],
        [
          467,
          247
        ],
        [
          458,
          237
        ],
        [
          458,
          237
        ],
        [
          448,
          227
        ],
        [
          445,
          224
        ],
        [
          438,
          217
        ],
        [
          433,
          212
        ],
        [
          428,
          209
        ],
        [
          419,
          201
        ],
        [
          416,
          199
        ],
        [
          409,
          190
        ],
        [
          406,
          187
        ],
        [
          399,
          182
        ],
        [
          392,
          174
        ],
        [
          389,
          171
        ],
        [
          382,
          162
        ],
        [
          380,
          159
        ],
        [
          372,
          149
        ],
        [
          370,
          145
        ],
        [
          365,
          137
        ],
        [
          360,
          131
        ],
        [
          355,
          124
        ],
        [
          350,
          119
        ],
        [
          340,
          112
        ],
        [
          340,
          112
        ],
        [
          331,
          104
        ],
        [
          327,
          99
        ],
        [
          321,
          87
        ],
        [
          321,
          87
        ],
        [
          318,
          74
        ],
        [
          314,
          62
        ],
        [
          311,
          59
        ],
        [
          301,
          50
        ],
        [
          301,
          49
        ],
        [
          292,
          37
        ],
        [
          292,
          37
        ],
        [
          287,
          25
        ],
        [
          282,
          20
        ],
        [
          272,
          12
        ],
        [
          272,
          12
        ],
        [
          272,
          0
        ]
      ]
    },
    {
      "elevation": 300,
      "elevation_bbox_pixels": [
        141.1824667017392,
        381.56278734711964,
        60.53818876240223,
        35.90766468016365
      ],
      "contour_line_pixels": []
    },
    {
      "elevation": 275,
      "elevation_bbox_pixels": [
        190.93609302320823,
        28.879869964479553,
        50.238538064554746,
        30.61783383801935
      ],
      "contour_line_pixels": []
    },
    {
      "elevation": 250,
      "elevation_bbox_pixels": [
        284.2742042965569,
        318.02531205644266,
        58.231429282280374,
        35.92828914820416
      ],