{
  "image": {
    "path": "N63E016_0201.png",
    "size": {
      "height": 512,
      "width": 512
    }
  },
  "labels": [
    {
      "elevation": 325,
      "elevation_bbox_pixels": [
        375.5849103479586,
        482.5789939211078,
        37.34223908531749,
        23.143897109320022
      ],
      "contour_line_pixels": [
        [
          470,
          512
        ],
        [
          475,
          497
        ],
        [
          485,
          491
        ],
        [
          504,
          492
        ],
        [
          512,
          496
        ]
      ]
    },
    {
      "elevation": 300,
      "elevation_bbox_pixels": [
        292.5509344307342,
        462.2500965005371,
        34.40724847477691,
        17.46410060736781
      ],
      "contour_line_pixels": [
        [
          0,
          505
        ],
        [
          11,
          505
        ],
        [
          30,
          505
        ],
        [
          49,
          506
        ],
        [
          68,
          506
        ],
        [
          87,
          503
        ],
        [
          106,
          499
        ],
        [
          124,
          497
        ],
        [
          125,
          497
        ],
        [
          144,
          497
        ],
        [
          163,
          497
        ],
        [
          182,
          497
        ],
        [
          182,
          497
        ],
        [
          201,
          500
        ],
        [
          220,
          505
        ],
        [
          239,
          506
        ],
        [
          258,
          501
        ],
        [
          277,
          501
        ],
        [
          295,
          501
        ],
        [
          314,
          497
        ],
        [
          314,
          497
        ],
        [
          333,
          484
        ],
        [
          343,
          471
        ],
        [
          352,
          462
        ],
        [
          360,
          445
        ],
        [
          362,
          419
        ],
        [
          352,
          394
        ],
        [
          352,
          393
        ],
        [
          352,
          393
        ],
        [
          371,
          367
        ],
        [
          371,
          367
        ],
        [
          390,
          366
        ],
        [
          409,
          366
        ],
        [
          428,
          367
        ],
        [
          428,
          367
        ],
        [
          447,
          375
        ],
        [
          466,
          379
        ],
        [
          485,
          383
        ],
        [
          504,
          389
        ],
        [
          512,
          390
        ]
      ]
    },
    {
      "elevation": 125,
      "elevation_bbox_pixels": [
        149.4789512586204,
        -6.687841715583431,
        50.52984116929457,
        28.01867952209676
      ],
      "contour_line_pixels": []
    },
    {
      "elevation": 150,
      "elevation_bbox_pixels": [
        142.32046737274317,
        115.9838498022632,
        47.628217649649855,
        30.484807715333773
      ],
      "contour_line_pixels": [
        [
          512,
          51
        ],
        [
          504,
          50
        ],
        [
          485,
          46
        ],
        [
          466,
          42
        ],
        [
          447,
          42
        ],
        [
          428,
          46
        ],
        [
          409,
          49
        ],
        [
          390,
          49
        ],
        [
          371,
          48
        ],
        [
          352,
          50
        ],
        [
          333,
          52
        ],
        [
          314,
          51
        ],
        [
          295,
          56
        ],
        [
          295,
          56
        ],
        [
          277,
          60
        ],
        [
          258,
          62
        ],
        [
          239,
          69
        ],
        [
          220,
          82
        ],
        [
          219,
          82
        ],
        [
          201,
          87
        ],
        [
          182,
          95
        ],
        [
          163,
          100
        ],
        [
          153,
          108
        ],
        [
          144,
          114
        ],
        [
          125,
          123
        ],
        [
          106,
          134
        ],
        [
          106,
          134
        ],
        [
          87,
          147
        ],
        [
          74,
          160
        ],
        [
          68,
          164
        ],
        [
          49,
          178
        ],
        [
          42,
          186
        ],
        [
          30,
          200
        ],
        [
          21,
          212
        ],
        [
          11,
          223
        ],
        [
          0,
          233
        ]
      ]
    },
    {
      "elevation": 175,
      "elevation_bbox_pixels": [
        297.367702539701,
        85.16822080765371,
        48.93573596174974,
        32.637179826209604
      ],
      "contour_line_pixels": [
        [
          0,
          300
        ],
        [
          11,
          294
        ],
        [
          19,
          290
        ],
        [
          30,
          274
        ],
        [
          35,
          264
        ],
        [
          49,
          246
        ],
        [
          55,
          238
        ],
        [
          68,
          212
        ],
        [
          68,
          212
        ],
        [
          87,
          200
        ],
        [
          106,
          191
        ],
        [
          125,
          188
        ],
        [
          129,
          186
        ],
        [
          144,
          179
        ],
        [
          163,
          174
        ],
        [
          182,
          169
        ],
        [
          201,
          162
        ],
        [
          205,
          160
        ],
        [
          220,
          155
        ],
        [
          239,
          150
        ],
        [
          258,
          143
        ],
        [
          276,
          134
        ],
        [
          277,
          134
        ],
        [
          295,
          127
        ],
        [
          314,
          123
        ],
        [
          333,
          114
        ],
        [
          341,
          108
        ],
        [
          352,
          103
        ],
        [
          371,
          100
        ],
        [
          390,
          96
        ],
        [
          409,
          91
        ],
        [
          428,
          89
        ],
        [
          447,
          88
        ],
        [
          466,
          90
        ],
        [
          485,
          91
        ],
        [
          504,
          93
        ],
        [
          512,
          94
        ]
      ]
    },
    {
      "elevation": 200,
      "elevation_bbox_pixels": [
        245.37258140116924,
        157.1056230070123,
        56.832696260945085,
        27.845706305083354
      ],