{
  "image": {
    "path": "N63E016_0765.png",
    "size": {
      "height": 512,
      "width": 512
    }
  },
  "labels": [
    {
      "elevation": 325,
      "elevation_bbox_pixels": [
        471.7182287941206,
        501.161838891392,
        31.901682616540484,
        21.389699641731784
      ],
      "contour_line_pixels": [
        [
          512,
          512
        ],
        [
          512,
          512
        ]
      ]
    },
    {
      "elevation": 300,
      "elevation_bbox_pixels": [
        436.5061637555243,
        425.7935460289592,
        55.854633460800414,
        31.76960774220032
      ],
      "contour_line_pixels": [
        [
          449,
          512
        ],
        [
          449,
          512
        ],
        [
          471,
          468
        ],
        [
          475,
          461
        ],
        [
          501,
          416
        ],
        [
          501,
          416
        ],
        [
          512,
          404
        ]
      ]
    },
    {
      "elevation": 275,
      "elevation_bbox_pixels": [
        367.3735705145082,
        214.38116249307012,
        38.48543053652975,
        24.289931505826303
      ],
      "contour_line_pixels": [
        [
          341,
          512
        ],
        [
          346,
          500
        ],
        [
          361,
          468
        ],
        [
          372,
          416
        ],
        [
          372,
          416
        ],
        [
          387,
          364
        ],
        [
          392,
          312
        ],
        [
          397,
          260
        ],
        [
          398,
          259
        ],
        [
          402,
          208
        ],
        [
          423,
          179
        ],
        [
          449,
          167
        ],
        [
          475,
          162
        ],
        [
          500,
          156
        ],
        [
          501,
          156
        ],
        [
          512,
          156
        ]
      ]
    },
    {
      "elevation": 250,
      "elevation_bbox_pixels": [
        237.5815262330229,
        274.72253140565715,
        33.18917472132043,
        20.67580258118437
      ],
      "contour_line_pixels": [
        [
          231,
          512
        ],
        [
          238,
          468
        ],
        [
          242,
          442
        ],
        [
          247,
          416
        ],
        [
          249,
          364
        ],
        [
          253,
          312
        ],
        [
          255,
          260
        ],
        [
          262,
          208
        ],
        [
          268,
          197
        ],
        [
          289,
          156
        ],
        [
          294,
          149
        ],
        [
          320,
          117
        ],
        [
          327,
          104
        ],
        [
          346,
          80
        ],
        [
          372,
          66
        ],
        [
          398,
          64
        ],
        [
          413,
          52
        ],
        [
          423,
          34
        ],
        [
          438,
          0
        ]
      ]
    },
    {
      "elevation": 225,
      "elevation_bbox_pixels": [
        111.05064650297878,
        151.8459154340751,
        31.495534670096546,
        17.58736268964867
      ],
      "contour_line_pixels": [
        [
          121,
          512
        ],
        [
          122,
          468
        ],
        [
          128,
          416
        ],
        [
          131,
          364
        ],
        [
          134,
          312
        ],
        [
          134,
          260
        ],
        [
          118,
          208
        ],
        [
          113,
          157
        ],
        [
          113,
          156
        ],
        [
          106,
          104
        ],
        [
          112,
          52
        ],
        [
          113,
          51
        ],
        [
          139,
          39
        ],
        [
          165,
          34
        ],
        [
          191,
          26
        ],
        [
          216,
          23
        ],
        [
          242,
          15
        ],
        [
          267,
          0
        ]
      ]
    },
    {
      "elevation": 200,
      "elevation_bbox_pixels": [
        28.794696412486385,
        384.8600038919623,
        36.046725104270706,
        21.247771360720094
      ],
      "contour_line_pixels": [
        [
          23,
          512
        ],
        [
          25,
          468
        ],
        [
          25,
          416
        ],
        [
          25,
          364
        ],
        [
          22,
          312
        ],
        [
          9,
          286
        ],
        [
          1,
          260
        ],
        [
          1,
          208
        ],
        [
          0,
          206
        ]
      ]
    }
  ]
}