{
  "image": {
    "path": "N63E016_0089.png",
    "size": {
      "height": 512,
      "width": 512
    }
  },
  "labels": [
    {
      "elevation": 200,
      "elevation_bbox_pixels": [
        11.663572733559178,
        304.6905773515376,
        36.846832255993974,
        25.313740993751026
      ],
      "contour_line_pixels": [
        [
          28,
          356
        ],
        [
          52,
          330
        ],
        [
          28,
          281
        ],
        [
          3,
          330
        ],
        [
          28,
          356
        ]
      ]
    },
    {
      "elevation": 325,
      "elevation_bbox_pixels": [
        449.926331476313,
        492.4573892359496,
        35.66539209672726,
        20.641006411078344
      ],
      "contour_line_pixels": [
        [
          463,
          512
        ],
        [
          475,
          508
        ],
        [
          499,
          497
        ],
        [
          512,
          493
        ]
      ]
    },
    {
      "elevation": 300,
      "elevation_bbox_pixels": [
        277.56616713414286,
        462.5281453671466,
        32.28884328123479,
        18.785605003392064
      ],
      "contour_line_pixels": [
        [
          227,
          512
        ],
        [
          251,
          489
        ],
        [
          264,
          482
        ],
        [
          276,
          476
        ],
        [
          301,
          471
        ],
        [
          326,
          469
        ],
        [
          350,
          464
        ],
        [
          375,
          459
        ],
        [
          400,
          453
        ],
        [
          425,
          450
        ],
        [
          450,
          446
        ],
        [
          475,
          444
        ],
        [
          495,
          431
        ],
        [
          499,
          429
        ],
        [
          512,
          426
        ]
      ]
    },
    {
      "elevation": 200,
      "elevation_bbox_pixels": [
        425.02582190727287,
        55.67550966803395,
        54.24366985668553,
        29.01681996121181
      ],
      "contour_line_pixels": [
        [
          375,
          0
        ],
        [
          376,
          28
        ],
        [
          400,
          78
        ],
        [
          425,
          78
        ],
        [
          450,
          78
        ],
        [
          475,
          68
        ],
        [
          499,
          62
        ],
        [
          512,
          36
        ]
      ]
    },
    {
      "elevation": 225,
      "elevation_bbox_pixels": [
        280.47905021518807,
        276.14217298656644,
        34.46828736196062,
        20.85982148364303
      ],
      "contour_line_pixels": [
        [
          0,
          509
        ],
        [
          3,
          504
        ],
        [
          15,
          482
        ],
        [
          28,
          462
        ],
        [
          46,
          431
        ],
        [
          52,
          425
        ],
        [
          77,
          395
        ],
        [
          88,
          381
        ],
        [
          102,
          359
        ],
        [
          127,
          349
        ],
        [
          152,
          343
        ],
        [
          177,
          333
        ],
        [
          183,
          330
        ],
        [
          201,
          320
        ],
        [
          226,
          307
        ],
        [
          251,
          295
        ],
        [
          276,
          291
        ],
        [
          301,
          287
        ],
        [
          326,
          284
        ],
        [
          350,
          280
        ],
        [
          350,
          280
        ],
        [
          375,
          280
        ],
        [
          400,
          280
        ],
        [
          401,
          280
        ],
        [
          425,
          282
        ],
        [
          450,
          282
        ],
        [
          475,
          282
        ],
        [
          487,
          280
        ],
        [
          499,
          276
        ],
        [
          512,
          275
        ]
      ]
    },
    {
      "elevation": 250,
      "elevation_bbox_pixels": [
        189.6368168472902,
        354.94632703355455,
        52.83548669719454,
        29.725005203654234
      ],
      "contour_line_pixels": [
        [
          80,
          512
        ],
        [
          87,
          482
        ],
        [
          102,
          448
        ],
        [
          116,
          431
        ],
        [
          127,
          421
        ],
        [
          152,
          403
        ],
        [
          177,
          387
        ],
        [
          187,
          381
        ],
        [
          201,
          375
        ],
        [
          226,
          363
        ],
        [
          251,
          350
        ],
        [
          276,
          347
        ],
        [
          301,
          342
        ],
        [
          326,
          337
        ],
        [
          350,
          336
        ],
        [
          369,
          330
        ],
        [
          375,
          329
        ],
        [
          400,
          325
        ],
        [
          425,
          325
        ],
        [
          450,
          327
        ],
        [
          475,
          329
        ],
        [
          481,
          330
        ],
        [
          499,
          336
        ],
        [
          512,
          337
        ]
      ]
    },
    {
      "elevation": 275,
      "elevation_bbox_pixels": [
        381.6316380620613,
        374.66134465803566,
        39.07573766298026,
        20.148093331769417
      ],
      "contour_line_pixels": [
        [
          136,
          512
        ],
        [
          152,
          486
        ],
        [
          155,
          482
        ],
        [
          177,
          464
        ],
        [
          201,
          445
        ],
        [
          218,
          431
        ],
        [
          226,
          426
        ],
        [
          251,
          412
        ],
        [
          276,
          407
        ],
        [
          301,
          405
        ],
        [
          326,
          399
        ],
        [
          350,
          387
        ],
        [
          375,
          383
        ],
        [
          400,
          383
        ],
        [
          425,
          386
        ],
        [
          450,
          386
        ],
        [
          475,
          383
        ],
        [
          499,
          381
        ],
        [
          499,
          381
        ],
        [
          512,
          379
        ]
      ]
    }
  ]
}