{
  "image": {
    "path": "N63E016_1424.png",
    "size": {
      "height": 512,
      "width": 512
    }
  },
  "labels": [
    {
      "elevation": 150,
      "elevation_bbox_pixels": [
        140.56211879661154,
        249.64688600243682,
        59.222149672434455,
        31.96628594039646
      ],
      "contour_line_pixels": []
    },
    {
      "elevation": 175,
      "elevation_bbox_pixels": [
        277.76318049731407,
        90.78823247683198,
        37.52726322294495,
        22.793277023528503
      ],
      "contour_line_pixels": []
    }
  ]
}