{
  "image": {
    "path": "N63E016_0019.png",
    "size": {
      "height": 512,
      "width": 512
    }
  },
  "labels": [
    {
      "elevation": 375,
      "elevation_bbox_pixels": [
        291.0331632452928,
        13.358201824352534,
        51.8334987877347,
        29.28389865068641
      ],
      "contour_line_pixels": [
        [
          407,
          73
        ],
        [
          391,
          76
        ],
        [
          375,
          78
        ],
        [
          359,
          76
        ],
        [
          343,
          74
        ],
        [
          330,
          70
        ],
        [
          326,
          64
        ],
        [
          318,
          53
        ],
        [
          314,
          35
        ],
        [
          326,
          25
        ],
        [
          343,
          20
        ],
        [
          359,
          20
        ],
        [
          375,
          25
        ],
        [
          391,
          32
        ],
        [
          399,
          35
        ],
        [
          407,
          45
        ],
        [
          411,
          53
        ],
        [
          413,
          70
        ],
        [
          407,
          73
        ]
      ]
    },
    {
      "elevation": 325,
      "elevation_bbox_pixels": [
        225.41660281042235,
        12.109118263985636,
        26.394650553732333,
        17.927534379430767
      ],
      "contour_line_pixels": []
    },
    {
      "elevation": 300,
      "elevation_bbox_pixels": [
        280.32953595063304,
        153.48284806998606,
        64.06099855058119,
        39.498410712682244
      ],
      "contour_line_pixels": []
    },
    {
      "elevation": 300,
      "elevation_bbox_pixels": [
        169.383930164432,
        429.91524077610745,
        24.305919939857745,
        13.573843651289508
      ],
      "contour_line_pixels": [
        [
          0,
          393
        ],
        [
          3,
          394
        ],
        [
          19,
          399
        ],
        [
          35,
          399
        ],
        [
          36,
          399
        ],
        [
          52,
          411
        ],
        [
          68,
          417
        ],
        [
          68,
          417
        ],
        [
          84,
          434
        ],
        [
          100,
          434
        ],
        [
          100,
          434
        ],
        [
          116,
          451
        ],
        [
          116,
          451
        ],
        [
          132,
          468
        ],
        [
          133,
          469
        ],
        [
          149,
          486
        ],
        [
          149,
          486
        ],
        [
          165,
          495
        ],
        [
          181,
          503
        ],
        [
          181,
          503
        ],
        [
          181,
          512
        ]
      ]
    },
    {
      "elevation": 300,
      "elevation_bbox_pixels": [
        294.8746694032263,
        419.0883216288198,
        53.03456065726061,
        29.313042510156208
      ],
      "contour_line_pixels": [
        [
          512,
          487
        ],
        [
          504,
          486
        ],
        [
          504,
          486
        ],
        [
          488,
          476
        ],
        [
          472,
          471
        ],
        [
          456,
          469
        ],
        [
          455,
          469
        ],
        [
          440,
          464
        ],
        [
          423,
          457
        ],
        [
          407,
          451
        ],
        [
          407,
          451
        ],
        [
          391,
          434
        ],
        [
          391,
          434
        ],
        [
          375,
          417
        ],
        [
          375,
          417
        ],
        [
          375,
          399
        ],
        [
          375,
          399
        ],
        [
          391,
          382
        ],
        [
          391,
          382
        ],
        [
          407,
          376
        ],
        [
          423,
          373
        ],
        [
          439,
          365
        ],
        [
          440,
          365
        ],
        [
          456,
          364
        ],
        [
          472,
          364
        ],
        [
          488,
          364
        ],
        [
          504,
          364
        ],
        [
          512,
          364
        ]
      ]
    }
  ]
}