{
  "image": {
    "path": "N63E016_0635.png",
    "size": {
      "height": 512,
      "width": 512
    }
  },
  "labels": [
    {
      "elevation": 150,
      "elevation_bbox_pixels": [
        79.59656052473444,
        36.08831392053759,
        37.11374458783817,
        22.735120867616274
      ],
      "contour_line_pixels": [
        [
          0,
          42
        ],
        [
          7,
          47
        ],
        [
          7,
          47
        ],
        [
          7,
          74
        ],
        [
          7,
          74
        ],
        [
          0,
          79
        ]
      ]
    },
    {
      "elevation": 150,
      "elevation_bbox_pixels": [
        390.661641188479,
        301.493022171567,
        49.44858927863936,
        26.616697584240114
      ],
      "contour_line_pixels": [
        [
          512,
          315
        ],
        [
          502,
          315
        ],
        [
          502,
          315
        ],
        [
          502,
          315
        ],
        [
          512,
          315
        ]
      ]
    },
    {
      "elevation": 125,
      "elevation_bbox_pixels": [
        342.28884639971255,
        262.03805128934664,
        34.04685525045136,
        23.226517970527368
      ],
      "contour_line_pixels": [
        [
          512,
          413
        ],
        [
          502,
          413
        ],
        [
          486,
          395
        ],
        [
          483,
          392
        ],
        [
          464,
          376
        ],
        [
          455,
          368
        ],
        [
          445,
          358
        ],
        [
          432,
          341
        ],
        [
          426,
          315
        ],
        [
          426,
          315
        ],
        [
          411,
          288
        ],
        [
          426,
          261
        ],
        [
          426,
          261
        ],
        [
          445,
          254
        ],
        [
          464,
          261
        ],
        [
          464,
          261
        ],
        [
          483,
          265
        ],
        [
          502,
          267
        ],
        [
          512,
          267
        ]
      ]
    },
    {
      "elevation": 100,
      "elevation_bbox_pixels": [
        308.15432642586507,
        355.95948207102265,
        42.78882333915726,
        22.010362799213965
      ],
      "contour_line_pixels": [
        [
          512,
          493
        ],
        [
          502,
          493
        ],
        [
          483,
          486
        ],
        [
          464,
          479
        ],
        [
          455,
          475
        ],
        [
          445,
          469
        ],
        [
          426,
          451
        ],
        [
          424,
          448
        ],
        [
          408,
          422
        ],
        [
          407,
          421
        ],
        [
          388,
          398
        ],
        [
          385,
          395
        ],
        [
          369,
          368
        ],
        [
          388,
          359
        ],
        [
          398,
          368
        ],
        [
          407,
          382
        ],
        [
          412,
          395
        ],
        [
          426,
          415
        ],
        [
          445,
          422
        ],
        [
          445,
          422
        ],
        [
          464,
          438
        ],
        [
          483,
          448
        ],
        [
          483,
          449
        ],
        [
          502,
          462
        ],
        [
          512,
          462
        ],
        [
          502,
          462
        ]
      ]
    },
    {
      "elevation": 125,
      "elevation_bbox_pixels": [
        225.54906033698163,
        189.54072995454152,
        58.68735742190998,
        35.911720504181744
      ],
      "contour_line_pixels": []
    },
    {
      "elevation": 175,
      "elevation_bbox_pixels": [
        106.56974778734495,
        479.81447089310706,
        44.6321522470145,
        23.805858615581542
      ],
      "contour_line_pixels": [
        [
          0,
          476
        ],
        [
          7,
          477
        ],
        [
          26,
          484
        ],
        [
          45,
          489
        ],
        [
          64,
          494
        ],
        [
          83,
          498
        ],
        [
          88,
          502
        ],
        [
          95,
          512
        ]
      ]
    },
    {
      "elevation": 150,
      "elevation_bbox_pixels": [
        171.76800251642754,
        466.449102526273,
        37.81711793100601,
        23.526605824523752
      ],
      "contour_line_pixels": [
        [
          275,
          512
        ],
        [
          274,
          511
        ],
        [
          255,
          502
        ],
        [
          255,
          502
        ],
        [
          236,
          495
        ],
        [
          217,
          489
        ],
        [
          197,
          487
        ],
        [
          178,
          485
        ],
        [
          159,
          481
        ],
        [
          147,
          475
        ],
        [
          140,
          473
        ],
        [
          121,
          465
        ],
        [
          102,
          460
        ],
        [
          83,
          458
        ],
        [
          64,
          456
        ],
        [
          45,
          452
        ],
        [
          35,
          448
        ],
        [
          26,
          445
        ],
        [
          7,
          442
        ],
        [
          0,
          441
        ]
      ]
    }
  ]
}