{
  "image": {
    "path": "N63E016_0389.png",
    "size": {
      "height": 512,
      "width": 512
    }
  },
  "labels": [
    {
      "elevation": 325,
      "elevation_bbox_pixels": [
        296.4824530522733,
        448.83959725568974,
        38.69131720107089,
        21.592701120768282
      ],
      "contour_line_pixels": []
    }
  ]
}