{
  "image": {
    "path": "N63E016_0777.png",
    "size": {
      "height": 512,
      "width": 512
    }
  },
  "labels": [
    {
      "elevation": 225,
      "elevation_bbox_pixels": [
        104.37710673119098,
        160.36637979363775,
        37.95942163435198,
        18.443448133957872
      ],
      "contour_line_pixels": []
    },
    {
      "elevation": 200,
      "elevation_bbox_pixels": [
        374.4617798053142,
        229.34942367166457,
        29.84534705580313,
        16.196894838359412
      ],
      "contour_line_pixels": []
    },
    {
      "elevation": 150,
      "elevation_bbox_pixels": [
        100.40307324895485,
        501.7675713036812,
        29.426761136260552,
        18.228535437183925
      ],
      "contour_line_pixels": [
        [
          0,
          507
        ],
        [
          4,
          512
        ]
      ]
    },
    {
      "elevation": 150,
      "elevation_bbox_pixels": [
        170.889586927646,
        468.6220861710838,
        41.323975819919156,
        20.15302372765784
      ],
      "contour_line_pixels": [
        [
          0,
          436
        ],
        [
          6,
          436
        ],
        [
          15,
          447
        ],
        [
          15,
          447
        ],
        [
          24,
          448
        ],
        [
          33,
          456
        ],
        [
          42,
          459
        ],
        [
          42,
          459
        ],
        [
          51,
          459
        ],
        [
          60,
          464
        ],
        [
          69,
          470
        ],
        [
          69,
          470
        ],
        [
          78,
          470
        ],
        [
          88,
          470
        ],
        [
          97,
          475
        ],
        [
          106,
          475
        ],
        [
          115,
          475
        ],
        [
          124,
          478
        ],
        [
          133,
          478
        ],
        [
          142,
          479
        ],
        [
          151,
          479
        ],
        [
          160,
          479
        ],
        [
          169,
          479
        ],
        [
          178,
          479
        ],
        [
          187,
          479
        ],
        [
          196,
          479
        ],
        [
          205,
          479
        ],
        [
          214,
          479
        ],
        [
          223,
          479
        ],
        [
          232,
          479
        ],
        [
          242,
          479
        ],
        [
          251,
          479
        ],
        [
          260,
          480
        ],
        [
          269,
          481
        ],
        [
          269,
          481
        ],
        [
          278,
          483
        ],
        [
          287,
          484
        ],
        [
          296,
          486
        ],
        [
          305,
          486
        ],
        [
          314,
          486
        ],
        [
          323,
          486
        ],
        [
          332,
          486
        ],
        [
          341,
          487
        ],
        [
          350,
          487
        ],
        [
          359,
          489
        ],
        [
          368,
          489
        ],
        [
          377,
          489
        ],
        [
          387,
          488
        ],
        [
          396,
          487
        ],
        [
          405,
          485
        ],
        [
          414,
          485
        ],
        [
          423,
          482
        ],
        [
          425,
          481
        ],
        [
          432,
          476
        ],
        [
          441,
          472
        ],
        [
          445,
          470
        ],
        [
          450,
          464
        ],
        [
          453,
          459
        ],
        [
          459,
          453
        ],
        [
          468,
          447
        ],
        [
          468,
          447
        ],
        [
          477,
          443
        ],
        [
          486,
          438
        ],
        [
          495,
          436
        ],
        [
          504,
          436
        ],
        [
          512,
          436
        ]
      ]
    },
    {
      "elevation": 175,
      "elevation_bbox_pixels": [
        183.97387061713965,
        212.8076337788106,
        61.34024662654258,
        37.46379624044687
      ],
      "contour_line_pixels": []
    },
    {
      "elevation": 200,
      "elevation_bbox_pixels": [
        196.75811710242712,
        301.4303740694121,
        31.2645114900252,
        19.464136037197306
      ],
      "contour_line_pixels": []
    }
  ]
}