{
  "image": {
    "path": "N63E016_1649.png",
    "size": {
      "height": 512,
      "width": 512
    }
  },
  "labels": [
    {
      "elevation": 375,
      "elevation_bbox_pixels": [
        281.7518192804112,
        97.28838858948154,
        44.24682282755691,
        20.270226175262223
      ],
      "contour_line_pixels": [
        [
          504,
          134
        ],
        [
          512,
          134
        ],
        [
          504,
          134
        ],
        [
          501,
          130
        ],
        [
          493,
          122
        ],
        [
          489,
          119
        ],
        [
          478,
          114
        ],
        [
          473,
          111
        ],
        [
          458,
          106
        ],
        [
          458,
          105
        ],
        [
          442,
          97
        ],
        [
          458,
          95
        ],
        [
          473,
          95
        ],
        [
          489,
          95
        ],
        [
          504,
          95
        ],
        [
          512,
          95
        ]
      ]
    },
    {
      "elevation": 475,
      "elevation_bbox_pixels": [
        224.66440562269554,
        184.5335248792207,
        31.416608347525653,
        18.02599004243723
      ],
      "contour_line_pixels": [
        [
          193,
          205
        ],
        [
          185,
          204
        ],
        [
          177,
          201
        ],
        [
          162,
          201
        ],
        [
          146,
          201
        ],
        [
          131,
          199
        ],
        [
          115,
          197
        ],
        [
          107,
          195
        ],
        [
          115,
          190
        ],
        [
          131,
          189
        ],
        [
          146,
          190
        ],
        [
          162,
          191
        ],
        [
          177,
          192
        ],
        [
          193,
          194
        ],
        [
          201,
          195
        ],
        [
          208,
          200
        ],
        [
          216,
          204
        ],
        [
          208,
          205
        ],
        [
          193,
          205
        ]
      ]
    },
    {
      "elevation": 425,
      "elevation_bbox_pixels": [
        288.54926095994796,
        206.56511188229723,
        41.53511120512451,
        24.022284519370828
      ],
      "contour_line_pixels": [
        [
          504,
          273
        ],
        [
          512,
          273
        ],
        [
          504,
          273
        ],
        [
          489,
          272
        ],
        [
          482,
          269
        ],
        [
          486,
          261
        ],
        [
          489,
          257
        ],
        [
          490,
          253
        ],
        [
          495,
          244
        ],
        [
          491,
          236
        ],
        [
          489,
          232
        ],
        [
          486,
          228
        ],
        [
          486,
          220
        ],
        [
          489,
          212
        ],
        [
          489,
          212
        ],
        [
          504,
          204
        ],
        [
          504,
          204
        ],
        [
          512,
          204
        ]
      ]
    },
    {
      "elevation": 450,
      "elevation_bbox_pixels": [
        181.07766056261562,
        135.44746759813796,
        44.340692430968375,
        20.480480149145137
      ],
      "contour_line_pixels": []
    },
    {
      "elevation": 425,
      "elevation_bbox_pixels": [
        194.51821417556846,
        32.162098986431204,
        55.23120803830557,
        29.11759707753697
      ],
      "contour_line_pixels": []
    },
    {
      "elevation": 375,
      "elevation_bbox_pixels": [
        276.12482084750786,
        341.4227385356046,
        40.338139313404554,
        20.431121894307182
      ],
      "contour_line_pixels": [
        [
          512,
          336
        ],
        [
          504,
          336
        ],
        [
          489,
          338
        ],
        [
          473,
          341
        ],
        [
          458,
          343
        ],
        [
          458,
          343
        ],
        [
          442,
          343
        ],
        [
          427,
          351
        ],
        [
          442,
          355
        ],
        [
          447,
          359
        ],
        [
          458,
          362
        ],
        [
          473,
          367
        ],
        [
          473,
          367
        ],
        [
          489,
          369
        ],
        [
          504,
          371
        ],
        [
          512,
          371
        ],
        [
          504,
          371
        ]
      ]
    },
    {
      "elevation": 400,
      "elevation_bbox_pixels": [
        239.56788285248447,
        381.10129384696774,
        37.65444023135703,
        20.814583129942207
      ],