{
  "image": {
    "path": "N63E016_0607.png",
    "size": {
      "height": 512,
      "width": 512
    }
  },
  "labels": [
    {
      "elevation": 325,
      "elevation_bbox_pixels": [
        290.8833844584211,
        143.7859188357923,
        27.191577109059608,
        14.203831244707885
      ],
      "contour_line_pixels": [
        [
          208,
          124
        ],
        [
          192,
          117
        ],
        [
          184,
          108
        ],
        [
          174,
          100
        ],
        [
          178,
          84
        ],
        [
          184,
          79
        ],
        [
          208,
          70
        ],
        [
          232,
          67
        ],
        [
          233,
          67
        ],
        [
          233,
          67
        ],
        [
          257,
          69
        ],
        [
          281,
          70
        ],
        [
          306,
          72
        ],
        [
          330,
          74
        ],
        [
          354,
          81
        ],
        [
          361,
          84
        ],
        [
          379,
          90
        ],
        [
          403,
          97
        ],
        [
          409,
          100
        ],
        [
          428,
          110
        ],
        [
          440,
          117
        ],
        [
          452,
          128
        ],
        [
          458,
          133
        ],
        [
          452,
          139
        ],
        [
          428,
          150
        ],
        [
          428,
          150
        ],
        [
          403,
          151
        ],
        [
          379,
          151
        ],
        [
          354,
          152
        ],
        [
          338,
          150
        ],
        [
          330,
          149
        ],
        [
          306,
          148
        ],
        [
          281,
          146
        ],
        [
          257,
          139
        ],
        [
          233,
          133
        ],
        [
          233,
          133
        ],
        [
          208,
          124
        ]
      ]
    },
    {
      "elevation": 300,
      "elevation_bbox_pixels": [
        189.0207506454383,
        -8.814093223161308,
        48.18037319286799,
        29.313281651294346
      ],
      "contour_line_pixels": []
    },
    {
      "elevation": 275,
      "elevation_bbox_pixels": [
        217.4018346384562,
        146.5462319265174,
        57.03184904719501,
        33.04884147391499
      ],
      "contour_line_pixels": []
    },
    {
      "elevation": 300,
      "elevation_bbox_pixels": [
        308.3659165434302,
        336.6263679669088,
        43.25896122453355,
        21.38936091394379
      ],
      "contour_line_pixels": []
    },
    {
      "elevation": 275,
      "elevation_bbox_pixels": [
        286.25460684120395,
        364.1138047976092,
        37.56896573127767,
        19.88281248935533
      ],
      "contour_line_pixels": []
    },
    {
      "elevation": 250,
      "elevation_bbox_pixels": [
        149.95186611667884,
        448.2426735159439,
        55.037211096411966,
        34.686378834496935
      ],
      "contour_line_pixels": [
        [
          0,
          465
        ],
        [
          1,
          466
        ],
        [
          0,
          466
        ]
      ]
    },
    {
      "elevation": 225,
      "elevation_bbox_pixels": [
        197.67205007785284,
        187.24743209829933,
        48.53798353274948,
        32.47907766179355
      ],
      "contour_line_pixels": [
        [
          0,
          389
        ],
        [
          13,
          391
        ],
        [
          38,
          394
        ],
        [
          62,
          399
        ],
        [
          62,
          399
        ],
        [
          87,
          404
        ],
        [
          111,
          409
        ],
        [
          135,
          416
        ],
        [
          136,
          416
        ],
        [
          160,
          420
        ],
        [
          184,
          425
        ],
        [
          208,
          428
        ],
        [
          233,
          426
        ],
        [
          251,
          416
        ],
        [
          240,
          399
        ],
        [
          233,
          394
        ],
        [
          219,
          383
        ],
        [
          208,
          375
        ],
        [
          194,
          366
        ],
        [
          184,
          353
        ],
        [
          179,
          349
        ],
        [
          166,
          333
        ],
        [
          160,
          322
        ],
        [
          155,
          316
        ],
        [
          152,
          299
        ],
        [
          135,
          286
        ],
        [
          130,
          283
        ],
        [
          127,
          266
        ],
        [
          135,
          255
        ],
        [
          140,
          250
        ],
        [
          159,
          233
        ],
        [
          160,
          233
        ],
        [
          164,
          216
        ],
        [
          160,
          213
        ],
        [
          140,
          200
        ],
        [
          135,
          198
        ],
        [
          114,
          183
        ],
        [
          111,
          182
        ],
        [
          87,
          175
        ],
        [
          66,
          167
        ],
        [
          62,
          166
        ],
        [
          38,
          162
        ],
        [
          13,
          157
        ],
        [
          1,
          150
        ],
        [
          0,
          150
        ]
      ]
    }
  ]
}