{
  "image": {
    "path": "N63E016_0481.png",
    "size": {
      "height": 512,
      "width": 512
    }
  },
  "labels": [
    {
      "elevation": 250,
      "elevation_bbox_pixels": [
        76.58987505098352,
        204.6944563143424,
        33.142417084332294,
        20.58884689789204
      ],
      "contour_line_pixels": [
        [
          0,
          206
        ],
        [
          2,
          207
        ],
        [
          18,
          211
        ],
        [
          34,
          217
        ],
        [
          38,
          221
        ],
        [
          34,
          228
        ],
        [
          18,
          230
        ],
        [
          2,
          230
        ],
        [
          0,
          230
        ]
      ]
    },
    {
      "elevation": 125,
      "elevation_bbox_pixels": [
        238.25042098964957,
        35.163428891194485,
        49.39473113631743,
        26.35891101234506
      ],
      "contour_line_pixels": []
    },
    {
      "elevation": 150,
      "elevation_bbox_pixels": [
        307.05987677135437,
        165.61086173195474,
        38.97988838760318,
        21.33161694504156
      ],
      "contour_line_pixels": []
    },
    {
      "elevation": 175,
      "elevation_bbox_pixels": [
        335.2988604926345,
        344.24896124685694,
        59.80667548088513,
        32.595061858546956
      ],
      "contour_line_pixels": [
        [
          66,
          0
        ],
        [
          67,
          1
        ],
        [
          83,
          12
        ],
        [
          91,
          17
        ],
        [
          99,
          22
        ],
        [
          116,
          32
        ],
        [
          132,
          42
        ],
        [
          132,
          42
        ],
        [
          148,
          65
        ],
        [
          151,
          68
        ],
        [
          155,
          93
        ],
        [
          164,
          106
        ],
        [
          174,
          119
        ],
        [
          181,
          129
        ],
        [
          190,
          145
        ],
        [
          197,
          153
        ],
        [
          213,
          163
        ],
        [
          229,
          170
        ],
        [
          230,
          170
        ],
        [
          246,
          180
        ],
        [
          262,
          191
        ],
        [
          270,
          196
        ],
        [
          278,
          199
        ],
        [
          295,
          207
        ],
        [
          311,
          213
        ],
        [
          327,
          219
        ],
        [
          330,
          221
        ],
        [
          343,
          238
        ],
        [
          349,
          247
        ],
        [
          360,
          272
        ],
        [
          360,
          273
        ],
        [
          368,
          298
        ],
        [
          368,
          324
        ],
        [
          376,
          337
        ],
        [
          392,
          349
        ],
        [
          392,
          349
        ],
        [
          408,
          360
        ],
        [
          425,
          366
        ],
        [
          441,
          375
        ],
        [
          441,
          375
        ],
        [
          457,
          396
        ],
        [
          460,
          401
        ],
        [
          461,
          426
        ],
        [
          457,
          429
        ],
        [
          441,
          452
        ],
        [
          441,
          452
        ],
        [
          425,
          477
        ],
        [
          425,
          503
        ],
        [
          435,
          512
        ]
      ]
    },
    {
      "elevation": 200,
      "elevation_bbox_pixels": [
        123.70107597036353,
        175.44945244706526,
        32.05199185678602,
        17.03285549662428
      ],
      "contour_line_pixels": [
        [
          0,
          97
        ],
        [
          2,
          97
        ],
        [
          18,
          98
        ],
        [
          34,
          118
        ],
        [
          35,
          119
        ],
        [
          50,
          132
        ],
        [
          59,
          145
        ],
        [
          67,
          157
        ],
        [
          75,
          170
        ],
        [
          83,
          173
        ],
        [
          99,
          191
        ],
        [
          107,
          196
        ],
        [
          116,
          198
        ],
        [
          132,
          206
        ],
        [
          148,
          213
        ],
        [
          164,
          221
        ],
        [
          165,
          221
        ],
        [
          181,
          229
        ],
        [
          197,
          237
        ],
        [
          208,
          247
        ],
        [
          213,
          255
        ],
        [
          221,
          273
        ],
        [
          213,
          285
        ],
        [
          205,
          298
        ],
        [
          197,
          308
        ],
        [
          185,
          324
        ],
        [
          181,
          349
        ],
        [
          197,
          353
        ],
        [
          213,
          360
        ],
        [
          229,
          372
        ],
        [
          246,
          375
        ],
        [
          246,
          375
        ],
        [
          262,
          381
        ],
        [
          278,
          394
        ],
        [
          295,
          400
        ],
        [
          295,
          401
        ],
        [
          300,
          426
        ],
        [
          300,
          452
        ],
        [
          295,
          465
        ],
        [
          279,
          477
        ],
        [
          278,
          503
        ],
        [
          284,
          512
        ]
      ]
    },
    {
      "elevation": 225,
      "elevation_bbox_pixels": [
        119.68557694546027,
        373.1055967153553,
        43.00854089517682,
        27.73237663599849
      ],
      "contour_line_pixels": [
        [
          0,
          149
        ],
        [
          2,
          150
        ],
        [
          18,
          158
        ],
        [
          27,
          170
        ],
        [
          34,
          180
        ],
        [
          45,
          196
        ],
        [
          50,
          201
        ],
        [
          67,
          209
        ],
        [
          79,
          221
        ],
        [
          83,
          226
        ],
        [
          99,
          244
        ],
        [
          103,
          247
        ],
        [
          116,
          272
        ],
        [
          116,
          273
        ],
        [
          124,
          298
        ],
        [
          116,
          311
        ],
        [
          110,
          324
        ],
        [
          99,
          337
        ],
        [
          91,
          349
        ],
        [
          91,
          375
        ],
        [
          99,
          400
        ],
        [
          100,
          401
        ],
        [
          100,
          426
        ],
        [
          99,
          427
        ],
        [
          91,
          452
        ],
        [
          91,
          477
        ],
        [
          94,
          503
        ],
        [
          96,
          512
        ]
      ]
    }
  ]
}