{
  "image": {
    "path": "N63E016_1591.png",
    "size": {
      "height": 512,
      "width": 512
    }
  },
  "labels": [
    {
      "elevation": 300,
      "elevation_bbox_pixels": [
        485.1889120125826,
        148.63193477069956,
        29.99455203139746,
        15.743756532967154
      ],
      "contour_line_pixels": [
        [
          512,
          131
        ],
        [
          511,
          130
        ],
        [
          502,
          73
        ],
        [
          502,
          72
        ],
        [
          489,
          14
        ],
        [
          489,
          14
        ],
        [
          486,
          0
        ]
      ]
    },
    {
      "elevation": 275,
      "elevation_bbox_pixels": [
        337.70573718021376,
        297.6970554056569,
        49.84341540567607,
        30.096442825721397
      ],
      "contour_line_pixels": [
        [
          512,
          414
        ],
        [
          502,
          400
        ],
        [
          489,
          390
        ],
        [
          476,
          380
        ],
        [
          463,
          390
        ],
        [
          450,
          390
        ],
        [
          437,
          400
        ],
        [
          424,
          419
        ],
        [
          424,
          419
        ],
        [
          411,
          419
        ],
        [
          410,
          419
        ],
        [
          398,
          405
        ],
        [
          384,
          390
        ],
        [
          371,
          376
        ],
        [
          358,
          362
        ],
        [
          358,
          361
        ],
        [
          345,
          347
        ],
        [
          332,
          323
        ],
        [
          319,
          304
        ],
        [
          319,
          303
        ],
        [
          306,
          284
        ],
        [
          293,
          246
        ],
        [
          292,
          245
        ],
        [
          280,
          231
        ],
        [
          266,
          217
        ],
        [
          253,
          202
        ],
        [
          247,
          188
        ],
        [
          240,
          176
        ],
        [
          227,
          159
        ],
        [
          214,
          149
        ],
        [
          201,
          130
        ],
        [
          201,
          130
        ],
        [
          188,
          101
        ],
        [
          175,
          72
        ],
        [
          175,
          72
        ],
        [
          162,
          37
        ],
        [
          148,
          14
        ],
        [
          148,
          14
        ],
        [
          140,
          0
        ]
      ]
    },
    {
      "elevation": 250,
      "elevation_bbox_pixels": [
        69.68700362177046,
        215.03593919223914,
        44.90577624098508,
        23.583210209705044
      ],
      "contour_line_pixels": [
        [
          251,
          512
        ],
        [
          240,
          491
        ],
        [
          231,
          477
        ],
        [
          227,
          472
        ],
        [
          214,
          461
        ],
        [
          201,
          445
        ],
        [
          188,
          419
        ],
        [
          188,
          419
        ],
        [
          175,
          373
        ],
        [
          173,
          361
        ],
        [
          162,
          323
        ],
        [
          152,
          303
        ],
        [
          148,
          298
        ],
        [
          135,
          285
        ],
        [
          122,
          277
        ],
        [
          109,
          260
        ],
        [
          103,
          245
        ],
        [
          96,
          217
        ],
        [
          89,
          188
        ],
        [
          83,
          171
        ],
        [
          70,
          144
        ],
        [
          63,
          130
        ],
        [
          57,
          113
        ],
        [
          44,
          91
        ],
        [
          34,
          72
        ],
        [
          31,
          65
        ],
        [
          17,
          50
        ],
        [
          4,
          31
        ],
        [
          0,
          25
        ]
      ]
    },
    {
      "elevation": 225,
      "elevation_bbox_pixels": [
        41.797982399083445,
        317.43617659656445,
        41.36424365111301,
        24.835198772361025
      ],
      "contour_line_pixels": [
        [
          109,
          512
        ],
        [
          109,
          512
        ],
        [
          96,
          477
        ],
        [
          96,
          477
        ],
        [
          83,
          454
        ],
        [
          70,
          419
        ],
        [
          70,
          419
        ],
        [
          57,
          384
        ],
        [
          50,
          361
        ],
        [
          44,
          345
        ],
        [
          31,
          304
        ],
        [
          30,
          303
        ],
        [
          20,
          245
        ],
        [
          17,
          237
        ],
        [
          4,
          197
        ],
        [
          0,
          188
        ]
      ]
    }
  ]
}