{
  "image": {
    "path": "N63E016_0941.png",
    "size": {
      "height": 512,
      "width": 512
    }
  },
  "labels": [
    {
      "elevation": 425,
      "elevation_bbox_pixels": [
        349.3169344022141,
        405.00891730483,
        51.04203411914091,
        28.76125614782177
      ],
      "contour_line_pixels": [
        [
          512,
          437
        ],
        [
          496,
          427
        ],
        [
          487,
          421
        ],
        [
          486,
          385
        ],
        [
          496,
          382
        ],
        [
          512,
          379
        ]
      ]
    },
    {
      "elevation": 400,
      "elevation_bbox_pixels": [
        323.66328571654213,
        442.9719716119114,
        47.09430651822947,
        27.137872710917293
      ],
      "contour_line_pixels": [
        [
          512,
          507
        ],
        [
          496,
          493
        ],
        [
          496,
          492
        ],
        [
          465,
          471
        ],
        [
          434,
          457
        ],
        [
          434,
          457
        ],
        [
          403,
          451
        ],
        [
          373,
          433
        ],
        [
          362,
          421
        ],
        [
          342,
          397
        ],
        [
          334,
          385
        ],
        [
          342,
          381
        ],
        [
          373,
          362
        ],
        [
          403,
          352
        ],
        [
          419,
          349
        ],
        [
          434,
          347
        ],
        [
          465,
          341
        ],
        [
          496,
          345
        ],
        [
          512,
          348
        ]
      ]
    },
    {
      "elevation": 375,
      "elevation_bbox_pixels": [
        239.588059824791,
        271.2527280961451,
        37.944796142834775,
        21.432304738218193
      ],
      "contour_line_pixels": []
    },
    {
      "elevation": 325,
      "elevation_bbox_pixels": [
        298.86725027344295,
        104.16396416690594,
        60.78400144440377,
        35.953229198894974
      ],
      "contour_line_pixels": [
        [
          0,
          20
        ],
        [
          1,
          20
        ],
        [
          32,
          17
        ],
        [
          63,
          17
        ],
        [
          94,
          19
        ],
        [
          125,
          20
        ],
        [
          156,
          21
        ],
        [
          187,
          25
        ],
        [
          191,
          26
        ],
        [
          218,
          35
        ],
        [
          249,
          42
        ],
        [
          280,
          55
        ],
        [
          293,
          62
        ],
        [
          311,
          69
        ],
        [
          342,
          87
        ],
        [
          363,
          98
        ],
        [
          373,
          104
        ],
        [
          403,
          126
        ],
        [
          421,
          134
        ],
        [
          434,
          142
        ],
        [
          465,
          152
        ],
        [
          496,
          152
        ],
        [
          512,
          151
        ]
      ]
    },
    {
      "elevation": 350,
      "elevation_bbox_pixels": [
        225.15966198021619,
        65.48707085607396,
        50.238538064554746,
        30.61783383801935
      ],
      "contour_line_pixels": [
        [
          0,
          56
        ],
        [
          1,
          55
        ],
        [
          32,
          53
        ],
        [
          63,
          51
        ],
        [
          94,
          50
        ],
        [
          125,
          52
        ],
        [
          156,
          57
        ],
        [
          181,
          62
        ],
        [
          187,
          64
        ],
        [
          218,
          73
        ],
        [
          249,
          82
        ],
        [
          280,
          98
        ],
        [
          280,
          98
        ],
        [
          311,
          110
        ],
        [
          342,
          130
        ],
        [
          347,
          134
        ],
        [
          373,
          163
        ],
        [
          379,
          170
        ],
        [
          403,
          202
        ],
        [
          407,
          206
        ],
        [
          434,
          225
        ],
        [
          465,
          228
        ],
        [
          496,
          230
        ],
        [
          512,
          230
        ]
      ]
    },
    {
      "elevation": 300,
      "elevation_bbox_pixels": [
        265.6770841882052,
        20.614011612428385,
        58.354105626707906,
        35.95227903186151
      ],
      "contour_line_pixels": [
        [
          222,
          0
        ],
        [
          249,
          5
        ],
        [
          280,
          13
        ],
        [
          311,
          26
        ],
        [
          311,
          26
        ],
        [
          342,
          44
        ],
        [
          373,
          58
        ],
        [
          379,
          62
        ],
        [
          403,
          77
        ],
        [
          434,
          86
        ],
        [
          465,
          90
        ],
        [
          496,
          91
        ],
        [
          512,
          90
        ]
      ]
    }
  ]
}