{
  "image": {
    "path": "N63E016_0682.png",
    "size": {
      "height": 512,
      "width": 512
    }
  },
  "labels": [
    {
      "elevation": 275,
      "elevation_bbox_pixels": [
        450.6341731797802,
        87.32654455932504,
        46.57483813962608,
        21.060503184335403
      ],
      "contour_line_pixels": []
    },
    {
      "elevation": 200,
      "elevation_bbox_pixels": [
        105.84200508166835,
        416.9906588582388,
        44.3014530835993,
        23.576854646378905
      ],
      "contour_line_pixels": [
        [
          96,
          512
        ],
        [
          97,
          511
        ],
        [
          108,
          506
        ],
        [
          120,
          504
        ],
        [
          132,
          496
        ],
        [
          132,
          465
        ],
        [
          120,
          458
        ],
        [
          108,
          434
        ],
        [
          108,
          433
        ],
        [
          97,
          413
        ],
        [
          91,
          402
        ],
        [
          85,
          392
        ],
        [
          73,
          372
        ],
        [
          62,
          371
        ],
        [
          50,
          387
        ],
        [
          38,
          379
        ],
        [
          27,
          371
        ],
        [
          15,
          371
        ],
        [
          15,
          371
        ],
        [
          3,
          340
        ],
        [
          3,
          340
        ],
        [
          0,
          327
        ]
      ]
    },
    {
      "elevation": 225,
      "elevation_bbox_pixels": [
        185.55467081426812,
        402.4282658901494,
        46.85317667052044,
        27.422850827135107
      ],
      "contour_line_pixels": [
        [
          271,
          512
        ],
        [
          264,
          496
        ],
        [
          260,
          491
        ],
        [
          249,
          478
        ],
        [
          239,
          465
        ],
        [
          237,
          463
        ],
        [
          225,
          457
        ],
        [
          214,
          454
        ],
        [
          202,
          437
        ],
        [
          200,
          433
        ],
        [
          190,
          427
        ],
        [
          179,
          417
        ],
        [
          170,
          402
        ],
        [
          167,
          399
        ],
        [
          155,
          393
        ],
        [
          143,
          386
        ],
        [
          135,
          371
        ],
        [
          132,
          365
        ],
        [
          120,
          359
        ],
        [
          108,
          347
        ],
        [
          105,
          340
        ],
        [
          97,
          330
        ],
        [
          85,
          321
        ],
        [
          73,
          314
        ],
        [
          62,
          312
        ],
        [
          50,
          309
        ],
        [
          50,
          309
        ],
        [
          38,
          300
        ],
        [
          27,
          284
        ],
        [
          24,
          278
        ],
        [
          15,
          259
        ],
        [
          9,
          246
        ],
        [
          3,
          244
        ],
        [
          0,
          243
        ]
      ]
    },
    {
      "elevation": 250,
      "elevation_bbox_pixels": [
        273.7862686989568,
        344.95423980828923,
        53.57405290670556,
        27.935796490337964
      ],
      "contour_line_pixels": [
        [
          512,
          461
        ],
        [
          506,
          457
        ],
        [
          494,
          449
        ],
        [
          482,
          441
        ],
        [
          471,
          434
        ],
        [
          470,
          433
        ],
        [
          459,
          423
        ],
        [
          447,
          418
        ],
        [
          436,
          423
        ],
        [
          424,
          426
        ],
        [
          412,
          425
        ],
        [
          401,
          422
        ],
        [
          389,
          417
        ],
        [
          377,
          413
        ],
        [
          365,
          407
        ],
        [
          363,
          402
        ],
        [
          354,
          391
        ],
        [
          342,
          385
        ],
        [
          330,
          381
        ],
        [
          319,
          379
        ],
        [
          307,
          378
        ],
        [
          295,
          380
        ],
        [
          284,
          387
        ],
        [
          272,
          387
        ],
        [
          260,
          392
        ],
        [
          249,
          391
        ],
        [
          237,
          393
        ],
        [
          225,
          393
        ],
        [
          214,
          394
        ],
        [
          202,
          394
        ],
        [
          190,
          391
        ],
        [
          179,
          384
        ],
        [
          167,
          375
        ],
        [
          163,
          371
        ],
        [
          155,
          350
        ],
        [
          151,
          340
        ],
        [
          143,
          323
        ],
        [
          135,
          309
        ],
        [
          132,
          303
        ],
        [
          120,
          288
        ],
        [
          112,
          278
        ],
        [
          108,
          272
        ],
        [
          97,
          257
        ],
        [
          90,
          246
        ],
        [
          85,
          241
        ],
        [
          73,
          234
        ],
        [
          62,
          230
        ],
        [
          50,
          226
        ],
        [
          38,
          222
        ],
        [
          27,
          217
        ],
        [
          24,
          215
        ],
        [
          15,
          211
        ],
        [
          3,
          208
        ],
        [
          0,
          207
        ]
      ]
    }
  ]
}