{
  "image": {
    "path": "N63E016_0580.png",
    "size": {
      "height": 512,
      "width": 512
    }
  },
  "labels": [
    {
      "elevation": 325,
      "elevation_bbox_pixels": [
        295.2256675048372,
        115.12857430034569,
        58.236384082040445,
        34.82814039658251
      ],
      "contour_line_pixels": [
        [
          512,
          148
        ],
        [
          512,
          148
        ],
        [
          512,
          148
        ],
        [
          492,
          135
        ],
        [
          492,
          135
        ],
        [
          473,
          122
        ],
        [
          473,
          122
        ],
        [
          466,
          110
        ],
        [
          466,
          97
        ],
        [
          473,
          91
        ],
        [
          479,
          84
        ],
        [
          492,
          76
        ],
        [
          502,
          71
        ],
        [
          512,
          68
        ],
        [
          512,
          68
        ]
      ]
    },
    {
      "elevation": 400,
      "elevation_bbox_pixels": [
        167.66963649370064,
        363.35106039158137,
        57.25557405683685,
        35.7535469086082
      ],
      "contour_line_pixels": [
        [
          4,
          377
        ],
        [
          4,
          376
        ],
        [
          4,
          376
        ],
        [
          23,
          364
        ],
        [
          24,
          364
        ],
        [
          43,
          364
        ],
        [
          63,
          364
        ],
        [
          63,
          364
        ],
        [
          82,
          376
        ],
        [
          82,
          376
        ],
        [
          82,
          376
        ],
        [
          63,
          380
        ],
        [
          43,
          383
        ],
        [
          24,
          383
        ],
        [
          4,
          377
        ]
      ]
    },
    {
      "elevation": 425,
      "elevation_bbox_pixels": [
        257.7064511393278,
        479.42395698928385,
        30.29825771261949,
        18.496113807947964
      ],
      "contour_line_pixels": [
        [
          296,
          512
        ],
        [
          281,
          503
        ],
        [
          297,
          491
        ],
        [
          297,
          491
        ],
        [
          317,
          488
        ],
        [
          336,
          488
        ],
        [
          356,
          487
        ],
        [
          375,
          484
        ],
        [
          395,
          484
        ],
        [
          414,
          484
        ],
        [
          434,
          490
        ],
        [
          436,
          491
        ],
        [
          453,
          498
        ],
        [
          470,
          503
        ],
        [
          473,
          510
        ],
        [
          475,
          512
        ]
      ]
    },
    {
      "elevation": 400,
      "elevation_bbox_pixels": [
        154.55697482801327,
        488.94538596414753,
        54.92700212553041,
        28.804163971631255
      ],
      "contour_line_pixels": [
        [
          0,
          503
        ],
        [
          4,
          503
        ],
        [
          5,
          503
        ],
        [
          4,
          504
        ],
        [
          0,
          506
        ]
      ]
    },
    {
      "elevation": 400,
      "elevation_bbox_pixels": [
        274.96146595911887,
        450.1493784928816,
        38.1342533297684,
        21.577365688442995
      ],
      "contour_line_pixels": [
        [
          213,
          512
        ],
        [
          211,
          503
        ],
        [
          212,
          491
        ],
        [
          217,
          478
        ],
        [
          219,
          477
        ],
        [
          239,
          472
        ],
        [
          258,
          465
        ],
        [
          258,
          465
        ],
        [
          278,
          464
        ],
        [
          297,
          463
        ],
        [
          317,
          463
        ],
        [
          336,
          463
        ],
        [
          356,
          461
        ],
        [
          375,
          461
        ],
        [
          395,
          461
        ],
        [
          414,
          463
        ],
        [
          434,
          465
        ],
        [
          434,
          465
        ],
        [
          453,
          476
        ],
        [
          458,
          478
        ],
        [
          473,
          484
        ],
        [
          492,
          490
        ],
        [
          496,
          491
        ],
        [
          512,
          498
        ],
        [
          512,
          498
        ]
      ]
    },
    {
      "elevation": 350,
      "elevation_bbox_pixels": [
        258.5154070673238,
        406.3306845201966,
        48.961123873755355,
        28.114136833679908
      ],