{
  "image": {
    "path": "N63E016_0956.png",
    "size": {
      "height": 512,
      "width": 512
    }
  },
  "labels": [
    {
      "elevation": 300,
      "elevation_bbox_pixels": [
        184.23724696286885,
        15.544709041110423,
        25.053202375287867,
        15.06642094421909
      ],
      "contour_line_pixels": [
        [
          26,
          0
        ],
        [
          35,
          5
        ],
        [
          35,
          5
        ],
        [
          58,
          19
        ],
        [
          81,
          19
        ],
        [
          81,
          19
        ],
        [
          81,
          19
        ],
        [
          58,
          19
        ],
        [
          35,
          22
        ],
        [
          11,
          26
        ],
        [
          0,
          29
        ]
      ]
    },
    {
      "elevation": 350,
      "elevation_bbox_pixels": [
        168.79571434977598,
        262.829115228367,
        45.5217164394291,
        29.385060638211712
      ],
      "contour_line_pixels": [
        [
          0,
          273
        ],
        [
          11,
          277
        ],
        [
          12,
          277
        ],
        [
          11,
          277
        ],
        [
          0,
          280
        ]
      ]
    },
    {
      "elevation": 350,
      "elevation_bbox_pixels": [
        266.30317709691144,
        240.31076323397173,
        58.858176867154725,
        32.97121744895924
      ],
      "contour_line_pixels": [
        [
          463,
          291
        ],
        [
          452,
          292
        ],
        [
          428,
          293
        ],
        [
          405,
          292
        ],
        [
          394,
          291
        ],
        [
          382,
          289
        ],
        [
          359,
          282
        ],
        [
          347,
          277
        ],
        [
          359,
          268
        ],
        [
          367,
          263
        ],
        [
          382,
          260
        ],
        [
          405,
          257
        ],
        [
          428,
          258
        ],
        [
          444,
          263
        ],
        [
          452,
          266
        ],
        [
          475,
          269
        ],
        [
          498,
          276
        ],
        [
          500,
          277
        ],
        [
          498,
          279
        ],
        [
          475,
          289
        ],
        [
          463,
          291
        ]
      ]
    },
    {
      "elevation": 325,
      "elevation_bbox_pixels": [
        194.64189623550863,
        228.86976854539978,
        49.10915936064089,
        25.64813453514057
      ],
      "contour_line_pixels": []
    },
    {
      "elevation": 300,
      "elevation_bbox_pixels": [
        224.75730707986952,
        195.18294556810707,
        49.879885151164444,
        26.478890727289013
      ],
      "contour_line_pixels": [
        [
          0,
          174
        ],
        [
          11,
          179
        ],
        [
          23,
          182
        ],
        [
          35,
          189
        ],
        [
          40,
          196
        ],
        [
          58,
          209
        ],
        [
          58,
          209
        ],
        [
          81,
          214
        ],
        [
          104,
          216
        ],
        [
          127,
          211
        ],
        [
          139,
          209
        ],
        [
          150,
          207
        ],
        [
          174,
          203
        ],
        [
          197,
          204
        ],
        [
          220,
          208
        ],
        [
          243,
          209
        ],
        [
          266,
          209
        ],
        [
          266,
          209
        ],
        [
          289,
          212
        ],
        [
          313,
          212
        ],
        [
          336,
          210
        ],
        [
          359,
          210
        ],
        [
          382,
          210
        ],
        [
          405,
          210
        ],
        [
          421,
          209
        ],
        [
          428,
          208
        ],
        [
          452,
          205
        ],
        [
          475,
          205
        ],
        [
          498,
          208
        ],
        [
          503,
          209
        ],
        [
          512,
          213
        ]
      ]
    },
    {
      "elevation": 275,
      "elevation_bbox_pixels": [
        270.7023236183688,
        99.67743843682217,
        45.128339769533,
        26.125401784337782
      ],
      "contour_line_pixels": []
    }
  ]
}