{
  "image": {
    "path": "N63E016_1261.png",
    "size": {
      "height": 512,
      "width": 512
    }
  },
  "labels": [
    {
      "elevation": 450,
      "elevation_bbox_pixels": [
        89.62695779947617,
        119.39868286902163,
        61.631587912574275,
        30.82384342796945
      ],
      "contour_line_pixels": [
        [
          0,
          127
        ],
        [
          15,
          143
        ],
        [
          0,
          150
        ]
      ]
    },
    {
      "elevation": 400,
      "elevation_bbox_pixels": [
        216.19958841299007,
        214.6365213655846,
        50.41683767167717,
        28.916525895525183
      ],
      "contour_line_pixels": [
        [
          0,
          62
        ],
        [
          28,
          66
        ],
        [
          57,
          72
        ],
        [
          57,
          72
        ],
        [
          85,
          86
        ],
        [
          114,
          98
        ],
        [
          143,
          108
        ],
        [
          143,
          108
        ],
        [
          172,
          124
        ],
        [
          191,
          143
        ],
        [
          201,
          155
        ],
        [
          227,
          179
        ],
        [
          230,
          185
        ],
        [
          259,
          212
        ],
        [
          266,
          215
        ],
        [
          259,
          220
        ],
        [
          230,
          229
        ],
        [
          201,
          233
        ],
        [
          172,
          235
        ],
        [
          143,
          236
        ],
        [
          114,
          237
        ],
        [
          85,
          242
        ],
        [
          57,
          245
        ],
        [
          28,
          251
        ],
        [
          28,
          287
        ],
        [
          57,
          299
        ],
        [
          85,
          311
        ],
        [
          114,
          323
        ],
        [
          114,
          323
        ],
        [
          114,
          323
        ],
        [
          85,
          331
        ],
        [
          57,
          332
        ],
        [
          28,
          336
        ],
        [
          0,
          346
        ]
      ]
    },
    {
      "elevation": 375,
      "elevation_bbox_pixels": [
        124.23361759780713,
        379.60224790882256,
        30.060024590999035,
        18.23323544185736
      ],
      "contour_line_pixels": []
    },
    {
      "elevation": 350,
      "elevation_bbox_pixels": [
        350.30663801853655,
        314.08827591569593,
        50.37511180139859,
        28.170288250344527
      ],
      "contour_line_pixels": []
    },
    {
      "elevation": 325,
      "elevation_bbox_pixels": [
        320.3247961607118,
        154.39793597697678,
        45.26435573230327,
        26.527765690806746
      ],
      "contour_line_pixels": [
        [
          183,
          0
        ],
        [
          201,
          9
        ],
        [
          230,
          18
        ],
        [
          252,
          36
        ],
        [
          259,
          41
        ],
        [
          288,
          49
        ],
        [
          314,
          72
        ],
        [
          316,
          74
        ],
        [
          343,
          108
        ],
        [
          345,
          110
        ],
        [
          374,
          143
        ],
        [
          374,
          143
        ],
        [
          403,
          159
        ],
        [
          432,
          179
        ],
        [
          432,
          179
        ],
        [
          461,
          188
        ],
        [
          490,
          200
        ],
        [
          512,
          209
        ]
      ]
    },
    {
      "elevation": 300,
      "elevation_bbox_pixels": [
        340.12053626401837,
        107.99790391298416,
        33.4912603366231,
        19.62243845275725
      ],
      "contour_line_pixels": [
        [
          269,
          0
        ],
        [
          288,
          4
        ],
        [
          316,
          23
        ],
        [
          339,
          36
        ],
        [
          345,
          38
        ],
        [
          374,
          56
        ],
        [
          399,
          72
        ],
        [
          403,
          76
        ],
        [
          432,
          107
        ],
        [
          432,
          108
        ],
        [
          461,
          140
        ],
        [
          466,
          143
        ],
        [
          490,
          155
        ],
        [
          512,
          169
        ]
      ]
    },
    {
      "elevation": 275,
      "elevation_bbox_pixels": [
        333.02222123178683,
        15.643641039651015,
        61.89496439390291,
        38.43763921518598
      ],
      "contour_line_pixels": [
        [
          391,
          0
        ],
        [
          403,
          9
        ],
        [
          432,
          24
        ],
        [
          456,
          36
        ],
        [
          461,
          42
        ],
        [
          479,
          72
        ],
        [
          490,
          85
        ],
        [
          512,
          101
        ]
      ]
    }
  ]
}