{
  "image": {
    "path": "N63E016_0187.png",
    "size": {
      "height": 512,
      "width": 512
    }
  },
  "labels": [
    {
      "elevation": 300,
      "elevation_bbox_pixels": [
        407.5548087670145,
        78.26989860243265,
        54.36569612340003,
        27.032658886777085
      ],
      "contour_line_pixels": [
        [
          512,
          101
        ],
        [
          481,
          97
        ],
        [
          417,
          70
        ],
        [
          353,
          17
        ],
        [
          335,
          0
        ]
      ]
    },
    {
      "elevation": 325,
      "elevation_bbox_pixels": [
        469.3896995270748,
        9.23971955221748,
        53.135976508235046,
        28.348373678985126
      ],
      "contour_line_pixels": [
        [
          512,
          6
        ],
        [
          481,
          1
        ],
        [
          480,
          0
        ]
      ]
    },
    {
      "elevation": 275,
      "elevation_bbox_pixels": [
        429.76586754799,
        208.33352639390642,
        35.51497296863943,
        18.52460033344994
      ],
      "contour_line_pixels": []
    },
    {
      "elevation": 250,
      "elevation_bbox_pixels": [
        253.69157365229518,
        226.85575739221179,
        60.0015195718114,
        33.00129880157306
      ],
      "contour_line_pixels": [
        [
          512,
          417
        ],
        [
          481,
          400
        ],
        [
          417,
          350
        ],
        [
          385,
          302
        ],
        [
          353,
          278
        ],
        [
          289,
          246
        ],
        [
          225,
          204
        ],
        [
          160,
          171
        ],
        [
          128,
          147
        ],
        [
          96,
          119
        ],
        [
          32,
          86
        ],
        [
          0,
          72
        ]
      ]
    }
  ]
}