{
  "image": {
    "path": "N63E016_1204.png",
    "size": {
      "height": 512,
      "width": 512
    }
  },
  "labels": [
    {
      "elevation": 350,
      "elevation_bbox_pixels": [
        268.17765483010874,
        55.00588289782161,
        31.901682616540484,
        21.389699641731795
      ],
      "contour_line_pixels": [
        [
          512,
          158
        ],
        [
          512,
          158
        ],
        [
          471,
          145
        ],
        [
          430,
          129
        ],
        [
          430,
          129
        ],
        [
          390,
          106
        ],
        [
          366,
          95
        ],
        [
          349,
          80
        ],
        [
          325,
          60
        ],
        [
          320,
          26
        ],
        [
          321,
          0
        ]
      ]
    },
    {
      "elevation": 325,
      "elevation_bbox_pixels": [
        241.09404444618025,
        121.85607400326643,
        38.361905563173536,
        24.27078520181351
      ],
      "contour_line_pixels": [
        [
          512,
          219
        ],
        [
          512,
          219
        ],
        [
          471,
          211
        ],
        [
          430,
          199
        ],
        [
          420,
          197
        ],
        [
          390,
          190
        ],
        [
          349,
          173
        ],
        [
          324,
          163
        ],
        [
          308,
          157
        ],
        [
          267,
          134
        ],
        [
          260,
          129
        ],
        [
          226,
          107
        ],
        [
          206,
          95
        ],
        [
          186,
          77
        ],
        [
          161,
          60
        ],
        [
          152,
          26
        ],
        [
          152,
          0
        ]
      ]
    },
    {
      "elevation": 300,
      "elevation_bbox_pixels": [
        266.7029505330369,
        216.3599586434733,
        33.189174721320455,
        20.67580258118437
      ],
      "contour_line_pixels": [
        [
          512,
          264
        ],
        [
          512,
          264
        ],
        [
          471,
          261
        ],
        [
          430,
          251
        ],
        [
          390,
          240
        ],
        [
          359,
          232
        ],
        [
          349,
          230
        ],
        [
          308,
          223
        ],
        [
          267,
          209
        ],
        [
          234,
          197
        ],
        [
          226,
          195
        ],
        [
          186,
          177
        ],
        [
          156,
          163
        ],
        [
          145,
          156
        ],
        [
          104,
          129
        ],
        [
          104,
          129
        ],
        [
          63,
          95
        ],
        [
          63,
          95
        ],
        [
          27,
          60
        ],
        [
          22,
          53
        ],
        [
          0,
          39
        ]
      ]
    },
    {
      "elevation": 275,
      "elevation_bbox_pixels": [
        201.74483062750673,
        222.6560163275651,
        31.49553467009656,
        17.58736268964867
      ],
      "contour_line_pixels": []
    },
    {
      "elevation": 275,
      "elevation_bbox_pixels": [
        176.01837598430635,
        405.74034994896755,
        36.046725104270706,
        21.247771360720094
      ],
      "contour_line_pixels": [
        [
          0,
          329
        ],
        [
          22,
          332
        ],
        [
          33,
          334
        ],
        [
          63,
          345
        ],
        [
          104,
          363
        ],
        [
          113,
          369
        ],
        [
          104,
          403
        ],
        [
          104,
          404
        ],
        [
          64,
          437
        ],
        [
          104,
          442
        ],
        [
          145,
          445
        ],
        [
          186,
          454
        ],
        [
          226,
          456
        ],
        [
          267,
          459
        ],
        [
          296,
          472
        ],
        [
          301,
          506
        ],
        [
          285,
          512
        ]
      ]
    }
  ]
}