{
  "image": {
    "path": "N63E016_0778.png",
    "size": {
      "height": 512,
      "width": 512
    }
  },
  "labels": [
    {
      "elevation": 275,
      "elevation_bbox_pixels": [
        173.28006705729064,
        60.16496091459203,
        41.62882441008685,
        25.05159715735772
      ],
      "contour_line_pixels": [
        [
          0,
          33
        ],
        [
          3,
          36
        ],
        [
          6,
          39
        ],
        [
          28,
          51
        ],
        [
          35,
          54
        ],
        [
          35,
          70
        ],
        [
          28,
          73
        ],
        [
          3,
          77
        ],
        [
          0,
          77
        ]
      ]
    },
    {
      "elevation": 250,
      "elevation_bbox_pixels": [
        287.8632982930192,
        48.79543581874697,
        54.23975590827865,
        33.86655635033492
      ],
      "contour_line_pixels": [
        [
          310,
          70
        ],
        [
          313,
          68
        ],
        [
          339,
          60
        ],
        [
          365,
          58
        ],
        [
          391,
          58
        ],
        [
          417,
          60
        ],
        [
          443,
          62
        ],
        [
          468,
          65
        ],
        [
          494,
          70
        ],
        [
          495,
          70
        ],
        [
          494,
          70
        ],
        [
          468,
          78
        ],
        [
          443,
          86
        ],
        [
          443,
          86
        ],
        [
          417,
          86
        ],
        [
          391,
          86
        ],
        [
          390,
          86
        ],
        [
          365,
          83
        ],
        [
          339,
          81
        ],
        [
          313,
          72
        ],
        [
          310,
          70
        ]
      ]
    },
    {
      "elevation": 250,
      "elevation_bbox_pixels": [
        237.07491935172442,
        391.92689542024675,
        32.82990308595174,
        20.444569458825583
      ],
      "contour_line_pixels": [
        [
          0,
          312
        ],
        [
          3,
          313
        ],
        [
          28,
          321
        ],
        [
          29,
          321
        ],
        [
          54,
          327
        ],
        [
          80,
          330
        ],
        [
          106,
          336
        ],
        [
          107,
          336
        ],
        [
          132,
          342
        ],
        [
          158,
          347
        ],
        [
          184,
          352
        ],
        [
          184,
          352
        ],
        [
          210,
          356
        ],
        [
          235,
          358
        ],
        [
          261,
          359
        ],
        [
          287,
          357
        ],
        [
          313,
          356
        ],
        [
          339,
          358
        ],
        [
          365,
          362
        ],
        [
          381,
          368
        ],
        [
          391,
          380
        ],
        [
          395,
          384
        ],
        [
          391,
          391
        ],
        [
          382,
          399
        ],
        [
          365,
          405
        ],
        [
          339,
          408
        ],
        [
          313,
          407
        ],
        [
          287,
          405
        ],
        [
          261,
          403
        ],
        [
          235,
          401
        ],
        [
          210,
          399
        ],
        [
          209,
          399
        ],
        [
          184,
          395
        ],
        [
          158,
          394
        ],
        [
          132,
          391
        ],
        [
          106,
          391
        ],
        [
          80,
          391
        ],
        [
          54,
          395
        ],
        [
          41,
          399
        ],
        [
          28,
          402
        ],
        [
          3,
          404
        ],
        [
          0,
          404
        ]
      ]
    },
    {
      "elevation": 225,
      "elevation_bbox_pixels": [
        231.33807256733678,
        473.2594621240146,
        40.96080435119279,
        21.734648656475628
      ],
      "contour_line_pixels": []
    },
    {
      "elevation": 200,
      "elevation_bbox_pixels": [
        200.3779044037451,
        221.98913377990306,
        35.22926095437742,
        20.92849991049036
      ],
      "contour_line_pixels": [
        [
          512,
          241
        ],
        [
          494,
          237
        ],
        [
          468,
          232
        ],
        [
          443,
          227
        ],
        [
          417,
          227
        ],
        [
          391,
          227
        ],
        [
          390,
          227
        ],
        [
          365,
          224
        ],
        [
          339,
          224
        ],
        [
          313,
          222
        ],
        [
          287,
          222
        ],
        [
          261,
          223
        ],
        [
          235,
          219
        ],
        [
          210,
          211
        ],
        [
          184,
          211
        ],
        [
          158,
          211
        ],
        [
          157,
          211
        ],
        [
          132,
          209
        ],
        [
          106,
          209
        ],
        [
          80,
          209
        ],
        [
          74,
          211
        ],
        [
          80,
          214
        ],
        [
          106,
          226
        ],
        [
          107,
          227
        ],
        [
          132,
          242
        ],
        [
          133,
          242
        ],
        [
          158,
          246
        ],
        [
          184,
          253
        ],
        [
          210,
          258
        ],
        [
          210,
          258
        ],
        [
          235,
          260
        ],
        [
          261,
          263
        ],
        [
          287,
          274
        ],
        [
          288,
          274
        ],
        [
          313,
          282
        ],
        [
          330,
          289
        ],
        [
          339,
          291
        ],
        [
          365,
          299
        ],
        [
          391,
          305
        ],
        [
          391,
          305
        ],
        [
          417,
          315
        ],
        [
          443,
          321
        ],
        [
          443,
          321
        ],
        [
          468,
          333
        ],
        [
          475,
          336
        ],
        [
          494,
          343
        ],
        [
          512,
          349
        ]
      ]
    },
    {
      "elevation": 225,
      "elevation_bbox_pixels": [
        226.68067931686306,
        154.05443469642813,
        46.570905378442035,
        25.60446804206515
      ],
      "contour_line_pixels": []
    }
  ]
}