{
  "image": {
    "path": "N63E016_1375.png",
    "size": {
      "height": 512,
      "width": 512
    }
  },
  "labels": [
    {
      "elevation": 350,
      "elevation_bbox_pixels": [
        -23.634229763064827,
        94.95243885941181,
        51.04203411914094,
        28.76125614782177
      ],
      "contour_line_pixels": [
        [
          0,
          27
        ],
        [
          1,
          30
        ],
        [
          2,
          82
        ],
        [
          0,
          127
        ]
      ]
    },
    {
      "elevation": 325,
      "elevation_bbox_pixels": [
        52.02994713331627,
        153.3944586533587,
        47.0943065182295,
        27.137872710917236
      ],
      "contour_line_pixels": []
    },
    {
      "elevation": 300,
      "elevation_bbox_pixels": [
        77.41781567527651,
        324.3684903941405,
        37.944796142834804,
        21.432304738218193
      ],
      "contour_line_pixels": [
        [
          118,
          0
        ],
        [
          109,
          30
        ],
        [
          109,
          30
        ],
        [
          102,
          82
        ],
        [
          101,
          134
        ],
        [
          100,
          186
        ],
        [
          109,
          229
        ],
        [
          113,
          238
        ],
        [
          109,
          247
        ],
        [
          99,
          290
        ],
        [
          96,
          342
        ],
        [
          97,
          394
        ],
        [
          98,
          446
        ],
        [
          95,
          498
        ],
        [
          93,
          512
        ]
      ]
    },
    {
      "elevation": 250,
      "elevation_bbox_pixels": [
        162.4108009920323,
        239.4951302650553,
        50.238538064554746,
        30.61783383801935
      ],
      "contour_line_pixels": [
        [
          187,
          0
        ],
        [
          184,
          30
        ],
        [
          184,
          82
        ],
        [
          185,
          134
        ],
        [
          188,
          186
        ],
        [
          194,
          238
        ],
        [
          178,
          280
        ],
        [
          174,
          290
        ],
        [
          176,
          342
        ],
        [
          178,
          355
        ],
        [
          189,
          394
        ],
        [
          195,
          415
        ],
        [
          206,
          446
        ],
        [
          213,
          472
        ],
        [
          219,
          498
        ],
        [
          225,
          512
        ]
      ]
    }
  ]
}