{
  "image": {
    "path": "N63E016_0457.png",
    "size": {
      "height": 512,
      "width": 512
    }
  },
  "labels": [
    {
      "elevation": 425,
      "elevation_bbox_pixels": [
        301.18033906032645,
        26.20036887763939,
        40.73817538939488,
        22.044159978815628
      ],
      "contour_line_pixels": []
    },
    {
      "elevation": 400,
      "elevation_bbox_pixels": [
        164.68674674976833,
        130.9857821386973,
        63.76293425336979,
        38.88304620204224
      ],
      "contour_line_pixels": []
    },
    {
      "elevation": 450,
      "elevation_bbox_pixels": [
        244.17540526126152,
        475.6520776814666,
        24.934675477252085,
        15.067895347089276
      ],
      "contour_line_pixels": [
        [
          238,
          512
        ],
        [
          237,
          512
        ],
        [
          237,
          494
        ],
        [
          242,
          484
        ],
        [
          252,
          475
        ],
        [
          252,
          475
        ],
        [
          252,
          475
        ],
        [
          263,
          493
        ],
        [
          263,
          494
        ],
        [
          265,
          512
        ],
        [
          265,
          512
        ]
      ]
    },
    {
      "elevation": 425,
      "elevation_bbox_pixels": [
        259.80033837002935,
        436.1332237199507,
        38.82191452307859,
        20.088920738436407
      ],
      "contour_line_pixels": [
        [
          178,
          512
        ],
        [
          178,
          512
        ],
        [
          182,
          503
        ],
        [
          185,
          494
        ],
        [
          188,
          475
        ],
        [
          192,
          457
        ],
        [
          192,
          457
        ],
        [
          195,
          439
        ],
        [
          202,
          434
        ],
        [
          212,
          426
        ],
        [
          222,
          421
        ],
        [
          222,
          421
        ],
        [
          232,
          417
        ],
        [
          242,
          417
        ],
        [
          252,
          419
        ],
        [
          257,
          421
        ],
        [
          263,
          423
        ],
        [
          273,
          430
        ],
        [
          280,
          439
        ],
        [
          283,
          442
        ],
        [
          291,
          457
        ],
        [
          293,
          466
        ],
        [
          294,
          475
        ],
        [
          303,
          485
        ],
        [
          313,
          493
        ],
        [
          313,
          494
        ],
        [
          323,
          504
        ],
        [
          328,
          512
        ],
        [
          328,
          512
        ]
      ]
    },
    {
      "elevation": 400,
      "elevation_bbox_pixels": [
        98.24234259344534,
        495.3185863190141,
        40.46668062573271,
        24.66369907179906
      ],
      "contour_line_pixels": [
        [
          71,
          512
        ],
        [
          71,
          512
        ],
        [
          71,
          512
        ],
        [
          81,
          508
        ],
        [
          91,
          508
        ],
        [
          101,
          512
        ],
        [
          101,
          512
        ],
        [
          101,
          512
        ]
      ]
    },
    {
      "elevation": 400,
      "elevation_bbox_pixels": [
        143.7068974742824,
        384.86531948893685,
        39.73711604890741,
        24.3237531154532
      ],
      "contour_line_pixels": [
        [
          143,
          512
        ],
        [
          143,
          512
        ],
        [
          148,
          494
        ],
        [
          151,
          488
        ],
        [
          157,
          475
        ],
        [
          158,
          457
        ],
        [
          151,
          439
        ],
        [
          151,
          439
        ],
        [
          141,
          424
        ],
        [
          140,
          421
        ],
        [
          140,
          403
        ],
        [
          141,
          394
        ],
        [
          151,
          385
        ],
        [
          151,
          385
        ],
        [
          162,
          379
        ],
        [
          172,
          378
        ],
        [
          182,
          385
        ],
        [
          182,
          385
        ],
        [
          192,
          386
        ],
        [
          202,
          386
        ],
        [
          212,
          386
        ],
        [
          222,
          385
        ],
        [
          222,
          385
        ],
        [
          232,
          385
        ],
        [
          242,
          385
        ],
        [
          252,
          379
        ],
        [
          263,
          376
        ],
        [
          273,
          376
        ],
        [
          283,
          376
        ],
        [
          293,
          385
        ],
        [
          293,
          385
        ],
        [
          303,
          389
        ],
        [
          313,
          403
        ],
        [
          313,
          403
        ],
        [
          323,
          421
        ],
        [
          323,
          421
        ],
        [
          333,
          433
        ],
        [
          338,
          439
        ],
        [
          343,
          444
        ],
        [
          353,
          454
        ],
        [
          355,
          457
        ],
        [
          355,
          475
        ],
        [
          355,
          494
        ],
        [
          361,
          512
        ],
        [
          362,
          512
        ]
      ]
    },
    {
      "elevation": 375,
      "elevation_bbox_pixels": [
        113.76745832024176,
        358.03279567683376,
        26.05852364935845,
        17.389535562856565
      ],
      "contour_line_pixels": []
    },
    {
      "elevation": 350,
      "elevation_bbox_pixels": [
        69.81139478976016,
        142.84340782392525,
        48.82522219621359,
        28.744198061083694
      ],
      "contour_line_pixels": []
    }
  ]
}