{
  "image": {
    "path": "N63E016_1387.png",
    "size": {
      "height": 512,
      "width": 512
    }
  },
  "labels": [
    {
      "elevation": 325,
      "elevation_bbox_pixels": [
        391.215717137637,
        -3.438680172738259,
        52.02420158214511,
        31.546056035121183
      ],
      "contour_line_pixels": [
        [
          512,
          6
        ],
        [
          510,
          8
        ],
        [
          496,
          11
        ],
        [
          483,
          13
        ],
        [
          483,
          13
        ],
        [
          469,
          13
        ],
        [
          456,
          13
        ],
        [
          442,
          15
        ],
        [
          429,
          16
        ],
        [
          415,
          13
        ],
        [
          415,
          13
        ],
        [
          415,
          0
        ]
      ]
    },
    {
      "elevation": 300,
      "elevation_bbox_pixels": [
        148.65384438481365,
        126.65709778667758,
        35.89959468951082,
        22.12838424693132
      ],
      "contour_line_pixels": [
        [
          132,
          162
        ],
        [
          131,
          161
        ],
        [
          118,
          141
        ],
        [
          118,
          140
        ],
        [
          118,
          140
        ],
        [
          132,
          137
        ],
        [
          145,
          137
        ],
        [
          152,
          140
        ],
        [
          159,
          161
        ],
        [
          159,
          161
        ],
        [
          159,
          162
        ],
        [
          145,
          162
        ],
        [
          132,
          162
        ]
      ]
    },
    {
      "elevation": 375,
      "elevation_bbox_pixels": [
        331.4604538860221,
        362.5405889144678,
        55.63137768550962,
        33.11565303606018
      ],
      "contour_line_pixels": []
    },
    {
      "elevation": 350,
      "elevation_bbox_pixels": [
        330.8682052650537,
        304.8451124965238,
        62.0485736712601,
        33.21468649524701
      ],
      "contour_line_pixels": [
        [
          241,
          512
        ],
        [
          246,
          500
        ],
        [
          253,
          491
        ],
        [
          264,
          479
        ],
        [
          267,
          476
        ],
        [
          277,
          457
        ],
        [
          272,
          436
        ],
        [
          267,
          429
        ],
        [
          261,
          415
        ],
        [
          253,
          408
        ],
        [
          243,
          394
        ],
        [
          240,
          381
        ],
        [
          237,
          373
        ],
        [
          237,
          352
        ],
        [
          240,
          341
        ],
        [
          243,
          331
        ],
        [
          250,
          309
        ],
        [
          253,
          307
        ],
        [
          267,
          300
        ],
        [
          280,
          288
        ],
        [
          280,
          288
        ],
        [
          294,
          284
        ],
        [
          307,
          283
        ],
        [
          321,
          284
        ],
        [
          334,
          287
        ],
        [
          337,
          288
        ],
        [
          348,
          296
        ],
        [
          361,
          305
        ],
        [
          366,
          309
        ],
        [
          375,
          316
        ],
        [
          388,
          320
        ],
        [
          402,
          321
        ],
        [
          415,
          321
        ],
        [
          429,
          321
        ],
        [
          442,
          316
        ],
        [
          449,
          309
        ],
        [
          456,
          302
        ],
        [
          469,
          297
        ],
        [
          483,
          292
        ],
        [
          492,
          288
        ],
        [
          496,
          286
        ],
        [
          510,
          280
        ],
        [
          512,
          279
        ]
      ]
    },
    {
      "elevation": 325,
      "elevation_bbox_pixels": [
        212.2980076754147,
        249.61663617285046,
        38.68262790254636,
        21.483553788194712
      ],
      "contour_line_pixels": [
        [
          169,
          512
        ],
        [
          172,
          500
        ],
        [
          172,
          500
        ],
        [
          179,
          479
        ],
        [
          186,
          470
        ],
        [
          196,
          457
        ],
        [
          199,
          447
        ],
        [
          202,
          436
        ],
        [
          201,
          415
        ],
        [
          199,
          395
        ],
        [
          199,
          394
        ],
        [
          188,
          373
        ],
        [
          186,
          369
        ],
        [
          174,
          352
        ],
        [
          172,
          346
        ],
        [
          162,
          331
        ],
        [
          159,
          320
        ],
        [
          154,
          309
        ],
        [
          150,
          288
        ],
        [
          159,
          280
        ],
        [
          172,
          274
        ],
        [
          186,
          272
        ],
        [
          199,
          269
        ],
        [
          204,
          267
        ],
        [
          213,
          262
        ],
        [
          226,
          259
        ],
        [
          240,
          253
        ],
        [
          253,
          252
        ],
        [
          267,
          252
        ],
        [
          280,
          251
        ],
        [
          294,
          250
        ],
        [
          307,
          250
        ],
        [
          321,
          250
        ],
        [
          334,
          251
        ],
        [
          348,
          252
        ],
        [
          361,
          256
        ],
        [
          375,
          260
        ],
        [
          388,
          261
        ],
        [
          402,
          263
        ],
        [
          415,
          263
        ],
        [
          429,
          259
        ],
        [
          442,
          254
        ],
        [
          456,
          248
        ],
        [
          459,
          246
        ],
        [
          469,
          238
        ],
        [
          483,
          233
        ],
        [
          496,
          229
        ],
        [
          503,
          225
        ],
        [
          510,
          218
        ],
        [
          512,
          217
        ]
      ]
    },
    {
      "elevation": 300,
      "elevation_bbox_pixels": [
        84.84568412676123,
        267.9709262200382,
        49.76180205537901,
        24.024474254393454
      ],