{
  "image": {
    "path": "N63E016_0849.png",
    "size": {
      "height": 512,
      "width": 512
    }
  },
  "labels": [
    {
      "elevation": 350,
      "elevation_bbox_pixels": [
        314.06491610084754,
        21.58525509104163,
        44.37232340109813,
        25.61993092957823
      ],
      "contour_line_pixels": [
        [
          512,
          42
        ],
        [
          509,
          41
        ],
        [
          509,
          41
        ],
        [
          474,
          26
        ],
        [
          456,
          14
        ],
        [
          447,
          0
        ]
      ]
    },
    {
      "elevation": 325,
      "elevation_bbox_pixels": [
        192.9102799698848,
        425.99240655553183,
        32.943873176707825,
        20.6275620151566
      ],
      "contour_line_pixels": [
        [
          0,
          417
        ],
        [
          21,
          419
        ],
        [
          56,
          427
        ],
        [
          91,
          431
        ],
        [
          126,
          438
        ],
        [
          126,
          438
        ],
        [
          160,
          445
        ],
        [
          195,
          448
        ],
        [
          230,
          455
        ],
        [
          253,
          464
        ],
        [
          265,
          469
        ],
        [
          300,
          485
        ],
        [
          311,
          491
        ],
        [
          335,
          504
        ],
        [
          356,
          512
        ]
      ]
    },
    {
      "elevation": 300,
      "elevation_bbox_pixels": [
        234.18671553525505,
        399.9103836770016,
        31.495534670096532,
        17.587362689648728
      ],
      "contour_line_pixels": [
        [
          0,
          361
        ],
        [
          21,
          369
        ],
        [
          56,
          380
        ],
        [
          91,
          385
        ],
        [
          91,
          385
        ],
        [
          126,
          392
        ],
        [
          160,
          399
        ],
        [
          195,
          406
        ],
        [
          230,
          408
        ],
        [
          265,
          410
        ],
        [
          274,
          411
        ],
        [
          300,
          417
        ],
        [
          335,
          427
        ],
        [
          369,
          435
        ],
        [
          387,
          438
        ],
        [
          404,
          448
        ],
        [
          439,
          462
        ],
        [
          446,
          464
        ],
        [
          474,
          470
        ],
        [
          509,
          477
        ],
        [
          512,
          477
        ]
      ]
    }
  ]
}