{
  "image": {
    "path": "N63E016_0797.png",
    "size": {
      "height": 512,
      "width": 512
    }
  },
  "labels": [
    {
      "elevation": 275,
      "elevation_bbox_pixels": [
        234.29464367410725,
        33.851416875103666,
        42.454469071811104,
        26.147024169642123
      ],
      "contour_line_pixels": []
    },
    {
      "elevation": 250,
      "elevation_bbox_pixels": [
        226.54635261443119,
        270.1035726661512,
        50.630768861125176,
        30.484091308955556
      ],
      "contour_line_pixels": []
    },
    {
      "elevation": 200,
      "elevation_bbox_pixels": [
        248.0679318211137,
        471.6174377360753,
        51.07122523335693,
        26.139990348480808
      ],
      "contour_line_pixels": []
    },
    {
      "elevation": 225,
      "elevation_bbox_pixels": [
        227.92610753481472,
        344.8964618619947,
        59.53927389282808,
        30.791775225951085
      ],
      "contour_line_pixels": []
    }
  ]
}