{
  "image": {
    "path": "N63E016_0224.png",
    "size": {
      "height": 512,
      "width": 512
    }
  },
  "labels": [
    {
      "elevation": 325,
      "elevation_bbox_pixels": [
        324.85741168412227,
        -6.032658028382116,
        30.316645966370857,
        18.009051187361194
      ],
      "contour_line_pixels": [
        [
          512,
          6
        ],
        [
          506,
          6
        ],
        [
          487,
          0
        ]
      ]
    },
    {
      "elevation": 250,
      "elevation_bbox_pixels": [
        257.5755138024422,
        12.229391563497416,
        57.06668576050515,
        28.958449663035708
      ],
      "contour_line_pixels": [
        [
          512,
          61
        ],
        [
          506,
          61
        ],
        [
          483,
          59
        ],
        [
          483,
          59
        ],
        [
          461,
          59
        ],
        [
          438,
          56
        ],
        [
          416,
          53
        ],
        [
          393,
          47
        ],
        [
          383,
          42
        ],
        [
          370,
          36
        ],
        [
          348,
          30
        ],
        [
          338,
          24
        ],
        [
          325,
          19
        ],
        [
          302,
          12
        ],
        [
          290,
          7
        ],
        [
          280,
          3
        ],
        [
          273,
          0
        ]
      ]
    },
    {
      "elevation": 125,
      "elevation_bbox_pixels": [
        237.24795839337526,
        468.9260395453972,
        62.27397782206981,
        32.07377815978428
      ],
      "contour_line_pixels": [
        [
          512,
          505
        ],
        [
          506,
          504
        ],
        [
          483,
          505
        ],
        [
          461,
          503
        ],
        [
          438,
          500
        ],
        [
          416,
          496
        ],
        [
          415,
          496
        ],
        [
          393,
          494
        ],
        [
          370,
          492
        ],
        [
          348,
          491
        ],
        [
          325,
          489
        ],
        [
          302,
          487
        ],
        [
          280,
          483
        ],
        [
          265,
          479
        ],
        [
          257,
          477
        ],
        [
          234,
          474
        ],
        [
          212,
          472
        ],
        [
          189,
          469
        ],
        [
          169,
          461
        ],
        [
          166,
          460
        ],
        [
          144,
          458
        ],
        [
          121,
          453
        ],
        [
          99,
          446
        ],
        [
          93,
          444
        ],
        [
          76,
          437
        ],
        [
          53,
          429
        ],
        [
          46,
          426
        ],
        [
          31,
          418
        ],
        [
          17,
          409
        ],
        [
          8,
          401
        ],
        [
          0,
          397
        ]
      ]
    },
    {
      "elevation": 150,
      "elevation_bbox_pixels": [
        170.05232205069876,
        363.1051583346317,
        52.166065622244105,
        30.72480440971202
      ],
      "contour_line_pixels": [
        [
          0,
          302
        ],
        [
          4,
          304
        ],
        [
          8,
          307
        ],
        [
          31,
          316
        ],
        [
          42,
          321
        ],
        [
          53,
          330
        ],
        [
          65,
          339
        ],
        [
          76,
          350
        ],
        [
          82,
          356
        ],
        [
          83,
          374
        ],
        [
          87,
          391
        ],
        [
          95,
          409
        ],
        [
          99,
          410
        ],
        [
          117,
          426
        ],
        [
          121,
          429
        ],
        [
          144,
          439
        ],
        [
          162,
          444
        ],
        [
          166,
          444
        ],
        [
          189,
          450
        ],
        [
          212,
          453
        ],
        [
          234,
          456
        ],
        [
          257,
          461
        ],
        [
          257,
          461
        ],
        [
          280,
          464
        ],
        [
          302,
          466
        ],
        [
          325,
          468
        ],
        [
          348,
          471
        ],
        [
          370,
          476
        ],
        [
          393,
          479
        ],
        [
          393,
          479
        ],
        [
          416,
          480
        ],
        [
          438,
          481
        ],
        [
          461,
          482
        ],
        [
          483,
          484
        ],
        [
          506,
          484
        ],
        [
          512,
          485
        ]
      ]
    },
    {
      "elevation": 175,
      "elevation_bbox_pixels": [
        228.10483340867412,
        373.1024521037202,
        40.59724635926139,
        20.291914312222545
      ],
      "contour_line_pixels": [
        [
          512,
          465
        ],
        [
          506,
          464
        ],
        [
          483,
          464
        ],
        [
          466,
          461
        ],
        [
          461,
          458
        ],
        [
          438,
          451
        ],
        [
          416,
          447
        ],
        [
          393,
          444
        ],
        [
          392,
          444
        ],
        [
          370,
          441
        ],
        [
          348,
          436
        ],
        [
          325,
          433
        ],
        [
          302,
          426
        ],
        [
          302,
          426
        ],
        [
          280,
          420
        ],
        [
          257,
          412
        ],
        [
          249,
          409
        ],
        [
          234,
          391
        ],
        [
          234,
          391
        ],
        [
          234,
          374
        ],
        [
          234,
          373
        ],
        [
          242,
          356
        ],
        [
          234,
          348
        ],
        [
          229,
          339
        ],
        [
          212,
          330
        ],
        [
          189,
          321
        ],
        [
          189,
          321
        ],
        [
          166,
          311
        ],
        [
          144,
          304
        ],
        [
          144,
          304
        ],
        [
          121,
          292
        ],
        [
          114,
          286
        ],
        [
          99,
          276
        ],
        [
          82,
          269
        ],
        [
          76,
          265
        ],
        [
          53,
          251
        ],
        [
          53,
          251
        ],
        [
          31,
          234
        ],
        [
          31,
          234
        ],
        [
          19,
          216
        ],
        [
          8,
          205
        ],
        [
          2,
          199
        ],
        [
          0,
          197
        ]
      ]
    },
    {
      "elevation": 200,
      "elevation_bbox_pixels": [
        261.9972699377339,
        298.27054698542395,
        30.108743908651604,
        18.34557288585819
      ],