{
  "image": {
    "path": "N63E016_1697.png",
    "size": {
      "height": 512,
      "width": 512
    }
  },
  "labels": [
    {
      "elevation": 400,
      "elevation_bbox_pixels": [
        354.469706641756,
        -11.463150022860304,
        52.60233484520302,
        31.657565091423123
      ],
      "contour_line_pixels": []
    },
    {
      "elevation": 450,
      "elevation_bbox_pixels": [
        372.45086719167443,
        172.56474102953268,
        56.01445430187459,
        30.338437804695104
      ],
      "contour_line_pixels": [
        [
          512,
          295
        ],
        [
          492,
          275
        ],
        [
          492,
          274
        ],
        [
          466,
          229
        ],
        [
          482,
          183
        ],
        [
          492,
          173
        ],
        [
          512,
          168
        ]
      ]
    },
    {
      "elevation": 450,
      "elevation_bbox_pixels": [
        320.48300680802754,
        414.8373863081947,
        38.869275676564484,
        21.95371715639982
      ],
      "contour_line_pixels": []
    },
    {
      "elevation": 425,
      "elevation_bbox_pixels": [
        239.33013468102456,
        352.7029681210739,
        39.69196790816454,
        21.01222096004375
      ],
      "contour_line_pixels": [
        [
          346,
          512
        ],
        [
          346,
          503
        ],
        [
          341,
          457
        ],
        [
          337,
          451
        ],
        [
          310,
          411
        ],
        [
          306,
          405
        ],
        [
          274,
          378
        ],
        [
          261,
          366
        ],
        [
          259,
          320
        ],
        [
          274,
          311
        ],
        [
          306,
          300
        ],
        [
          337,
          292
        ],
        [
          347,
          274
        ],
        [
          337,
          236
        ],
        [
          333,
          229
        ],
        [
          337,
          183
        ],
        [
          337,
          183
        ],
        [
          368,
          166
        ],
        [
          399,
          142
        ],
        [
          403,
          137
        ],
        [
          430,
          115
        ],
        [
          461,
          108
        ],
        [
          492,
          107
        ],
        [
          512,
          107
        ]
      ]
    },
    {
      "elevation": 400,
      "elevation_bbox_pixels": [
        191.45961082490294,
        -2.216831041745877,
        44.70434582065991,
        26.547706642679998
      ],
      "contour_line_pixels": []
    }
  ]
}