{
  "image": {
    "path": "N63E016_0671.png",
    "size": {
      "height": 512,
      "width": 512
    }
  },
  "labels": [
    {
      "elevation": 125,
      "elevation_bbox_pixels": [
        125.04881115989842,
        237.70568850748214,
        38.24251791325234,
        22.160609542951562
      ],
      "contour_line_pixels": [
        [
          0,
          202
        ],
        [
          25,
          232
        ],
        [
          43,
          242
        ],
        [
          92,
          247
        ],
        [
          141,
          250
        ],
        [
          191,
          264
        ],
        [
          240,
          284
        ],
        [
          282,
          319
        ],
        [
          289,
          323
        ],
        [
          339,
          346
        ],
        [
          388,
          372
        ],
        [
          425,
          407
        ],
        [
          438,
          415
        ],
        [
          487,
          447
        ],
        [
          512,
          471
        ]
      ]
    },
    {
      "elevation": 150,
      "elevation_bbox_pixels": [
        242.95722675709544,
        385.80498327912454,
        31.654536217879013,
        17.99011498053244
      ],
      "contour_line_pixels": [
        [
          440,
          512
        ],
        [
          438,
          510
        ],
        [
          413,
          495
        ],
        [
          388,
          477
        ],
        [
          339,
          446
        ],
        [
          294,
          407
        ],
        [
          289,
          404
        ],
        [
          240,
          389
        ],
        [
          191,
          365
        ],
        [
          145,
          319
        ],
        [
          141,
          317
        ],
        [
          92,
          312
        ],
        [
          43,
          309
        ],
        [
          0,
          299
        ]
      ]
    },
    {
      "elevation": 175,
      "elevation_bbox_pixels": [
        141.10881136137397,
        398.4747635510839,
        38.47715613942853,
        21.165224043075852
      ],
      "contour_line_pixels": [
        [
          320,
          512
        ],
        [
          297,
          495
        ],
        [
          289,
          488
        ],
        [
          240,
          459
        ],
        [
          191,
          442
        ],
        [
          141,
          410
        ],
        [
          129,
          407
        ],
        [
          92,
          397
        ],
        [
          43,
          390
        ],
        [
          0,
          382
        ]
      ]
    },
    {
      "elevation": 200,
      "elevation_bbox_pixels": [
        138.349362388757,
        477.24097197051105,
        34.6630479650741,
        24.149173460622535
      ],
      "contour_line_pixels": [
        [
          0,
          478
        ],
        [
          43,
          480
        ],
        [
          92,
          481
        ],
        [
          141,
          492
        ],
        [
          150,
          495
        ],
        [
          177,
          512
        ]
      ]
    }
  ]
}