{
  "image": {
    "path": "N63E016_1599.png",
    "size": {
      "height": 512,
      "width": 512
    }
  },
  "labels": [
    {
      "elevation": 375,
      "elevation_bbox_pixels": [
        207.4639425595621,
        240.56439413784983,
        50.91332500018564,
        27.675154698491497
      ],
      "contour_line_pixels": []
    },
    {
      "elevation": 350,
      "elevation_bbox_pixels": [
        223.2105592966642,
        319.62568016986097,
        56.46022698234697,
        32.83560030008266
      ],
      "contour_line_pixels": []
    },
    {
      "elevation": 300,
      "elevation_bbox_pixels": [
        226.09046016452822,
        425.25628822531644,
        47.83963846246968,
        32.42303021201681
      ],
      "contour_line_pixels": [
        [
          512,
          478
        ],
        [
          495,
          477
        ],
        [
          439,
          475
        ],
        [
          438,
          475
        ],
        [
          383,
          464
        ],
        [
          346,
          457
        ],
        [
          327,
          454
        ],
        [
          272,
          445
        ],
        [
          216,
          442
        ],
        [
          160,
          440
        ],
        [
          159,
          440
        ],
        [
          104,
          431
        ],
        [
          67,
          422
        ],
        [
          49,
          405
        ],
        [
          48,
          404
        ],
        [
          0,
          394
        ]
      ]
    }
  ]
}