{
  "image": {
    "path": "N63E016_0306.png",
    "size": {
      "height": 512,
      "width": 512
    }
  },
  "labels": [
    {
      "elevation": 500,
      "elevation_bbox_pixels": [
        249.6667815312745,
        138.78316857740447,
        33.60200599626373,
        20.553056231137816
      ],
      "contour_line_pixels": []
    },
    {
      "elevation": 475,
      "elevation_bbox_pixels": [
        243.65008571244192,
        228.60870856553908,
        47.37426198190781,
        25.239929740417097
      ],
      "contour_line_pixels": [
        [
          512,
          239
        ],
        [
          501,
          240
        ],
        [
          374,
          241
        ],
        [
          246,
          242
        ],
        [
          118,
          246
        ],
        [
          0,
          258
        ]
      ]
    },
    {
      "elevation": 475,
      "elevation_bbox_pixels": [
        234.70558615674486,
        414.9314068016963,
        38.94972502377141,
        22.15259108014513
      ],
      "contour_line_pixels": []
    }
  ]
}