{
  "image": {
    "path": "N63E016_1465.png",
    "size": {
      "height": 512,
      "width": 512
    }
  },
  "labels": [
    {
      "elevation": 225,
      "elevation_bbox_pixels": [
        177.05059687403588,
        13.755265147619127,
        42.454469071811104,
        26.147024169642123
      ],
      "contour_line_pixels": []
    },
    {
      "elevation": 200,
      "elevation_bbox_pixels": [
        305.77311216901666,
        350.7416546418981,
        50.63076886112515,
        30.484091308955556
      ],
      "contour_line_pixels": []
    },
    {
      "elevation": 200,
      "elevation_bbox_pixels": [
        201.64642751389556,
        180.34768009133631,
        51.07122523335693,
        26.13999034848075
      ],
      "contour_line_pixels": [
        [
          512,
          91
        ],
        [
          502,
          93
        ],
        [
          480,
          96
        ],
        [
          457,
          98
        ],
        [
          446,
          99
        ],
        [
          435,
          102
        ],
        [
          412,
          110
        ],
        [
          390,
          115
        ],
        [
          390,
          115
        ],
        [
          368,
          130
        ],
        [
          368,
          130
        ],
        [
          345,
          131
        ],
        [
          334,
          146
        ],
        [
          323,
          154
        ],
        [
          301,
          162
        ],
        [
          301,
          162
        ],
        [
          278,
          162
        ],
        [
          256,
          165
        ],
        [
          234,
          169
        ],
        [
          212,
          177
        ],
        [
          211,
          177
        ],
        [
          189,
          180
        ],
        [
          167,
          193
        ],
        [
          167,
          193
        ],
        [
          144,
          197
        ],
        [
          122,
          208
        ],
        [
          122,
          208
        ],
        [
          99,
          219
        ],
        [
          78,
          224
        ],
        [
          77,
          224
        ],
        [
          55,
          239
        ],
        [
          55,
          240
        ],
        [
          33,
          255
        ],
        [
          33,
          271
        ],
        [
          33,
          286
        ],
        [
          55,
          302
        ],
        [
          55,
          302
        ],
        [
          55,
          317
        ],
        [
          77,
          333
        ],
        [
          78,
          333
        ],
        [
          99,
          348
        ],
        [
          100,
          349
        ],
        [
          122,
          364
        ],
        [
          122,
          364
        ],
        [
          126,
          380
        ],
        [
          122,
          395
        ],
        [
          144,
          405
        ],
        [
          167,
          409
        ],
        [
          172,
          411
        ],
        [
          189,
          420
        ],
        [
          211,
          426
        ],
        [
          211,
          426
        ],
        [
          214,
          442
        ],
        [
          211,
          446
        ],
        [
          194,
          458
        ],
        [
          189,
          460
        ],
        [
          167,
          473
        ],
        [
          167,
          474
        ],
        [
          155,
          489
        ],
        [
          144,
          491
        ],
        [
          122,
          491
        ],
        [
          99,
          491
        ],
        [
          77,
          491
        ],
        [
          55,
          491
        ],
        [
          32,
          490
        ],
        [
          10,
          490
        ],
        [
          0,
          490
        ]
      ]
    }
  ]
}