{
  "image": {
    "path": "N63E016_1449.png",
    "size": {
      "height": 512,
      "width": 512
    }
  },
  "labels": [
    {
      "elevation": 300,
      "elevation_bbox_pixels": [
        191.67482545510973,
        166.03763831106147,
        30.43960646882556,
        19.134939115454586
      ],
      "contour_line_pixels": [
        [
          160,
          224
        ],
        [
          160,
          224
        ],
        [
          143,
          212
        ],
        [
          143,
          212
        ],
        [
          126,
          210
        ],
        [
          109,
          206
        ],
        [
          92,
          203
        ],
        [
          75,
          202
        ],
        [
          67,
          200
        ],
        [
          58,
          194
        ],
        [
          41,
          188
        ],
        [
          41,
          188
        ],
        [
          41,
          177
        ],
        [
          41,
          177
        ],
        [
          58,
          177
        ],
        [
          75,
          175
        ],
        [
          92,
          176
        ],
        [
          109,
          176
        ],
        [
          126,
          177
        ],
        [
          143,
          177
        ],
        [
          160,
          177
        ],
        [
          177,
          177
        ],
        [
          177,
          177
        ],
        [
          194,
          179
        ],
        [
          211,
          181
        ],
        [
          228,
          184
        ],
        [
          245,
          188
        ],
        [
          249,
          188
        ],
        [
          262,
          191
        ],
        [
          279,
          199
        ],
        [
          282,
          200
        ],
        [
          291,
          212
        ],
        [
          279,
          224
        ],
        [
          279,
          224
        ],
        [
          262,
          228
        ],
        [
          245,
          231
        ],
        [
          228,
          233
        ],
        [
          211,
          234
        ],
        [
          194,
          234
        ],
        [
          177,
          232
        ],
        [
          160,
          224
        ]
      ]
    },
    {
      "elevation": 275,
      "elevation_bbox_pixels": [
        195.63212133669256,
        246.16462641966848,
        55.283782486449525,
        33.11668593947138
      ],
      "contour_line_pixels": []
    },
    {
      "elevation": 250,
      "elevation_bbox_pixels": [
        202.6516099739485,
        482.68609287811597,
        42.82140620790017,
        26.062082099948768
      ],
      "contour_line_pixels": [
        [
          23,
          512
        ],
        [
          24,
          512
        ],
        [
          41,
          508
        ],
        [
          58,
          506
        ],
        [
          58,
          506
        ],
        [
          75,
          505
        ],
        [
          92,
          504
        ],
        [
          109,
          502
        ],
        [
          126,
          499
        ],
        [
          143,
          497
        ],
        [
          160,
          495
        ],
        [
          160,
          494
        ],
        [
          177,
          494
        ],
        [
          194,
          494
        ],
        [
          203,
          495
        ],
        [
          211,
          495
        ],
        [
          228,
          497
        ],
        [
          245,
          498
        ],
        [
          262,
          501
        ],
        [
          275,
          506
        ],
        [
          279,
          508
        ],
        [
          294,
          512
        ]
      ]
    },
    {
      "elevation": 200,
      "elevation_bbox_pixels": [
        222.75710856122438,
        424.3851957921298,
        38.824840870898726,
        21.83634340122606
      ],
      "contour_line_pixels": [
        [
          0,
          442
        ],
        [
          7,
          439
        ],
        [
          16,
          436
        ],
        [
          24,
          432
        ],
        [
          41,
          428
        ],
        [
          58,
          426
        ],
        [
          75,
          424
        ],
        [
          75,
          424
        ],
        [
          92,
          424
        ],
        [
          109,
          424
        ],
        [
          126,
          424
        ],
        [
          143,
          424
        ],
        [
          144,
          424
        ],
        [
          160,
          428
        ],
        [
          177,
          430
        ],
        [
          194,
          430
        ],
        [
          211,
          435
        ],
        [
          228,
          435
        ],
        [
          245,
          435
        ],
        [
          246,
          436
        ],
        [
          262,
          447
        ],
        [
          279,
          447
        ],
        [
          280,
          447
        ],
        [
          296,
          453
        ],
        [
          313,
          459
        ],
        [
          314,
          459
        ],
        [
          330,
          461
        ],
        [
          347,
          462
        ],
        [
          364,
          463
        ],
        [
          381,
          465
        ],
        [
          398,
          459
        ],
        [
          381,
          448
        ],
        [
          364,
          448
        ],
        [
          364,
          447
        ],
        [
          347,
          436
        ],
        [
          347,
          436
        ],
        [
          330,
          424
        ],
        [
          313,
          424
        ],
        [
          296,
          424
        ],
        [
          296,
          424
        ],
        [
          279,
          412
        ],
        [
          262,
          412
        ],
        [
          245,
          412
        ],
        [
          245,
          412
        ],
        [
          228,
          401
        ],
        [
          228,
          400
        ],
        [
          211,
          389
        ],
        [
          211,
          389
        ],
        [
          194,
          377
        ],
        [
          194,
          377
        ],
        [
          177,
          365
        ],
        [
          177,
          365
        ],
        [
          160,
          353
        ],
        [
          143,
          353
        ],
        [
          126,
          353
        ],
        [
          109,
          353
        ],
        [
          109,
          353
        ],
        [
          92,
          349
        ],
        [
          75,
          347
        ],
        [
          58,
          347
        ],
        [
          41,
          342
        ],
        [
          24,
          342
        ],
        [
          7,
          342
        ],
        [
          7,
          341
        ],
        [
          0,
          337
        ]
      ]
    }
  ]
}