{
  "image": {
    "path": "N63E016_1369.png",
    "size": {
      "height": 512,
      "width": 512
    }
  },
  "labels": [
    {
      "elevation": 350,
      "elevation_bbox_pixels": [
        310.4692419717707,
        198.4535362582228,
        49.44894428578402,
        28.914814580875827
      ],
      "contour_line_pixels": []
    },
    {
      "elevation": 325,
      "elevation_bbox_pixels": [
        457.7207477132604,
        187.7660451829891,
        63.27568754129106,
        38.49875321788875
      ],
      "contour_line_pixels": []
    }
  ]
}