{
  "image": {
    "path": "N63E016_0366.png",
    "size": {
      "height": 512,
      "width": 512
    }
  },
  "labels": [
    {
      "elevation": 375,
      "elevation_bbox_pixels": [
        244.6828194031157,
        438.41607819437047,
        34.098367653691156,
        18.555901018250786
      ],
      "contour_line_pixels": [
        [
          512,
          489
        ],
        [
          482,
          486
        ],
        [
          459,
          483
        ],
        [
          403,
          475
        ],
        [
          346,
          469
        ],
        [
          298,
          460
        ],
        [
          290,
          454
        ],
        [
          271,
          435
        ],
        [
          290,
          424
        ],
        [
          328,
          409
        ],
        [
          346,
          406
        ],
        [
          403,
          401
        ],
        [
          459,
          396
        ],
        [
          512,
          390
        ]
      ]
    },
    {
      "elevation": 350,
      "elevation_bbox_pixels": [
        227.1462192939995,
        359.07988326237455,
        46.44880396103392,
        31.486644493697057
      ],
      "contour_line_pixels": [
        [
          471,
          512
        ],
        [
          465,
          511
        ],
        [
          459,
          510
        ],
        [
          403,
          506
        ],
        [
          346,
          498
        ],
        [
          290,
          493
        ],
        [
          240,
          486
        ],
        [
          234,
          484
        ],
        [
          177,
          481
        ],
        [
          121,
          471
        ],
        [
          74,
          460
        ],
        [
          65,
          447
        ],
        [
          57,
          435
        ],
        [
          65,
          431
        ],
        [
          114,
          409
        ],
        [
          121,
          406
        ],
        [
          177,
          389
        ],
        [
          196,
          384
        ],
        [
          234,
          373
        ],
        [
          290,
          364
        ],
        [
          328,
          358
        ],
        [
          346,
          350
        ],
        [
          384,
          333
        ],
        [
          365,
          307
        ],
        [
          346,
          294
        ],
        [
          332,
          281
        ],
        [
          304,
          256
        ],
        [
          290,
          243
        ],
        [
          271,
          230
        ],
        [
          290,
          222
        ],
        [
          318,
          205
        ],
        [
          346,
          200
        ],
        [
          403,
          191
        ],
        [
          440,
          179
        ],
        [
          459,
          172
        ],
        [
          512,
          158
        ]
      ]
    },
    {
      "elevation": 325,
      "elevation_bbox_pixels": [
        237.0451853256875,
        89.28570988953874,
        40.165154883015475,
        23.531261436775026
      ],
      "contour_line_pixels": []
    },
    {
      "elevation": 300,
      "elevation_bbox_pixels": [
        235.38510972366066,
        -8.730904891016053,
        62.61648248788242,
        38.17165565043706
      ],
      "contour_line_pixels": [
        [
          0,
          33
        ],
        [
          8,
          33
        ],
        [
          63,
          26
        ],
        [
          65,
          26
        ],
        [
          121,
          21
        ],
        [
          177,
          16
        ],
        [
          234,
          16
        ],
        [
          290,
          11
        ],
        [
          346,
          9
        ],
        [
          403,
          10
        ],
        [
          459,
          10
        ],
        [
          512,
          15
        ]
      ]
    }
  ]
}