{
  "image": {
    "path": "N63E016_1514.png",
    "size": {
      "height": 512,
      "width": 512
    }
  },
  "labels": [
    {
      "elevation": 275,
      "elevation_bbox_pixels": [
        223.23608583200797,
        470.2426668919935,
        31.19820748786526,
        19.102870430362376
      ],
      "contour_line_pixels": [
        [
          0,
          371
        ],
        [
          32,
          365
        ],
        [
          46,
          363
        ],
        [
          101,
          359
        ],
        [
          157,
          358
        ],
        [
          212,
          365
        ],
        [
          213,
          365
        ],
        [
          267,
          376
        ],
        [
          286,
          387
        ],
        [
          281,
          409
        ],
        [
          268,
          430
        ],
        [
          268,
          452
        ],
        [
          267,
          452
        ],
        [
          223,
          474
        ],
        [
          212,
          476
        ],
        [
          157,
          480
        ],
        [
          101,
          482
        ],
        [
          46,
          484
        ],
        [
          0,
          486
        ]
      ]
    },
    {
      "elevation": 250,
      "elevation_bbox_pixels": [
        238.99872407193433,
        255.48185446843155,
        24.12627501829482,
        15.355884528092588
      ],
      "contour_line_pixels": [
        [
          0,
          285
        ],
        [
          39,
          278
        ],
        [
          46,
          276
        ],
        [
          101,
          267
        ],
        [
          157,
          267
        ],
        [
          212,
          265
        ],
        [
          267,
          259
        ],
        [
          286,
          256
        ],
        [
          323,
          250
        ],
        [
          378,
          238
        ],
        [
          389,
          234
        ],
        [
          434,
          223
        ],
        [
          489,
          220
        ],
        [
          512,
          219
        ]
      ]
    },
    {
      "elevation": 250,
      "elevation_bbox_pixels": [
        235.36200027027462,
        97.98076944931438,
        58.025618630299505,
        36.00609066769425
      ],
      "contour_line_pixels": []
    }
  ]
}