{
  "image": {
    "path": "N63E016_1228.png",
    "size": {
      "height": 512,
      "width": 512
    }
  },
  "labels": [
    {
      "elevation": 425,
      "elevation_bbox_pixels": [
        237.42240469966904,
        33.74422434228126,
        32.948893424470356,
        20.676826178336
      ],
      "contour_line_pixels": []
    },
    {
      "elevation": 400,
      "elevation_bbox_pixels": [
        232.30879872589247,
        65.52848959206165,
        25.18776440503791,
        15.352135994620085
      ],
      "contour_line_pixels": []
    },
    {
      "elevation": 375,
      "elevation_bbox_pixels": [
        245.5861385585551,
        89.71733985896054,
        37.83006146542323,
        24.78378974955865
      ],
      "contour_line_pixels": [
        [
          512,
          72
        ],
        [
          499,
          77
        ],
        [
          496,
          78
        ],
        [
          469,
          82
        ],
        [
          446,
          88
        ],
        [
          443,
          88
        ],
        [
          416,
          91
        ],
        [
          390,
          92
        ],
        [
          363,
          94
        ],
        [
          346,
          98
        ],
        [
          337,
          101
        ],
        [
          310,
          102
        ],
        [
          284,
          103
        ],
        [
          257,
          103
        ],
        [
          231,
          102
        ],
        [
          204,
          100
        ],
        [
          177,
          98
        ],
        [
          177,
          98
        ],
        [
          151,
          96
        ],
        [
          124,
          95
        ],
        [
          98,
          97
        ],
        [
          71,
          98
        ],
        [
          66,
          98
        ],
        [
          45,
          101
        ],
        [
          18,
          101
        ],
        [
          0,
          101
        ]
      ]
    },
    {
      "elevation": 350,
      "elevation_bbox_pixels": [
        210.46054902763225,
        422.8995718681339,
        54.91802158116005,
        29.242195750103974
      ],
      "contour_line_pixels": [
        [
          512,
          427
        ],
        [
          496,
          427
        ],
        [
          469,
          429
        ],
        [
          443,
          434
        ],
        [
          416,
          434
        ],
        [
          390,
          433
        ],
        [
          363,
          432
        ],
        [
          337,
          432
        ],
        [
          310,
          431
        ],
        [
          284,
          430
        ],
        [
          257,
          430
        ],
        [
          231,
          430
        ],
        [
          204,
          430
        ],
        [
          177,
          432
        ],
        [
          169,
          436
        ],
        [
          151,
          438
        ],
        [
          124,
          439
        ],
        [
          98,
          439
        ],
        [
          78,
          436
        ],
        [
          71,
          434
        ],
        [
          45,
          429
        ],
        [
          27,
          425
        ],
        [
          45,
          414
        ],
        [
          45,
          414
        ],
        [
          71,
          410
        ],
        [
          98,
          408
        ],
        [
          124,
          407
        ],
        [
          151,
          407
        ],
        [
          177,
          405
        ],
        [
          204,
          407
        ],
        [
          231,
          407
        ],
        [
          257,
          409
        ],
        [
          284,
          408
        ],
        [
          310,
          405
        ],
        [
          319,
          404
        ],
        [
          337,
          402
        ],
        [
          363,
          399
        ],
        [
          390,
          398
        ],
        [
          416,
          398
        ],
        [
          443,
          397
        ],
        [
          469,
          395
        ],
        [
          495,
          393
        ],
        [
          496,
          393
        ],
        [
          512,
          391
        ]
      ]
    },
    {
      "elevation": 300,
      "elevation_bbox_pixels": [
        222.7677770314873,
        338.79358571464684,
        37.73981537213763,
        25.003149494304864
      ],
      "contour_line_pixels": []
    },
    {
      "elevation": 250,
      "elevation_bbox_pixels": [
        242.02494183673832,
        172.94791217415292,
        34.62927809987764,
        17.099821818542182
      ],
      "contour_line_pixels": []
    },
    {
      "elevation": 225,
      "elevation_bbox_pixels": [
        239.88933014801125,
        476.25367188651694,
        59.381992707643576,
        35.172699827232975
      ],
      "contour_line_pixels": [
        [
          512,
          507
        ],
        [
          496,
          503
        ],
        [
          490,
          502
        ],
        [
          469,
          498
        ],
        [
          443,
          496
        ],
        [
          416,
          495
        ],
        [
          390,
          494
        ],
        [
          363,
          494
        ],
        [
          337,
          494
        ],
        [
          310,
          494
        ],
        [
          284,
          493
        ],
        [
          257,
          491
        ],
        [
          257,
          491
        ],
        [
          231,
          488
        ],
        [
          204,
          488
        ],
        [
          177,
          487
        ],
        [
          151,
          487
        ],
        [
          124,
          486
        ],
        [
          98,
          486
        ],
        [
          71,
          486
        ],
        [
          45,
          487
        ],
        [
          18,
          488
        ],
        [
          0,
          488
        ]
      ]
    }
  ]
}