{
  "image": {
    "path": "N63E016_0608.png",
    "size": {
      "height": 512,
      "width": 512
    }
  },
  "labels": [
    {
      "elevation": 125,
      "elevation_bbox_pixels": [
        357.99405282374306,
        2.184868078586362,
        39.83100399213242,
        22.922091658877775
      ],
      "contour_line_pixels": [
        [
          479,
          0
        ],
        [
          479,
          0
        ],
        [
          479,
          1
        ],
        [
          466,
          17
        ],
        [
          479,
          27
        ],
        [
          492,
          34
        ],
        [
          493,
          34
        ],
        [
          505,
          38
        ],
        [
          512,
          38
        ]
      ]
    },
    {
      "elevation": 300,
      "elevation_bbox_pixels": [
        118.43022722842925,
        112.17283201864916,
        47.09430651822949,
        27.137872710917236
      ],
      "contour_line_pixels": [
        [
          0,
          53
        ],
        [
          7,
          57
        ],
        [
          20,
          67
        ],
        [
          20,
          67
        ],
        [
          33,
          80
        ],
        [
          40,
          84
        ],
        [
          46,
          92
        ],
        [
          53,
          100
        ],
        [
          57,
          117
        ],
        [
          57,
          133
        ],
        [
          54,
          150
        ],
        [
          52,
          167
        ],
        [
          51,
          183
        ],
        [
          49,
          200
        ],
        [
          46,
          201
        ],
        [
          33,
          201
        ],
        [
          20,
          200
        ],
        [
          17,
          200
        ],
        [
          7,
          194
        ],
        [
          0,
          191
        ]
      ]
    },
    {
      "elevation": 300,
      "elevation_bbox_pixels": [
        81.80534519801239,
        334.4512993969213,
        60.53818876240223,
        35.907664680163634
      ],
      "contour_line_pixels": [
        [
          0,
          344
        ],
        [
          7,
          347
        ],
        [
          9,
          349
        ],
        [
          7,
          353
        ],
        [
          0,
          352
        ]
      ]
    },
    {
      "elevation": 275,
      "elevation_bbox_pixels": [
        158.4516603080578,
        462.58340477957756,
        58.231429282280374,
        35.92828914820416
      ],
      "contour_line_pixels": [
        [
          125,
          503
        ],
        [
          120,
          499
        ],
        [
          120,
          482
        ],
        [
          125,
          480
        ],
        [
          138,
          481
        ],
        [
          141,
          482
        ],
        [
          151,
          495
        ],
        [
          155,
          499
        ],
        [
          151,
          509
        ],
        [
          138,
          506
        ],
        [
          125,
          503
        ]
      ]
    },
    {
      "elevation": 150,
      "elevation_bbox_pixels": [
        312.383803750713,
        100.08383089136527,
        41.42362954181408,
        25.001902830410586
      ],
      "contour_line_pixels": [
        [
          397,
          512
        ],
        [
          387,
          508
        ],
        [
          374,
          504
        ],
        [
          361,
          499
        ],
        [
          361,
          499
        ],
        [
          348,
          482
        ],
        [
          348,
          466
        ],
        [
          348,
          449
        ],
        [
          348,
          449
        ],
        [
          341,
          432
        ],
        [
          339,
          416
        ],
        [
          335,
          399
        ],
        [
          335,
          399
        ],
        [
          326,
          383
        ],
        [
          322,
          366
        ],
        [
          322,
          366
        ],
        [
          317,
          349
        ],
        [
          313,
          333
        ],
        [
          315,
          316
        ],
        [
          322,
          300
        ],
        [
          322,
          299
        ],
        [
          335,
          283
        ],
        [
          335,
          283
        ],
        [
          348,
          266
        ],
        [
          348,
          266
        ],
        [
          361,
          250
        ],
        [
          374,
          250
        ],
        [
          375,
          250
        ],
        [
          387,
          241
        ],
        [
          401,
          233
        ],
        [
          414,
          233
        ],
        [
          414,
          233
        ],
        [
          427,
          217
        ],
        [
          427,
          216
        ],
        [
          427,
          200
        ],
        [
          427,
          183
        ],
        [
          427,
          167
        ],
        [
          427,
          150
        ],
        [
          427,
          150
        ],
        [
          414,
          142
        ],
        [
          407,
          133
        ],
        [
          401,
          125
        ],
        [
          394,
          117
        ],
        [
          387,
          108
        ],
        [
          383,
          100
        ],
        [
          374,
          84
        ],
        [
          374,
          83
        ],
        [
          361,
          67
        ],
        [
          361,
          67
        ],
        [
          348,
          59
        ],
        [
          339,
          50
        ],
        [
          335,
          47
        ],
        [
          322,
          37
        ],
        [
          317,
          34
        ],
        [
          309,
          25
        ],
        [
          296,
          17
        ],
        [
          296,
          17
        ],
        [
          283,
          0
        ],
        [
          282,
          0
        ],
        [
          282,
          0
        ]
      ]
    },
    {
      "elevation": 250,
      "elevation_bbox_pixels": [
        149.82765710329855,
        47.058316000668356,
        53.13802702074432,
        32.203652538496954
      ],
      "contour_line_pixels": []
    },
    {
      "elevation": 175,
      "elevation_bbox_pixels": [
        225.38344296402127,
        107.5933579160938,
        49.00179217425054,
        23.807684608993327
      ],