{
  "image": {
    "path": "N63E016_0977.png",
    "size": {
      "height": 512,
      "width": 512
    }
  },
  "labels": [
    {
      "elevation": 350,
      "elevation_bbox_pixels": [
        161.0007601606705,
        42.163994205469066,
        30.436333372155445,
        16.986633632228177
      ],
      "contour_line_pixels": []
    },
    {
      "elevation": 350,
      "elevation_bbox_pixels": [
        191.72579999104238,
        92.12972024791588,
        37.094580753548485,
        18.975798033444335
      ],
      "contour_line_pixels": [
        [
          142,
          122
        ],
        [
          131,
          117
        ],
        [
          131,
          102
        ],
        [
          142,
          98
        ],
        [
          160,
          97
        ],
        [
          178,
          100
        ],
        [
          181,
          102
        ],
        [
          186,
          117
        ],
        [
          178,
          122
        ],
        [
          160,
          124
        ],
        [
          142,
          122
        ]
      ]
    },
    {
      "elevation": 375,
      "elevation_bbox_pixels": [
        331.9892628158615,
        373.5967501263034,
        25.818522519479075,
        15.967150735036967
      ],
      "contour_line_pixels": [
        [
          324,
          382
        ],
        [
          318,
          374
        ],
        [
          317,
          359
        ],
        [
          324,
          344
        ],
        [
          324,
          344
        ],
        [
          342,
          335
        ],
        [
          355,
          329
        ],
        [
          361,
          328
        ],
        [
          379,
          325
        ],
        [
          397,
          325
        ],
        [
          415,
          325
        ],
        [
          434,
          325
        ],
        [
          447,
          329
        ],
        [
          452,
          332
        ],
        [
          470,
          339
        ],
        [
          484,
          344
        ],
        [
          488,
          352
        ],
        [
          492,
          359
        ],
        [
          497,
          374
        ],
        [
          495,
          390
        ],
        [
          488,
          403
        ],
        [
          485,
          405
        ],
        [
          470,
          409
        ],
        [
          452,
          409
        ],
        [
          434,
          409
        ],
        [
          415,
          407
        ],
        [
          397,
          405
        ],
        [
          397,
          405
        ],
        [
          379,
          400
        ],
        [
          361,
          397
        ],
        [
          342,
          393
        ],
        [
          333,
          390
        ],
        [
          324,
          382
        ]
      ]
    },
    {
      "elevation": 350,
      "elevation_bbox_pixels": [
        295.98345933034864,
        278.0691319539568,
        55.66074471569459,
        26.88463934494507
      ],
      "contour_line_pixels": []
    },
    {
      "elevation": 325,
      "elevation_bbox_pixels": [
        228.3403096225627,
        431.1173761314614,
        51.154906233460224,
        27.348693627418122
      ],
      "contour_line_pixels": []
    },
    {
      "elevation": 300,
      "elevation_bbox_pixels": [
        288.22069565943315,
        458.36606471956776,
        34.68355443095345,
        16.318276442697794
      ],
      "contour_line_pixels": [
        [
          510,
          512
        ],
        [
          506,
          511
        ],
        [
          506,
          511
        ],
        [
          488,
          507
        ],
        [
          470,
          498
        ],
        [
          461,
          495
        ],
        [
          452,
          488
        ],
        [
          443,
          480
        ],
        [
          434,
          478
        ],
        [
          415,
          473
        ],
        [
          397,
          467
        ],
        [
          379,
          465
        ],
        [
          361,
          469
        ],
        [
          342,
          471
        ],
        [
          324,
          473
        ],
        [
          306,
          472
        ],
        [
          288,
          471
        ],
        [
          270,
          470
        ],
        [
          254,
          465
        ],
        [
          251,
          464
        ],
        [
          233,
          464
        ],
        [
          215,
          463
        ],
        [
          197,
          460
        ],
        [
          178,
          458
        ],
        [
          160,
          458
        ],
        [
          142,
          459
        ],
        [
          124,
          459
        ],
        [
          106,
          458
        ],
        [
          87,
          455
        ],
        [
          69,
          453
        ],
        [
          51,
          453
        ],
        [
          33,
          450
        ],
        [
          14,
          450
        ],
        [
          0,
          462
        ]
      ]
    },
    {
      "elevation": 275,
      "elevation_bbox_pixels": [
        200.63356996586532,
        477.5842159444064,
        52.872086126010686,
        32.446121788105316
      ],
      "contour_line_pixels": [
        [
          384,
          512
        ],
        [
          379,
          511
        ],
        [
          379,
          511
        ],
        [
          361,
          506
        ],
        [
          342,
          506
        ],
        [
          324,
          505
        ],
        [
          306,
          504
        ],
        [
          288,
          504
        ],
        [
          270,
          502
        ],
        [
          251,
          501
        ],
        [
          233,
          498
        ],
        [
          215,
          495
        ],
        [
          214,
          495
        ],
        [
          197,
          494
        ],
        [
          178,
          494
        ],
        [
          161,
          495
        ],
        [
          160,
          495
        ],
        [
          142,
          498
        ],
        [
          124,
          503
        ],
        [
          115,
          511
        ],
        [
          111,
          512
        ]
      ]
    }
  ]
}