{
  "image": {
    "path": "N63E016_0373.png",
    "size": {
      "height": 512,
      "width": 512
    }
  },
  "labels": [
    {
      "elevation": 325,
      "elevation_bbox_pixels": [
        192.9846724485768,
        95.58864112277627,
        25.053202375287867,
        15.06642094421909
      ],
      "contour_line_pixels": [
        [
          199,
          124
        ],
        [
          182,
          125
        ],
        [
          164,
          122
        ],
        [
          150,
          117
        ],
        [
          147,
          112
        ],
        [
          137,
          100
        ],
        [
          147,
          94
        ],
        [
          164,
          92
        ],
        [
          182,
          94
        ],
        [
          199,
          98
        ],
        [
          202,
          100
        ],
        [
          212,
          117
        ],
        [
          199,
          124
        ]
      ]
    },
    {
      "elevation": 300,
      "elevation_bbox_pixels": [
        174.66524440694675,
        52.09764434512516,
        45.5217164394291,
        29.385060638211712
      ],
      "contour_line_pixels": [
        [
          216,
          152
        ],
        [
          199,
          153
        ],
        [
          182,
          153
        ],
        [
          164,
          152
        ],
        [
          147,
          150
        ],
        [
          147,
          150
        ],
        [
          130,
          146
        ],
        [
          112,
          141
        ],
        [
          98,
          133
        ],
        [
          95,
          131
        ],
        [
          78,
          117
        ],
        [
          60,
          117
        ],
        [
          60,
          117
        ],
        [
          43,
          100
        ],
        [
          43,
          100
        ],
        [
          43,
          83
        ],
        [
          43,
          83
        ],
        [
          60,
          67
        ],
        [
          60,
          67
        ],
        [
          78,
          66
        ],
        [
          95,
          66
        ],
        [
          112,
          67
        ],
        [
          130,
          67
        ],
        [
          147,
          67
        ],
        [
          147,
          67
        ],
        [
          164,
          68
        ],
        [
          182,
          69
        ],
        [
          199,
          71
        ],
        [
          216,
          80
        ],
        [
          222,
          83
        ],
        [
          233,
          100
        ],
        [
          233,
          117
        ],
        [
          231,
          133
        ],
        [
          227,
          150
        ],
        [
          216,
          152
        ]
      ]
    },
    {
      "elevation": 300,
      "elevation_bbox_pixels": [
        264.00431774668823,
        182.11863068880228,
        58.858176867154725,
        32.97121744895924
      ],
      "contour_line_pixels": [
        [
          355,
          201
        ],
        [
          337,
          201
        ],
        [
          329,
          200
        ],
        [
          337,
          199
        ],
        [
          355,
          199
        ],
        [
          363,
          200
        ],
        [
          355,
          201
        ]
      ]
    },
    {
      "elevation": 350,
      "elevation_bbox_pixels": [
        137.08508215106832,
        309.6979559198064,
        49.23320357009686,
        25.663562888923025
      ],
      "contour_line_pixels": [
        [
          0,
          280
        ],
        [
          8,
          280
        ],
        [
          17,
          283
        ],
        [
          26,
          287
        ],
        [
          43,
          295
        ],
        [
          48,
          299
        ],
        [
          46,
          316
        ],
        [
          43,
          318
        ],
        [
          26,
          332
        ],
        [
          26,
          332
        ],
        [
          15,
          349
        ],
        [
          8,
          353
        ],
        [
          0,
          356
        ]
      ]
    },
    {
      "elevation": 300,
      "elevation_bbox_pixels": [
        134.78839837482082,
        239.35118723319567,
        45.499157236563065,
        26.18125342840881
      ],
      "contour_line_pixels": []
    },
    {
      "elevation": 275,
      "elevation_bbox_pixels": [
        308.82611241834275,
        222.1955493111609,
        49.75521156454852,
        32.081941140260824
      ],
      "contour_line_pixels": []
    },
    {
      "elevation": 250,
      "elevation_bbox_pixels": [
        262.99005782006446,
        455.7968071731569,
        50.394742636673186,
        30.123031613916595
      ],
      "contour_line_pixels": []
    }
  ]
}