{
  "image": {
    "path": "N63E016_1091.png",
    "size": {
      "height": 512,
      "width": 512
    }
  },
  "labels": [
    {
      "elevation": 275,
      "elevation_bbox_pixels": [
        152.46072719051062,
        32.304663355875505,
        37.946561493970876,
        23.014864544489
      ],
      "contour_line_pixels": []
    },
    {
      "elevation": 275,
      "elevation_bbox_pixels": [
        355.6661036473324,
        182.12242467579512,
        38.43830911883197,
        20.92652947932322
      ],
      "contour_line_pixels": [
        [
          512,
          239
        ],
        [
          508,
          239
        ],
        [
          494,
          236
        ],
        [
          493,
          236
        ],
        [
          479,
          226
        ],
        [
          464,
          219
        ],
        [
          459,
          214
        ],
        [
          449,
          204
        ],
        [
          442,
          193
        ],
        [
          435,
          182
        ],
        [
          428,
          171
        ],
        [
          420,
          162
        ],
        [
          405,
          152
        ],
        [
          402,
          150
        ],
        [
          390,
          142
        ],
        [
          375,
          137
        ],
        [
          361,
          129
        ],
        [
          361,
          129
        ],
        [
          357,
          107
        ],
        [
          361,
          105
        ],
        [
          375,
          98
        ],
        [
          390,
          97
        ],
        [
          405,
          97
        ],
        [
          420,
          97
        ],
        [
          435,
          99
        ],
        [
          449,
          102
        ],
        [
          464,
          106
        ],
        [
          468,
          107
        ],
        [
          479,
          114
        ],
        [
          494,
          119
        ],
        [
          508,
          122
        ],
        [
          512,
          123
        ]
      ]
    },
    {
      "elevation": 225,
      "elevation_bbox_pixels": [
        136.96555025822877,
        262.5925917894557,
        32.30417188868768,
        21.49263529405448
      ],
      "contour_line_pixels": []
    }
  ]
}