{
  "image": {
    "path": "N63E016_0859.png",
    "size": {
      "height": 512,
      "width": 512
    }
  },
  "labels": [
    {
      "elevation": 300,
      "elevation_bbox_pixels": [
        27.82337170566473,
        404.81289808665656,
        35.88746199208231,
        23.12759182081976
      ],
      "contour_line_pixels": []
    },
    {
      "elevation": 375,
      "elevation_bbox_pixels": [
        456.2742502227984,
        380.5413906094066,
        57.25557405683685,
        35.7535469086082
      ],
      "contour_line_pixels": [
        [
          438,
          512
        ],
        [
          437,
          502
        ],
        [
          440,
          479
        ],
        [
          440,
          456
        ],
        [
          440,
          455
        ],
        [
          445,
          433
        ],
        [
          450,
          429
        ],
        [
          460,
          416
        ],
        [
          466,
          410
        ],
        [
          471,
          407
        ],
        [
          481,
          401
        ],
        [
          491,
          396
        ],
        [
          501,
          393
        ],
        [
          511,
          391
        ],
        [
          512,
          390
        ]
      ]
    },
    {
      "elevation": 350,
      "elevation_bbox_pixels": [
        317.85983249105857,
        407.1720351471763,
        30.29825771261949,
        18.49611380794795
      ],
      "contour_line_pixels": [
        [
          291,
          512
        ],
        [
          289,
          502
        ],
        [
          289,
          502
        ],
        [
          289,
          501
        ],
        [
          295,
          479
        ],
        [
          299,
          473
        ],
        [
          309,
          460
        ],
        [
          313,
          456
        ],
        [
          319,
          445
        ],
        [
          324,
          433
        ],
        [
          329,
          428
        ],
        [
          335,
          410
        ],
        [
          339,
          402
        ],
        [
          349,
          395
        ],
        [
          360,
          393
        ],
        [
          370,
          392
        ],
        [
          380,
          390
        ],
        [
          385,
          388
        ],
        [
          390,
          385
        ],
        [
          400,
          381
        ],
        [
          410,
          374
        ],
        [
          420,
          365
        ],
        [
          420,
          365
        ],
        [
          430,
          357
        ],
        [
          440,
          354
        ],
        [
          450,
          352
        ],
        [
          460,
          347
        ],
        [
          471,
          344
        ],
        [
          476,
          342
        ],
        [
          481,
          340
        ],
        [
          491,
          336
        ],
        [
          501,
          332
        ],
        [
          511,
          330
        ],
        [
          512,
          330
        ]
      ]
    },
    {
      "elevation": 325,
      "elevation_bbox_pixels": [
        317.5551398993026,
        352.7285950044976,
        54.802177631431505,
        28.797542365106608
      ],
      "contour_line_pixels": [
        [
          271,
          512
        ],
        [
          269,
          502
        ],
        [
          269,
          502
        ],
        [
          269,
          501
        ],
        [
          270,
          479
        ],
        [
          279,
          465
        ],
        [
          286,
          456
        ],
        [
          289,
          450
        ],
        [
          298,
          433
        ],
        [
          299,
          431
        ],
        [
          309,
          416
        ],
        [
          312,
          410
        ],
        [
          319,
          396
        ],
        [
          323,
          388
        ],
        [
          329,
          376
        ],
        [
          339,
          371
        ],
        [
          349,
          365
        ],
        [
          349,
          365
        ],
        [
          360,
          352
        ],
        [
          370,
          347
        ],
        [
          377,
          342
        ],
        [
          380,
          339
        ],
        [
          390,
          330
        ],
        [
          400,
          324
        ],
        [
          407,
          319
        ],
        [
          410,
          316
        ],
        [
          420,
          309
        ],
        [
          430,
          306
        ],
        [
          440,
          304
        ],
        [
          450,
          302
        ],
        [
          460,
          297
        ],
        [
          460,
          297
        ],
        [
          471,
          288
        ],
        [
          481,
          283
        ],
        [
          491,
          280
        ],
        [
          501,
          274
        ],
        [
          501,
          274
        ],
        [
          511,
          264
        ],
        [
          512,
          263
        ]
      ]
    },
    {
      "elevation": 300,
      "elevation_bbox_pixels": [
        356.1013973290279,
        169.4762715736399,
        38.00957059408461,
        21.56846538381751
      ],
      "contour_line_pixels": [
        [
          260,
          512
        ],
        [
          259,
          502
        ],
        [
          260,
          479
        ],
        [
          264,
          456
        ],
        [
          269,
          445
        ],
        [
          274,
          433
        ],
        [
          279,
          424
        ],
        [
          285,
          410
        ],
        [
          289,
          397
        ],
        [
          294,
          388
        ],
        [
          299,
          365
        ],
        [
          299,
          365
        ],
        [
          309,
          342
        ],
        [
          309,
          342
        ],
        [
          319,
          319
        ],
        [
          319,
          319
        ],
        [
          321,
          297
        ],
        [
          321,
          274
        ],
        [
          321,
          251
        ],
        [
          319,
          229
        ],
        [
          319,
          228
        ],
        [
          319,
          206
        ],
        [
          319,
          205
        ],
        [
          329,
          190
        ],
        [
          339,
          183
        ],
        [
          339,
          183
        ],
        [
          349,
          180
        ],
        [
          360,
          180
        ],
        [
          370,
          180
        ],
        [
          380,
          180
        ],
        [
          390,
          180
        ],
        [
          400,
          180
        ],
        [
          410,
          180
        ],
        [
          420,
          183
        ],
        [
          430,
          183
        ],
        [
          440,
          183
        ],
        [
          450,
          183
        ],
        [
          460,
          183
        ],
        [
          471,
          179
        ],
        [
          481,
          176
        ],
        [
          491,
          174
        ],
        [
          501,
          174
        ],
        [
          511,
          174
        ],
        [
          512,
          174
        ]
      ]
    },
    {
      "elevation": 275,