{
  "image": {
    "path": "N63E016_0517.png",
    "size": {
      "height": 512,
      "width": 512
    }
  },
  "labels": [
    {
      "elevation": 375,
      "elevation_bbox_pixels": [
        0.5794665050816192,
        36.79864888629885,
        43.69389536274692,
        24.464067740533324
      ],
      "contour_line_pixels": [
        [
          42,
          0
        ],
        [
          36,
          8
        ],
        [
          27,
          6
        ],
        [
          18,
          2
        ],
        [
          10,
          0
        ]
      ]
    },
    {
      "elevation": 300,
      "elevation_bbox_pixels": [
        303.5909715201541,
        303.47511586057374,
        36.152239533407055,
        22.78225522442949
      ],
      "contour_line_pixels": [
        [
          316,
          368
        ],
        [
          316,
          367
        ],
        [
          307,
          344
        ],
        [
          307,
          344
        ],
        [
          307,
          343
        ],
        [
          316,
          320
        ],
        [
          316,
          320
        ],
        [
          316,
          320
        ],
        [
          325,
          332
        ],
        [
          334,
          336
        ],
        [
          342,
          344
        ],
        [
          342,
          344
        ],
        [
          342,
          367
        ],
        [
          342,
          368
        ],
        [
          334,
          368
        ],
        [
          325,
          368
        ],
        [
          316,
          368
        ]
      ]
    },
    {
      "elevation": 350,
      "elevation_bbox_pixels": [
        67.95728881404226,
        116.74098122641112,
        26.115557507198247,
        15.569639875373923
      ],
      "contour_line_pixels": []
    },
    {
      "elevation": 300,
      "elevation_bbox_pixels": [
        278.3135192675402,
        366.7744634346142,
        53.58040885231412,
        32.28906672652084
      ],
      "contour_line_pixels": [
        [
          316,
          486
        ],
        [
          316,
          485
        ],
        [
          307,
          481
        ],
        [
          299,
          472
        ],
        [
          290,
          467
        ],
        [
          284,
          462
        ],
        [
          281,
          461
        ],
        [
          272,
          456
        ],
        [
          263,
          446
        ],
        [
          259,
          438
        ],
        [
          255,
          421
        ],
        [
          252,
          415
        ],
        [
          255,
          407
        ],
        [
          263,
          394
        ],
        [
          272,
          393
        ],
        [
          281,
          394
        ],
        [
          290,
          396
        ],
        [
          299,
          401
        ],
        [
          307,
          414
        ],
        [
          307,
          415
        ],
        [
          316,
          426
        ],
        [
          325,
          438
        ],
        [
          334,
          438
        ],
        [
          334,
          438
        ],
        [
          342,
          461
        ],
        [
          342,
          462
        ],
        [
          342,
          485
        ],
        [
          342,
          486
        ],
        [
          334,
          486
        ],
        [
          325,
          487
        ],
        [
          316,
          486
        ]
      ]
    },
    {
      "elevation": 325,
      "elevation_bbox_pixels": [
        262.35065386333827,
        57.71927871286988,
        50.24934692657371,
        27.478839617927974
      ],
      "contour_line_pixels": []
    },
    {
      "elevation": 300,
      "elevation_bbox_pixels": [
        218.89072754519185,
        155.59288728186846,
        53.682569961298555,
        35.32659214090586
      ],
      "contour_line_pixels": []
    },
    {
      "elevation": 275,
      "elevation_bbox_pixels": [
        401.3203711493911,
        445.7536656684958,
        40.68558390236376,
        19.941067673122795
      ],
      "contour_line_pixels": []
    },
    {
      "elevation": 250,
      "elevation_bbox_pixels": [
        63.009472845841756,
        372.6847288074307,
        35.57844146162253,
        19.403959368102207
      ],
      "contour_line_pixels": [
        [
          110,
          512
        ],
        [
          110,
          509
        ],
        [
          106,
          504
        ],
        [
          97,
          496
        ],
        [
          91,
          485
        ],
        [
          88,
          478
        ],
        [
          82,
          462
        ],
        [
          79,
          446
        ],
        [
          77,
          438
        ],
        [
          79,
          415
        ],
        [
          79,
          415
        ],
        [
          86,
          391
        ],
        [
          84,
          367
        ],
        [
          79,
          360
        ],
        [
          71,
          344
        ],
        [
          71,
          344
        ],
        [
          62,
          330
        ],
        [
          53,
          323
        ],
        [
          51,
          320
        ],
        [
          44,
          297
        ],
        [
          44,
          297
        ],
        [
          36,
          278
        ],
        [
          34,
          273
        ],
        [
          27,
          261
        ],
        [
          21,
          250
        ],
        [
          18,
          246
        ],
        [
          9,
          240
        ],
        [
          1,
          233
        ],
        [
          0,
          232
        ]
      ]
    },
    {
      "elevation": 150,
      "elevation_bbox_pixels": [
        -17.836902537348156,
        455.21526379550085,
        36.022289745032204,
        21.275430294829874
      ],
      "contour_line_pixels": [
        [
          0,
          512
        ],
        [
          0,
          512
        ]
      ]
    },
    {
      "elevation": 200,
      "elevation_bbox_pixels": [
        -15.327194536805322,
        394.73717677081345,
        45.18573571829299,
        27.35981616796238
      ],
      "contour_line_pixels": [
        [
          49,
          512
        ],
        [
          46,
          509
        ],
        [
          44,
          506
        ],
        [
          36,
          495
        ],
        [
          28,
          485
        ],
        [
          27,
          483
        ],
        [
          18,
          467
        ],
        [
          14,
          462
        ],
        [
          9,
          449
        ],
        [
          6,
          438
        ],
        [
          7,
          415
        ],
        [
          8,
          391
        ],
        [
          1,
          367
        ],
        [
          1,
          366
        ],
        [
          0,
          365
        ]
      ]
    }
  ]
}