{
  "image": {
    "path": "N63E016_0352.png",
    "size": {
      "height": 512,
      "width": 512
    }
  },
  "labels": [
    {
      "elevation": 425,
      "elevation_bbox_pixels": [
        289.5604786902,
        285.3850276134518,
        42.454469071811104,
        26.14702416964218
      ],
      "contour_line_pixels": []
    },
    {
      "elevation": 400,
      "elevation_bbox_pixels": [
        255.5994494907829,
        100.28230068486641,
        50.754073783747685,
        30.504607060393482
      ],
      "contour_line_pixels": [
        [
          0,
          75
        ],
        [
          32,
          76
        ],
        [
          108,
          79
        ],
        [
          183,
          87
        ],
        [
          259,
          99
        ],
        [
          260,
          99
        ],
        [
          335,
          112
        ],
        [
          410,
          125
        ],
        [
          486,
          134
        ],
        [
          512,
          136
        ]
      ]
    },
    {
      "elevation": 375,
      "elevation_bbox_pixels": [
        213.81098098710436,
        10.69827717537055,
        51.07122523335693,
        26.13999034848075
      ],
      "contour_line_pixels": [
        [
          32,
          0
        ],
        [
          32,
          0
        ],
        [
          58,
          14
        ],
        [
          108,
          19
        ],
        [
          183,
          23
        ],
        [
          259,
          30
        ],
        [
          335,
          42
        ],
        [
          410,
          51
        ],
        [
          486,
          57
        ],
        [
          488,
          57
        ],
        [
          512,
          58
        ]
      ]
    }
  ]
}