{
  "image": {
    "path": "N63E016_1479.png",
    "size": {
      "height": 512,
      "width": 512
    }
  },
  "labels": [
    {
      "elevation": 300,
      "elevation_bbox_pixels": [
        226.81142276049133,
        418.6879799838558,
        27.383971833721603,
        15.253113693109071
      ],
      "contour_line_pixels": [
        [
          98,
          459
        ],
        [
          98,
          459
        ],
        [
          70,
          443
        ],
        [
          70,
          443
        ],
        [
          43,
          427
        ],
        [
          43,
          427
        ],
        [
          43,
          427
        ],
        [
          54,
          411
        ],
        [
          70,
          407
        ],
        [
          98,
          397
        ],
        [
          125,
          395
        ],
        [
          126,
          395
        ],
        [
          153,
          393
        ],
        [
          181,
          395
        ],
        [
          181,
          395
        ],
        [
          198,
          411
        ],
        [
          196,
          427
        ],
        [
          190,
          443
        ],
        [
          181,
          459
        ],
        [
          181,
          459
        ],
        [
          153,
          460
        ],
        [
          126,
          462
        ],
        [
          98,
          459
        ]
      ]
    },
    {
      "elevation": 250,
      "elevation_bbox_pixels": [
        255.8899447575837,
        300.50713047350405,
        56.26315723891901,
        30.363871033068335
      ],
      "contour_line_pixels": [
        [
          0,
          319
        ],
        [
          8,
          315
        ],
        [
          15,
          311
        ],
        [
          38,
          299
        ],
        [
          43,
          297
        ],
        [
          70,
          287
        ],
        [
          83,
          282
        ],
        [
          98,
          279
        ],
        [
          126,
          275
        ],
        [
          153,
          274
        ],
        [
          181,
          272
        ],
        [
          208,
          273
        ],
        [
          236,
          274
        ],
        [
          264,
          282
        ],
        [
          264,
          282
        ],
        [
          291,
          298
        ],
        [
          291,
          299
        ],
        [
          319,
          308
        ],
        [
          346,
          313
        ],
        [
          360,
          315
        ],
        [
          374,
          318
        ],
        [
          402,
          323
        ],
        [
          429,
          323
        ],
        [
          457,
          318
        ],
        [
          471,
          315
        ],
        [
          484,
          311
        ],
        [
          512,
          307
        ],
        [
          512,
          307
        ]
      ]
    },
    {
      "elevation": 225,
      "elevation_bbox_pixels": [
        201.34663039043627,
        242.47472053435962,
        38.86927567656454,
        21.953717156399847
      ],
      "contour_line_pixels": [
        [
          0,
          279
        ],
        [
          15,
          275
        ],
        [
          43,
          270
        ],
        [
          63,
          266
        ],
        [
          70,
          264
        ],
        [
          98,
          256
        ],
        [
          126,
          253
        ],
        [
          153,
          250
        ],
        [
          153,
          250
        ],
        [
          181,
          247
        ],
        [
          208,
          246
        ],
        [
          236,
          246
        ],
        [
          264,
          247
        ],
        [
          282,
          250
        ],
        [
          291,
          252
        ],
        [
          319,
          253
        ],
        [
          346,
          254
        ],
        [
          374,
          252
        ],
        [
          388,
          250
        ],
        [
          402,
          247
        ],
        [
          429,
          241
        ],
        [
          457,
          240
        ],
        [
          484,
          239
        ],
        [
          512,
          239
        ],
        [
          512,
          239
        ]
      ]
    },
    {
      "elevation": 200,
      "elevation_bbox_pixels": [
        204.92624105726156,
        149.10429676509074,
        39.69196790816454,
        21.01222096004369
      ],
      "contour_line_pixels": [
        [
          0,
          197
        ],
        [
          15,
          194
        ],
        [
          42,
          186
        ],
        [
          43,
          186
        ],
        [
          70,
          170
        ],
        [
          70,
          170
        ],
        [
          98,
          170
        ],
        [
          126,
          162
        ],
        [
          152,
          154
        ],
        [
          153,
          154
        ],
        [
          181,
          154
        ],
        [
          208,
          154
        ],
        [
          236,
          154
        ],
        [
          237,
          154
        ],
        [
          264,
          170
        ],
        [
          264,
          170
        ],
        [
          291,
          186
        ],
        [
          319,
          178
        ],
        [
          346,
          170
        ],
        [
          346,
          170
        ],
        [
          374,
          170
        ],
        [
          402,
          170
        ],
        [
          402,
          170
        ],
        [
          429,
          174
        ],
        [
          457,
          177
        ],
        [
          484,
          179
        ],
        [
          512,
          181
        ],
        [
          512,
          181
        ]
      ]
    }
  ]
}