{
  "image": {
    "path": "N63E016_1244.png",
    "size": {
      "height": 512,
      "width": 512
    }
  },
  "labels": [
    {
      "elevation": 375,
      "elevation_bbox_pixels": [
        177.6903656976756,
        32.28343534427148,
        44.11350798802596,
        22.231690299615025
      ],
      "contour_line_pixels": [
        [
          0,
          19
        ],
        [
          12,
          22
        ],
        [
          68,
          29
        ],
        [
          125,
          37
        ],
        [
          160,
          50
        ],
        [
          125,
          114
        ],
        [
          125,
          114
        ],
        [
          68,
          121
        ],
        [
          12,
          136
        ],
        [
          0,
          138
        ]
      ]
    },
    {
      "elevation": 350,
      "elevation_bbox_pixels": [
        268.5417621757518,
        105.58855850709739,
        53.79081622368483,
        28.985087208558866
      ],
      "contour_line_pixels": [
        [
          202,
          0
        ],
        [
          238,
          12
        ],
        [
          295,
          25
        ],
        [
          335,
          50
        ],
        [
          352,
          113
        ],
        [
          352,
          114
        ],
        [
          352,
          114
        ],
        [
          295,
          135
        ],
        [
          238,
          146
        ],
        [
          182,
          161
        ],
        [
          125,
          169
        ],
        [
          69,
          178
        ],
        [
          68,
          178
        ],
        [
          12,
          197
        ],
        [
          0,
          197
        ]
      ]
    },
    {
      "elevation": 325,
      "elevation_bbox_pixels": [
        231.254110882137,
        226.81875761876256,
        30.191843639669855,
        16.38196947987376
      ],
      "contour_line_pixels": []
    },
    {
      "elevation": 300,
      "elevation_bbox_pixels": [
        294.04673686224055,
        326.84438827623154,
        25.48203265348411,
        16.03141479029307
      ],
      "contour_line_pixels": [
        [
          512,
          303
        ],
        [
          465,
          303
        ],
        [
          410,
          306
        ],
        [
          408,
          307
        ],
        [
          352,
          338
        ],
        [
          295,
          360
        ],
        [
          240,
          370
        ],
        [
          238,
          372
        ],
        [
          182,
          371
        ],
        [
          125,
          383
        ],
        [
          68,
          394
        ],
        [
          12,
          388
        ],
        [
          0,
          386
        ]
      ]
    },
    {
      "elevation": 350,
      "elevation_bbox_pixels": [
        356.9871135964413,
        489.94104470040276,
        38.48094848769142,
        22.16526195951552
      ],
      "contour_line_pixels": [
        [
          512,
          500
        ],
        [
          465,
          504
        ],
        [
          454,
          512
        ]
      ]
    },
    {
      "elevation": 325,
      "elevation_bbox_pixels": [
        326.317072897323,
        463.2196546684356,
        29.07386512311632,
        17.47501384590529
      ],
      "contour_line_pixels": [
        [
          512,
          459
        ],
        [
          465,
          460
        ],
        [
          408,
          477
        ],
        [
          367,
          499
        ],
        [
          352,
          510
        ],
        [
          346,
          512
        ]
      ]
    },
    {
      "elevation": 300,
      "elevation_bbox_pixels": [
        294.97189232304623,
        415.3739266179023,
        38.3859498960818,
        25.79473918723204
      ],
      "contour_line_pixels": [
        [
          118,
          512
        ],
        [
          125,
          505
        ],
        [
          180,
          499
        ],
        [
          182,
          498
        ],
        [
          238,
          444
        ],
        [
          295,
          439
        ],
        [
          352,
          438
        ],
        [
          366,
          435
        ],
        [
          408,
          396
        ],
        [
          465,
          387
        ],
        [
          512,
          382
        ]
      ]
    }
  ]
}