{
  "image": {
    "path": "N63E016_0236.png",
    "size": {
      "height": 512,
      "width": 512
    }
  },
  "labels": [
    {
      "elevation": 300,
      "elevation_bbox_pixels": [
        256.25882495973195,
        -10.04460862547728,
        41.90007626180898,
        25.714475951876636
      ],
      "contour_line_pixels": [
        [
          342,
          0
        ],
        [
          330,
          3
        ],
        [
          330,
          3
        ],
        [
          307,
          3
        ],
        [
          307,
          3
        ],
        [
          294,
          0
        ]
      ]
    },
    {
      "elevation": 375,
      "elevation_bbox_pixels": [
        167.9853322194466,
        129.85743909121652,
        48.88147404325741,
        29.02443531151539
      ],
      "contour_line_pixels": [
        [
          0,
          111
        ],
        [
          13,
          117
        ],
        [
          35,
          123
        ],
        [
          40,
          125
        ],
        [
          58,
          134
        ],
        [
          72,
          143
        ],
        [
          81,
          153
        ],
        [
          88,
          160
        ],
        [
          81,
          163
        ],
        [
          58,
          167
        ],
        [
          35,
          169
        ],
        [
          13,
          170
        ],
        [
          0,
          170
        ]
      ]
    },
    {
      "elevation": 325,
      "elevation_bbox_pixels": [
        214.22485820136905,
        215.0865003088262,
        52.4689639672323,
        30.00689503620265
      ],
      "contour_line_pixels": [
        [
          0,
          49
        ],
        [
          13,
          50
        ],
        [
          32,
          55
        ],
        [
          35,
          56
        ],
        [
          58,
          66
        ],
        [
          68,
          73
        ],
        [
          81,
          81
        ],
        [
          100,
          90
        ],
        [
          103,
          92
        ],
        [
          126,
          104
        ],
        [
          132,
          108
        ],
        [
          148,
          114
        ],
        [
          161,
          125
        ],
        [
          162,
          143
        ],
        [
          171,
          152
        ],
        [
          183,
          160
        ],
        [
          194,
          166
        ],
        [
          216,
          172
        ],
        [
          239,
          175
        ],
        [
          262,
          176
        ],
        [
          284,
          178
        ],
        [
          284,
          178
        ],
        [
          302,
          195
        ],
        [
          303,
          212
        ],
        [
          307,
          216
        ],
        [
          325,
          230
        ],
        [
          330,
          233
        ],
        [
          348,
          247
        ],
        [
          330,
          261
        ],
        [
          316,
          265
        ],
        [
          307,
          268
        ],
        [
          284,
          269
        ],
        [
          275,
          265
        ],
        [
          262,
          261
        ],
        [
          239,
          254
        ],
        [
          228,
          247
        ],
        [
          216,
          237
        ],
        [
          211,
          230
        ],
        [
          194,
          225
        ],
        [
          171,
          216
        ],
        [
          158,
          212
        ],
        [
          148,
          210
        ],
        [
          126,
          209
        ],
        [
          103,
          206
        ],
        [
          81,
          203
        ],
        [
          58,
          200
        ],
        [
          35,
          200
        ],
        [
          13,
          203
        ],
        [
          0,
          204
        ]
      ]
    },
    {
      "elevation": 350,
      "elevation_bbox_pixels": [
        210.06620382651238,
        295.9790436396932,
        40.00653445441708,
        24.317394563537505
      ],
      "contour_line_pixels": [
        [
          194,
          317
        ],
        [
          194,
          317
        ],
        [
          171,
          300
        ],
        [
          171,
          300
        ],
        [
          171,
          300
        ],
        [
          171,
          300
        ],
        [
          194,
          317
        ],
        [
          194,
          317
        ],
        [
          194,
          317
        ]
      ]
    },
    {
      "elevation": 325,
      "elevation_bbox_pixels": [
        191.02398137949677,
        390.5435063132754,
        52.69371012003319,
        31.66002917490559
      ],
      "contour_line_pixels": [
        [
          103,
          432
        ],
        [
          86,
          422
        ],
        [
          88,
          405
        ],
        [
          103,
          400
        ],
        [
          126,
          399
        ],
        [
          142,
          405
        ],
        [
          148,
          408
        ],
        [
          168,
          422
        ],
        [
          148,
          435
        ],
        [
          126,
          436
        ],
        [
          103,
          432
        ]
      ]
    },
    {
      "elevation": 275,
      "elevation_bbox_pixels": [
        304.54280873033395,
        486.16202592839034,
        48.03192755486003,
        31.17860588080231
      ],
      "contour_line_pixels": [
        [
          414,
          512
        ],
        [
          420,
          510
        ],
        [
          423,
          510
        ],
        [
          443,
          504
        ],
        [
          465,
          502
        ],
        [
          488,
          506
        ],
        [
          494,
          510
        ],
        [
          496,
          512
        ]
      ]
    },
    {
      "elevation": 275,
      "elevation_bbox_pixels": [
        259.3398474084751,
        123.5685339481036,
        35.749385626972185,
        20.014501719376653
      ],
      "contour_line_pixels": []
    },
    {
      "elevation": 250,
      "elevation_bbox_pixels": [
        315.6841767716187,
        283.7714677065768,
        33.23012253652087,
        19.423727392839453
      ],