{
  "image": {
    "path": "N63E016_0178.png",
    "size": {
      "height": 512,
      "width": 512
    }
  },
  "labels": [
    {
      "elevation": 400,
      "elevation_bbox_pixels": [
        399.892078729998,
        241.38379450850698,
        39.84474250159758,
        24.651487574250467
      ],
      "contour_line_pixels": [
        [
          512,
          351
        ],
        [
          504,
          342
        ],
        [
          504,
          342
        ],
        [
          494,
          323
        ],
        [
          493,
          318
        ],
        [
          484,
          304
        ],
        [
          481,
          285
        ],
        [
          470,
          285
        ],
        [
          470,
          285
        ],
        [
          470,
          285
        ],
        [
          474,
          266
        ],
        [
          473,
          247
        ],
        [
          470,
          228
        ],
        [
          470,
          228
        ],
        [
          470,
          209
        ],
        [
          470,
          209
        ],
        [
          481,
          202
        ],
        [
          493,
          199
        ],
        [
          504,
          199
        ],
        [
          512,
          196
        ]
      ]
    },
    {
      "elevation": 400,
      "elevation_bbox_pixels": [
        349.8880164426654,
        196.5218812089767,
        45.521716439429156,
        29.385060638211712
      ],
      "contour_line_pixels": [
        [
          402,
          399
        ],
        [
          401,
          399
        ],
        [
          390,
          400
        ],
        [
          379,
          400
        ],
        [
          378,
          399
        ],
        [
          367,
          390
        ],
        [
          361,
          380
        ],
        [
          356,
          378
        ],
        [
          344,
          376
        ],
        [
          336,
          361
        ],
        [
          337,
          342
        ],
        [
          341,
          323
        ],
        [
          344,
          320
        ],
        [
          354,
          304
        ],
        [
          356,
          301
        ],
        [
          367,
          285
        ],
        [
          367,
          285
        ],
        [
          375,
          266
        ],
        [
          377,
          247
        ],
        [
          379,
          234
        ],
        [
          384,
          228
        ],
        [
          390,
          218
        ],
        [
          401,
          211
        ],
        [
          413,
          211
        ],
        [
          424,
          209
        ],
        [
          424,
          209
        ],
        [
          424,
          209
        ],
        [
          436,
          218
        ],
        [
          441,
          228
        ],
        [
          442,
          247
        ],
        [
          441,
          266
        ],
        [
          436,
          274
        ],
        [
          424,
          285
        ],
        [
          436,
          304
        ],
        [
          436,
          304
        ],
        [
          436,
          305
        ],
        [
          432,
          323
        ],
        [
          424,
          336
        ],
        [
          423,
          342
        ],
        [
          422,
          361
        ],
        [
          418,
          380
        ],
        [
          413,
          395
        ],
        [
          402,
          399
        ]
      ]
    },
    {
      "elevation": 400,
      "elevation_bbox_pixels": [
        324.16192747063315,
        431.8202325989743,
        58.858176867154725,
        32.971217448959266
      ],
      "contour_line_pixels": [
        [
          333,
          512
        ],
        [
          333,
          495
        ],
        [
          333,
          494
        ],
        [
          344,
          476
        ],
        [
          333,
          457
        ],
        [
          333,
          457
        ],
        [
          333,
          456
        ],
        [
          344,
          437
        ],
        [
          344,
          437
        ],
        [
          356,
          437
        ],
        [
          367,
          418
        ],
        [
          367,
          418
        ],
        [
          367,
          418
        ],
        [
          379,
          437
        ],
        [
          379,
          437
        ],
        [
          390,
          456
        ],
        [
          390,
          457
        ],
        [
          401,
          475
        ],
        [
          413,
          475
        ],
        [
          413,
          476
        ],
        [
          424,
          482
        ],
        [
          436,
          490
        ],
        [
          439,
          495
        ],
        [
          447,
          504
        ],
        [
          456,
          512
        ]
      ]
    },
    {
      "elevation": 375,
      "elevation_bbox_pixels": [
        366.89803287977645,
        135.87351296005806,
        49.10915936064089,
        25.64813453514057
      ],
      "contour_line_pixels": []
    },
    {
      "elevation": 350,
      "elevation_bbox_pixels": [
        219.8365981353103,
        318.1375332894953,
        49.75545528225953,
        26.466965639268153
      ],