{
  "image": {
    "path": "N63E016_0879.png",
    "size": {
      "height": 512,
      "width": 512
    }
  },
  "labels": [
    {
      "elevation": 300,
      "elevation_bbox_pixels": [
        249.0482558910442,
        1.8197615299935705,
        44.3723234010981,
        25.61993092957823
      ],
      "contour_line_pixels": [
        [
          258,
          65
        ],
        [
          329,
          19
        ],
        [
          258,
          11
        ],
        [
          186,
          11
        ],
        [
          113,
          11
        ],
        [
          77,
          19
        ],
        [
          113,
          65
        ],
        [
          186,
          65
        ],
        [
          258,
          65
        ]
      ]
    },
    {
      "elevation": 350,
      "elevation_bbox_pixels": [
        222.40596011833782,
        331.37700032264604,
        55.97931692644897,
        31.77849781497099
      ],
      "contour_line_pixels": []
    },
    {
      "elevation": 325,
      "elevation_bbox_pixels": [
        226.79866613621465,
        272.1821455068386,
        38.361905563173536,
        24.27078520181351
      ],
      "contour_line_pixels": []
    },
    {
      "elevation": 300,
      "elevation_bbox_pixels": [
        335.3323865338111,
        81.89176545469797,
        33.189174721320455,
        20.67580258118437
      ],
      "contour_line_pixels": []
    }
  ]
}