{
  "image": {
    "path": "N63E016_0823.png",
    "size": {
      "height": 512,
      "width": 512
    }
  },
  "labels": [
    {
      "elevation": 100,
      "elevation_bbox_pixels": [
        175.3760079493262,
        482.55018492580524,
        30.43960646882556,
        19.134939115454628
      ],
      "contour_line_pixels": []
    },
    {
      "elevation": 200,
      "elevation_bbox_pixels": [
        303.8837586291809,
        41.539014995803996,
        55.038055339763105,
        33.070662365280214
      ],
      "contour_line_pixels": [
        [
          512,
          69
        ],
        [
          506,
          67
        ],
        [
          476,
          60
        ],
        [
          462,
          58
        ],
        [
          447,
          57
        ],
        [
          417,
          50
        ],
        [
          388,
          38
        ],
        [
          379,
          34
        ],
        [
          358,
          15
        ],
        [
          339,
          10
        ],
        [
          335,
          0
        ]
      ]
    },
    {
      "elevation": 125,
      "elevation_bbox_pixels": [
        267.42418775752816,
        368.0169545064359,
        45.77578004219242,
        21.21988005998439
      ],
      "contour_line_pixels": []
    },
    {
      "elevation": 150,
      "elevation_bbox_pixels": [
        235.9467402592611,
        119.14758841380245,
        42.94425494563393,
        26.085172956087604
      ],
      "contour_line_pixels": [
        [
          512,
          196
        ],
        [
          506,
          194
        ],
        [
          476,
          184
        ],
        [
          447,
          179
        ],
        [
          446,
          179
        ],
        [
          417,
          173
        ],
        [
          388,
          167
        ],
        [
          358,
          160
        ],
        [
          329,
          155
        ],
        [
          329,
          155
        ],
        [
          299,
          145
        ],
        [
          270,
          135
        ],
        [
          255,
          131
        ],
        [
          240,
          126
        ],
        [
          211,
          116
        ],
        [
          191,
          106
        ],
        [
          181,
          100
        ],
        [
          152,
          88
        ],
        [
          142,
          82
        ],
        [
          122,
          74
        ],
        [
          93,
          63
        ],
        [
          83,
          58
        ],
        [
          63,
          50
        ],
        [
          34,
          38
        ],
        [
          19,
          34
        ],
        [
          4,
          26
        ],
        [
          0,
          22
        ]
      ]
    }
  ]
}