{
  "image": {
    "path": "N63E016_1280.png",
    "size": {
      "height": 512,
      "width": 512
    }
  },
  "labels": [
    {
      "elevation": 275,
      "elevation_bbox_pixels": [
        115.6300752254991,
        166.39431397633308,
        59.222149672434455,
        31.96628594039646
      ],
      "contour_line_pixels": []
    },
    {
      "elevation": 225,
      "elevation_bbox_pixels": [
        318.8372356518384,
        247.16428542715084,
        59.03125435960658,
        34.103838308797094
      ],
      "contour_line_pixels": []
    },
    {
      "elevation": 225,
      "elevation_bbox_pixels": [
        217.2625761229714,
        427.2514539739648,
        29.629697473429758,
        16.473322496922748
      ],
      "contour_line_pixels": [
        [
          512,
          18
        ],
        [
          499,
          27
        ],
        [
          499,
          27
        ],
        [
          477,
          34
        ],
        [
          455,
          49
        ],
        [
          455,
          49
        ],
        [
          433,
          71
        ],
        [
          433,
          71
        ],
        [
          422,
          93
        ],
        [
          411,
          115
        ],
        [
          411,
          116
        ],
        [
          400,
          137
        ],
        [
          389,
          159
        ],
        [
          389,
          160
        ],
        [
          378,
          181
        ],
        [
          367,
          192
        ],
        [
          356,
          203
        ],
        [
          345,
          210
        ],
        [
          330,
          225
        ],
        [
          323,
          236
        ],
        [
          312,
          247
        ],
        [
          301,
          255
        ],
        [
          286,
          269
        ],
        [
          279,
          291
        ],
        [
          279,
          313
        ],
        [
          286,
          335
        ],
        [
          279,
          357
        ],
        [
          279,
          358
        ],
        [
          268,
          379
        ],
        [
          257,
          390
        ],
        [
          246,
          401
        ],
        [
          235,
          423
        ],
        [
          235,
          424
        ],
        [
          213,
          431
        ],
        [
          191,
          440
        ],
        [
          170,
          445
        ],
        [
          169,
          446
        ],
        [
          147,
          446
        ],
        [
          125,
          446
        ],
        [
          103,
          446
        ],
        [
          103,
          445
        ],
        [
          81,
          441
        ],
        [
          59,
          437
        ],
        [
          37,
          432
        ],
        [
          15,
          428
        ],
        [
          0,
          425
        ]
      ]
    }
  ]
}