{
  "image": {
    "path": "N63E016_0218.png",
    "size": {
      "height": 512,
      "width": 512
    }
  },
  "labels": [
    {
      "elevation": 200,
      "elevation_bbox_pixels": [
        121.79487082514525,
        168.9978839153772,
        31.901682616540526,
        21.389699641731795
      ],
      "contour_line_pixels": [
        [
          87,
          177
        ],
        [
          77,
          165
        ],
        [
          70,
          126
        ],
        [
          66,
          116
        ],
        [
          70,
          68
        ],
        [
          70,
          68
        ],
        [
          87,
          51
        ],
        [
          104,
          58
        ],
        [
          120,
          68
        ],
        [
          120,
          68
        ],
        [
          137,
          109
        ],
        [
          141,
          116
        ],
        [
          137,
          165
        ],
        [
          137,
          165
        ],
        [
          120,
          179
        ],
        [
          104,
          179
        ],
        [
          87,
          177
        ]
      ]
    },
    {
      "elevation": 125,
      "elevation_bbox_pixels": [
        61.9191066702042,
        362.9537710347674,
        38.48543053652975,
        24.289931505826317
      ],
      "contour_line_pixels": [
        [
          181,
          512
        ],
        [
          175,
          502
        ],
        [
          171,
          497
        ],
        [
          154,
          463
        ],
        [
          146,
          453
        ],
        [
          137,
          450
        ],
        [
          120,
          435
        ],
        [
          104,
          429
        ],
        [
          87,
          419
        ],
        [
          78,
          405
        ],
        [
          70,
          397
        ],
        [
          53,
          381
        ],
        [
          36,
          357
        ],
        [
          36,
          357
        ],
        [
          19,
          354
        ],
        [
          3,
          353
        ],
        [
          0,
          353
        ]
      ]
    },
    {
      "elevation": 150,
      "elevation_bbox_pixels": [
        157.07684458555875,
        308.1462206066657,
        33.1891747213204,
        20.67580258118437
      ],
      "contour_line_pixels": [
        [
          0,
          234
        ],
        [
          3,
          237
        ],
        [
          19,
          251
        ],
        [
          31,
          261
        ],
        [
          36,
          266
        ],
        [
          53,
          277
        ],
        [
          70,
          292
        ],
        [
          87,
          299
        ],
        [
          103,
          309
        ],
        [
          104,
          309
        ],
        [
          120,
          316
        ],
        [
          137,
          323
        ],
        [
          154,
          333
        ],
        [
          171,
          337
        ],
        [
          188,
          338
        ],
        [
          204,
          333
        ],
        [
          221,
          333
        ],
        [
          238,
          345
        ],
        [
          255,
          357
        ],
        [
          255,
          357
        ],
        [
          272,
          357
        ],
        [
          272,
          357
        ],
        [
          277,
          309
        ],
        [
          272,
          261
        ],
        [
          289,
          213
        ],
        [
          305,
          221
        ],
        [
          322,
          229
        ],
        [
          339,
          231
        ],
        [
          356,
          234
        ],
        [
          373,
          234
        ],
        [
          390,
          236
        ],
        [
          406,
          234
        ],
        [
          423,
          229
        ],
        [
          440,
          221
        ],
        [
          451,
          213
        ],
        [
          457,
          208
        ],
        [
          474,
          202
        ],
        [
          490,
          202
        ],
        [
          507,
          208
        ],
        [
          512,
          210
        ]
      ]
    },
    {
      "elevation": 175,
      "elevation_bbox_pixels": [
        430.086127681588,
        89.03608967609102,
        31.495534670096504,
        17.58736268964867
      ],
      "contour_line_pixels": [
        [
          512,
          76
        ],
        [
          507,
          74
        ],
        [
          499,
          68
        ],
        [
          490,
          64
        ],
        [
          474,
          60
        ],
        [
          457,
          56
        ],
        [
          440,
          49
        ],
        [
          423,
          36
        ],
        [
          406,
          21
        ],
        [
          406,
          20
        ],
        [
          390,
          16
        ],
        [
          373,
          4
        ],
        [
          370,
          0
        ]
      ]
    },
    {
      "elevation": 200,
      "elevation_bbox_pixels": [
        484.99126355510145,
        51.729346769957544,
        36.04672510427076,
        21.247771360720094
      ],
      "contour_line_pixels": [
        [
          512,
          13
        ],
        [
          507,
          7
        ],
        [
          490,
          1
        ],
        [
          487,
          0
        ]
      ]
    }
  ]
}