{
  "image": {
    "path": "N63E016_0330.png",
    "size": {
      "height": 512,
      "width": 512
    }
  },
  "labels": [
    {
      "elevation": 500,
      "elevation_bbox_pixels": [
        220.69329160439918,
        413.04965101632655,
        30.43960646882556,
        19.134939115454614
      ],
      "contour_line_pixels": [
        [
          0,
          416
        ],
        [
          2,
          416
        ],
        [
          23,
          416
        ],
        [
          43,
          416
        ],
        [
          64,
          416
        ],
        [
          84,
          416
        ],
        [
          85,
          416
        ],
        [
          105,
          422
        ],
        [
          105,
          422
        ],
        [
          105,
          422
        ],
        [
          84,
          423
        ],
        [
          64,
          423
        ],
        [
          43,
          423
        ],
        [
          23,
          424
        ],
        [
          2,
          424
        ],
        [
          0,
          424
        ]
      ]
    },
    {
      "elevation": 500,
      "elevation_bbox_pixels": [
        215.4169326273584,
        483.35731655720895,
        55.038055339763105,
        33.07066236528019
      ],
      "contour_line_pixels": [
        [
          16,
          512
        ],
        [
          22,
          509
        ],
        [
          23,
          508
        ],
        [
          43,
          503
        ],
        [
          43,
          503
        ],
        [
          64,
          502
        ],
        [
          84,
          500
        ],
        [
          105,
          499
        ],
        [
          125,
          499
        ],
        [
          146,
          500
        ],
        [
          167,
          500
        ],
        [
          187,
          503
        ],
        [
          208,
          503
        ],
        [
          228,
          503
        ],
        [
          248,
          498
        ],
        [
          248,
          492
        ],
        [
          228,
          491
        ],
        [
          208,
          489
        ],
        [
          204,
          487
        ],
        [
          208,
          484
        ],
        [
          228,
          485
        ],
        [
          249,
          486
        ],
        [
          256,
          487
        ],
        [
          269,
          492
        ],
        [
          290,
          492
        ],
        [
          291,
          492
        ],
        [
          311,
          498
        ],
        [
          311,
          498
        ],
        [
          311,
          498
        ],
        [
          291,
          503
        ],
        [
          311,
          508
        ],
        [
          331,
          509
        ],
        [
          352,
          509
        ],
        [
          352,
          509
        ],
        [
          365,
          512
        ]
      ]
    },
    {
      "elevation": 475,
      "elevation_bbox_pixels": [
        249.3027641708912,
        339.2401815778074,
        33.39246304434917,
        17.34526480965576
      ],
      "contour_line_pixels": []
    },
    {
      "elevation": 425,
      "elevation_bbox_pixels": [
        245.0320375688455,
        228.54369461322756,
        43.06710368336769,
        26.10826381222637
      ],
      "contour_line_pixels": []
    },
    {
      "elevation": 400,
      "elevation_bbox_pixels": [
        222.77002005174955,
        146.60636193763867,
        39.24565021740398,
        23.296151121404364
      ],
      "contour_line_pixels": []
    },
    {
      "elevation": 375,
      "elevation_bbox_pixels": [
        236.4953219468907,
        46.11508647637777,
        38.824840870898726,
        21.83634340122603
      ],
      "contour_line_pixels": []
    }
  ]
}