{
  "image": {
    "path": "N63E016_0312.png",
    "size": {
      "height": 512,
      "width": 512
    }
  },
  "labels": [
    {
      "elevation": 375,
      "elevation_bbox_pixels": [
        244.13736310706565,
        201.04284333900011,
        32.63773235345775,
        18.464990590299976
      ],
      "contour_line_pixels": [
        [
          512,
          217
        ],
        [
          503,
          217
        ],
        [
          191,
          201
        ],
        [
          71,
          194
        ],
        [
          0,
          187
        ]
      ]
    },
    {
      "elevation": 350,
      "elevation_bbox_pixels": [
        227.15158395386473,
        239.65489214731434,
        52.679290298746224,
        27.22685715224486
      ],
      "contour_line_pixels": [
        [
          512,
          268
        ],
        [
          503,
          268
        ],
        [
          191,
          253
        ],
        [
          35,
          249
        ],
        [
          0,
          248
        ]
      ]
    }
  ]
}