{
  "image": {
    "path": "N63E016_1355.png",
    "size": {
      "height": 512,
      "width": 512
    }
  },
  "labels": [
    {
      "elevation": 275,
      "elevation_bbox_pixels": [
        151.19216686839334,
        62.347063074782795,
        44.37232340109807,
        25.61993092957823
      ],
      "contour_line_pixels": []
    },
    {
      "elevation": 250,
      "elevation_bbox_pixels": [
        222.81623376429138,
        97.17240542695896,
        56.10400039209753,
        31.787387887741602
      ],
      "contour_line_pixels": []
    },
    {
      "elevation": 225,
      "elevation_bbox_pixels": [
        235.34308263804996,
        177.3842090187124,
        38.48543053652975,
        24.289931505826303
      ],
      "contour_line_pixels": []
    },
    {
      "elevation": 200,
      "elevation_bbox_pixels": [
        223.13494161691798,
        368.5204050910596,
        33.311825493626685,
        20.699922864198243
      ],
      "contour_line_pixels": []
    }
  ]
}