{
  "image": {
    "path": "N63E016_0867.png",
    "size": {
      "height": 512,
      "width": 512
    }
  },
  "labels": [
    {
      "elevation": 400,
      "elevation_bbox_pixels": [
        236.60781839573326,
        329.16133639286454,
        50.456687897755046,
        29.983466403089608
      ],
      "contour_line_pixels": [
        [
          0,
          340
        ],
        [
          57,
          337
        ],
        [
          139,
          338
        ],
        [
          221,
          343
        ],
        [
          303,
          345
        ],
        [
          385,
          350
        ],
        [
          402,
          352
        ],
        [
          467,
          363
        ],
        [
          512,
          368
        ]
      ]
    },
    {
      "elevation": 375,
      "elevation_bbox_pixels": [
        220.08556964359238,
        268.52848298074423,
        50.56430487206225,
        32.67611764986583
      ],
      "contour_line_pixels": [
        [
          0,
          272
        ],
        [
          57,
          273
        ],
        [
          139,
          275
        ],
        [
          151,
          277
        ],
        [
          221,
          288
        ],
        [
          303,
          293
        ],
        [
          385,
          301
        ],
        [
          467,
          309
        ],
        [
          502,
          314
        ],
        [
          512,
          316
        ]
      ]
    },
    {
      "elevation": 350,
      "elevation_bbox_pixels": [
        230.1443108898207,
        218.82080261262593,
        29.324659927521566,
        16.502816413669052
      ],
      "contour_line_pixels": [
        [
          0,
          224
        ],
        [
          57,
          223
        ],
        [
          139,
          225
        ],
        [
          221,
          228
        ],
        [
          303,
          235
        ],
        [
          336,
          240
        ],
        [
          385,
          247
        ],
        [
          467,
          258
        ],
        [
          512,
          264
        ]
      ]
    },
    {
      "elevation": 325,
      "elevation_bbox_pixels": [
        264.5239073072165,
        169.6051394504144,
        28.378720648409626,
        13.55843504841937
      ],
      "contour_line_pixels": [
        [
          0,
          160
        ],
        [
          57,
          161
        ],
        [
          98,
          165
        ],
        [
          139,
          167
        ],
        [
          221,
          170
        ],
        [
          303,
          173
        ],
        [
          385,
          177
        ],
        [
          467,
          184
        ],
        [
          512,
          190
        ]
      ]
    }
  ]
}