{
  "image": {
    "path": "N63E016_0357.png",
    "size": {
      "height": 512,
      "width": 512
    }
  },
  "labels": [
    {
      "elevation": 450,
      "elevation_bbox_pixels": [
        251.55081882645567,
        473.76600993306704,
        31.19820748786526,
        19.102870430362376
      ],
      "contour_line_pixels": []
    },
    {
      "elevation": 425,
      "elevation_bbox_pixels": [
        285.5414764210142,
        275.9045764604455,
        24.12627501829479,
        15.355884528092588
      ],
      "contour_line_pixels": []
    },
    {
      "elevation": 400,
      "elevation_bbox_pixels": [
        196.24710000430878,
        82.45447809522068,
        58.025618630299505,
        36.00609066769425
      ],
      "contour_line_pixels": [
        [
          103,
          0
        ],
        [
          126,
          18
        ],
        [
          127,
          19
        ],
        [
          151,
          45
        ],
        [
          126,
          65
        ],
        [
          121,
          71
        ],
        [
          126,
          80
        ],
        [
          159,
          97
        ],
        [
          160,
          98
        ],
        [
          192,
          107
        ],
        [
          225,
          107
        ],
        [
          236,
          98
        ],
        [
          242,
          71
        ],
        [
          258,
          58
        ],
        [
          269,
          45
        ],
        [
          258,
          19
        ],
        [
          257,
          19
        ],
        [
          258,
          18
        ],
        [
          281,
          0
        ]
      ]
    }
  ]
}