{
  "image": {
    "path": "N63E016_1683.png",
    "size": {
      "height": 512,
      "width": 512
    }
  },
  "labels": [
    {
      "elevation": 375,
      "elevation_bbox_pixels": [
        254.78007852329813,
        65.94836830385293,
        39.41517386300143,
        20.93057051924461
      ],
      "contour_line_pixels": [
        [
          512,
          61
        ],
        [
          503,
          61
        ],
        [
          498,
          69
        ],
        [
          493,
          77
        ],
        [
          484,
          81
        ],
        [
          466,
          83
        ],
        [
          447,
          84
        ],
        [
          429,
          83
        ],
        [
          410,
          82
        ],
        [
          391,
          80
        ],
        [
          373,
          79
        ],
        [
          354,
          77
        ],
        [
          354,
          77
        ],
        [
          336,
          72
        ],
        [
          323,
          69
        ],
        [
          317,
          67
        ],
        [
          299,
          64
        ],
        [
          285,
          61
        ],
        [
          280,
          59
        ],
        [
          262,
          56
        ],
        [
          243,
          54
        ],
        [
          238,
          53
        ],
        [
          225,
          50
        ],
        [
          206,
          47
        ],
        [
          192,
          45
        ],
        [
          187,
          43
        ],
        [
          169,
          39
        ],
        [
          150,
          37
        ],
        [
          144,
          37
        ],
        [
          132,
          34
        ],
        [
          113,
          32
        ],
        [
          95,
          30
        ],
        [
          76,
          29
        ],
        [
          58,
          30
        ],
        [
          39,
          32
        ],
        [
          20,
          33
        ],
        [
          2,
          37
        ],
        [
          2,
          37
        ],
        [
          0,
          37
        ]
      ]
    },
    {
      "elevation": 300,
      "elevation_bbox_pixels": [
        224.63743838308002,
        267.21364357378525,
        41.55050266348698,
        24.70426178238904
      ],
      "contour_line_pixels": []
    },
    {
      "elevation": 325,
      "elevation_bbox_pixels": [
        187.72008678369394,
        66.17183778753878,
        61.532970016561535,
        32.87853180654531
      ],
      "contour_line_pixels": []
    },
    {
      "elevation": 425,
      "elevation_bbox_pixels": [
        191.0301753823362,
        494.67792606026194,
        35.66816950151542,
        19.084416985776627
      ],
      "contour_line_pixels": [
        [
          0,
          496
        ],
        [
          2,
          497
        ],
        [
          11,
          503
        ],
        [
          2,
          507
        ],
        [
          0,
          508
        ]
      ]
    },
    {
      "elevation": 400,
      "elevation_bbox_pixels": [
        197.87391309881292,
        446.5736808747422,
        25.570191073896126,
        15.507195079997906
      ],
      "contour_line_pixels": []
    },
    {
      "elevation": 375,
      "elevation_bbox_pixels": [
        256.7332678372934,
        430.8668544795861,
        43.331649504015786,
        23.55630003371585
      ],
      "contour_line_pixels": [
        [
          0,
          365
        ],
        [
          2,
          365
        ],
        [
          20,
          366
        ],
        [
          39,
          366
        ],
        [
          58,
          366
        ],
        [
          76,
          366
        ],
        [
          95,
          366
        ],
        [
          95,
          366
        ],
        [
          113,
          368
        ],
        [
          132,
          368
        ],
        [
          150,
          368
        ],
        [
          169,
          368
        ],
        [
          187,
          371
        ],
        [
          206,
          373
        ],
        [
          225,
          374
        ],
        [
          225,
          375
        ],
        [
          243,
          380
        ],
        [
          262,
          383
        ],
        [
          262,
          383
        ],
        [
          280,
          388
        ],
        [
          289,
          391
        ],
        [
          299,
          393
        ],
        [
          317,
          399
        ],
        [
          317,
          399
        ],
        [
          327,
          407
        ],
        [
          336,
          411
        ],
        [
          345,
          415
        ],
        [
          354,
          423
        ],
        [
          355,
          423
        ],
        [
          355,
          431
        ],
        [
          373,
          439
        ],
        [
          373,
          439
        ],
        [
          373,
          447
        ],
        [
          391,
          455
        ],
        [
          392,
          455
        ],
        [
          401,
          463
        ],
        [
          401,
          471
        ],
        [
          392,
          479
        ],
        [
          391,
          479
        ],
        [
          382,
          487
        ],
        [
          373,
          490
        ],
        [
          355,
          495
        ],
        [
          354,
          495
        ],
        [
          336,
          499
        ],
        [
          318,
          503
        ],
        [
          317,
          503
        ],
        [
          299,
          511
        ],
        [
          299,
          512
        ],
        [
          298,
          512
        ]
      ]
    }
  ]
}