{
  "image": {
    "path": "N63E016_0899.png",
    "size": {
      "height": 512,
      "width": 512
    }
  },
  "labels": [
    {
      "elevation": 300,
      "elevation_bbox_pixels": [
        255.88355661523403,
        485.5505365030418,
        43.318788946474825,
        20.316918063993114
      ],
      "contour_line_pixels": [
        [
          271,
          512
        ],
        [
          271,
          507
        ],
        [
          271,
          492
        ],
        [
          271,
          492
        ],
        [
          279,
          492
        ],
        [
          279,
          492
        ],
        [
          287,
          502
        ],
        [
          289,
          507
        ],
        [
          289,
          512
        ]
      ]
    },
    {
      "elevation": 300,
      "elevation_bbox_pixels": [
        298.6289674478379,
        -6.511204340557811,
        28.5484548600391,
        15.092269763010052
      ],
      "contour_line_pixels": []
    },
    {
      "elevation": 275,
      "elevation_bbox_pixels": [
        56.69230086049035,
        411.9211047376684,
        50.3785589784157,
        30.71077599447392
      ],
      "contour_line_pixels": [
        [
          0,
          208
        ],
        [
          4,
          212
        ],
        [
          13,
          216
        ],
        [
          13,
          216
        ],
        [
          21,
          223
        ],
        [
          29,
          231
        ],
        [
          30,
          231
        ],
        [
          38,
          241
        ],
        [
          42,
          246
        ],
        [
          46,
          254
        ],
        [
          50,
          262
        ],
        [
          54,
          269
        ],
        [
          63,
          277
        ],
        [
          63,
          277
        ],
        [
          71,
          292
        ],
        [
          71,
          292
        ],
        [
          79,
          307
        ],
        [
          80,
          308
        ],
        [
          79,
          323
        ],
        [
          79,
          323
        ],
        [
          77,
          338
        ],
        [
          71,
          354
        ],
        [
          71,
          354
        ],
        [
          63,
          369
        ],
        [
          63,
          369
        ],
        [
          55,
          384
        ],
        [
          54,
          385
        ],
        [
          50,
          400
        ],
        [
          46,
          415
        ],
        [
          46,
          415
        ],
        [
          42,
          430
        ],
        [
          46,
          445
        ],
        [
          46,
          446
        ],
        [
          54,
          453
        ],
        [
          63,
          453
        ],
        [
          71,
          453
        ],
        [
          79,
          453
        ],
        [
          88,
          446
        ],
        [
          88,
          446
        ],
        [
          96,
          430
        ],
        [
          96,
          430
        ],
        [
          99,
          415
        ],
        [
          104,
          405
        ],
        [
          106,
          400
        ],
        [
          113,
          397
        ],
        [
          121,
          397
        ],
        [
          129,
          396
        ],
        [
          138,
          396
        ],
        [
          146,
          395
        ],
        [
          154,
          396
        ],
        [
          163,
          398
        ],
        [
          171,
          400
        ],
        [
          171,
          400
        ],
        [
          179,
          402
        ],
        [
          188,
          405
        ],
        [
          196,
          410
        ],
        [
          201,
          415
        ],
        [
          204,
          423
        ],
        [
          208,
          430
        ],
        [
          213,
          445
        ],
        [
          213,
          446
        ],
        [
          221,
          456
        ],
        [
          229,
          461
        ],
        [
          238,
          458
        ],
        [
          246,
          455
        ],
        [
          254,
          449
        ],
        [
          258,
          446
        ],
        [
          262,
          444
        ],
        [
          271,
          441
        ],
        [
          279,
          438
        ],
        [
          287,
          437
        ],
        [
          296,
          439
        ],
        [
          304,
          441
        ],
        [
          310,
          446
        ],
        [
          312,
          451
        ],
        [
          317,
          461
        ],
        [
          316,
          476
        ],
        [
          316,
          492
        ],
        [
          312,
          501
        ],
        [
          309,
          507
        ],
        [
          309,
          512
        ]
      ]
    },
    {
      "elevation": 275,
      "elevation_bbox_pixels": [
        315.9453384591786,
        96.54579585472231,
        30.860713353375672,
        19.48666536606629
      ],