{
  "image": {
    "path": "N63E016_0120.png",
    "size": {
      "height": 512,
      "width": 512
    }
  },
  "labels": [
    {
      "elevation": 400,
      "elevation_bbox_pixels": [
        425.0041840425778,
        62.13310175785591,
        34.51140978884109,
        22.72718673896452
      ],
      "contour_line_pixels": []
    },
    {
      "elevation": 400,
      "elevation_bbox_pixels": [
        464.8923472156375,
        163.7401993444103,
        57.25557405683685,
        35.7535469086082
      ],
      "contour_line_pixels": [
        [
          512,
          266
        ],
        [
          507,
          258
        ],
        [
          504,
          247
        ],
        [
          498,
          231
        ],
        [
          494,
          220
        ],
        [
          489,
          202
        ],
        [
          488,
          193
        ],
        [
          488,
          166
        ],
        [
          489,
          163
        ],
        [
          498,
          145
        ],
        [
          501,
          139
        ],
        [
          507,
          132
        ],
        [
          512,
          129
        ]
      ]
    },
    {
      "elevation": 400,
      "elevation_bbox_pixels": [
        180.62989177241923,
        230.77211447668486,
        30.051694175142302,
        18.45480494707374
      ],
      "contour_line_pixels": [
        [
          228,
          438
        ],
        [
          219,
          443
        ],
        [
          210,
          446
        ],
        [
          201,
          443
        ],
        [
          197,
          438
        ],
        [
          192,
          422
        ],
        [
          189,
          411
        ],
        [
          188,
          384
        ],
        [
          183,
          357
        ],
        [
          183,
          356
        ],
        [
          179,
          329
        ],
        [
          180,
          302
        ],
        [
          182,
          275
        ],
        [
          183,
          271
        ],
        [
          191,
          247
        ],
        [
          192,
          243
        ],
        [
          201,
          220
        ],
        [
          201,
          220
        ],
        [
          210,
          193
        ],
        [
          210,
          166
        ],
        [
          210,
          166
        ],
        [
          219,
          163
        ],
        [
          228,
          163
        ],
        [
          237,
          166
        ],
        [
          237,
          166
        ],
        [
          246,
          175
        ],
        [
          255,
          188
        ],
        [
          264,
          193
        ],
        [
          264,
          193
        ],
        [
          273,
          198
        ],
        [
          282,
          205
        ],
        [
          291,
          214
        ],
        [
          300,
          220
        ],
        [
          300,
          220
        ],
        [
          308,
          247
        ],
        [
          309,
          252
        ],
        [
          314,
          275
        ],
        [
          313,
          302
        ],
        [
          313,
          329
        ],
        [
          313,
          356
        ],
        [
          309,
          384
        ],
        [
          318,
          402
        ],
        [
          327,
          411
        ],
        [
          327,
          411
        ],
        [
          327,
          438
        ],
        [
          327,
          438
        ],
        [
          318,
          438
        ],
        [
          318,
          438
        ],
        [
          309,
          411
        ],
        [
          309,
          411
        ],
        [
          300,
          393
        ],
        [
          291,
          395
        ],
        [
          282,
          402
        ],
        [
          273,
          408
        ],
        [
          264,
          411
        ],
        [
          264,
          411
        ],
        [
          255,
          415
        ],
        [
          246,
          429
        ],
        [
          237,
          437
        ],
        [
          228,
          438
        ],
        [
          228,
          438
        ]
      ]
    },
    {
      "elevation": 400,
      "elevation_bbox_pixels": [
        324.4436758467665,
        409.5032870288964,
        54.92700212553041,
        28.804163971631255
      ],
      "contour_line_pixels": [
        [
          390,
          493
        ],
        [
          381,
          494
        ],
        [
          372,
          494
        ],
        [
          363,
          493
        ],
        [
          354,
          493
        ],
        [
          354,
          493
        ],
        [
          345,
          466
        ],
        [
          345,
          465
        ],
        [
          345,
          465
        ],
        [
          354,
          465
        ],
        [
          363,
          463
        ],
        [
          372,
          461
        ],
        [
          381,
          463
        ],
        [
          390,
          465
        ],
        [
          390,
          465
        ],
        [
          390,
          493
        ],
        [
          390,
          493
        ]
      ]
    },
    {
      "elevation": 350,
      "elevation_bbox_pixels": [
        126.10398328635222,
        263.22281936263425,
        28.056305055232542,
        17.787048746165908
      ],
      "contour_line_pixels": []
    },
    {
      "elevation": 325,
      "elevation_bbox_pixels": [
        30.670467187687265,
        110.1570083431522,
        48.96112387375538,
        28.114136833679936
      ],
      "contour_line_pixels": []
    },
    {
      "elevation": 300,
      "elevation_bbox_pixels": [
        40.60287261655895,
        206.3310224693194,
        54.69420447286701,
        28.555591887809328
      ],
      "contour_line_pixels": []
    }
  ]
}