{
  "image": {
    "path": "N63E016_0659.png",
    "size": {
      "height": 512,
      "width": 512
    }
  },
  "labels": [
    {
      "elevation": 375,
      "elevation_bbox_pixels": [
        161.01199336002963,
        307.1893050057565,
        47.967063724425884,
        24.723939131622558
      ],
      "contour_line_pixels": [
        [
          0,
          316
        ],
        [
          4,
          315
        ],
        [
          4,
          315
        ],
        [
          19,
          313
        ],
        [
          33,
          310
        ],
        [
          47,
          307
        ],
        [
          61,
          304
        ],
        [
          75,
          303
        ],
        [
          89,
          305
        ],
        [
          103,
          308
        ],
        [
          117,
          311
        ],
        [
          131,
          315
        ],
        [
          131,
          315
        ],
        [
          145,
          322
        ],
        [
          160,
          328
        ],
        [
          174,
          328
        ],
        [
          188,
          330
        ],
        [
          202,
          332
        ],
        [
          216,
          334
        ],
        [
          230,
          331
        ],
        [
          244,
          331
        ],
        [
          258,
          328
        ],
        [
          272,
          324
        ],
        [
          286,
          324
        ],
        [
          301,
          324
        ],
        [
          315,
          328
        ],
        [
          329,
          328
        ],
        [
          343,
          331
        ],
        [
          357,
          334
        ],
        [
          357,
          334
        ],
        [
          371,
          342
        ],
        [
          385,
          347
        ],
        [
          399,
          353
        ],
        [
          399,
          353
        ],
        [
          413,
          361
        ],
        [
          427,
          373
        ],
        [
          428,
          373
        ],
        [
          442,
          380
        ],
        [
          456,
          387
        ],
        [
          463,
          392
        ],
        [
          470,
          397
        ],
        [
          484,
          411
        ],
        [
          484,
          411
        ],
        [
          498,
          430
        ],
        [
          498,
          431
        ],
        [
          498,
          450
        ],
        [
          498,
          469
        ],
        [
          498,
          488
        ],
        [
          498,
          508
        ],
        [
          498,
          512
        ]
      ]
    },
    {
      "elevation": 350,
      "elevation_bbox_pixels": [
        151.70710223822135,
        231.87966655693663,
        37.094580753548485,
        18.975798033444335
      ],
      "contour_line_pixels": [
        [
          0,
          233
        ],
        [
          4,
          233
        ],
        [
          19,
          233
        ],
        [
          33,
          233
        ],
        [
          47,
          234
        ],
        [
          61,
          234
        ],
        [
          75,
          234
        ],
        [
          89,
          238
        ],
        [
          103,
          238
        ],
        [
          103,
          238
        ],
        [
          117,
          242
        ],
        [
          131,
          245
        ],
        [
          145,
          257
        ],
        [
          145,
          257
        ],
        [
          160,
          268
        ],
        [
          174,
          272
        ],
        [
          188,
          271
        ],
        [
          202,
          267
        ],
        [
          216,
          261
        ],
        [
          225,
          257
        ],
        [
          230,
          255
        ],
        [
          244,
          248
        ],
        [
          258,
          244
        ],
        [
          272,
          243
        ],
        [
          286,
          240
        ],
        [
          301,
          240
        ],
        [
          315,
          240
        ],
        [
          329,
          240
        ],
        [
          343,
          240
        ],
        [
          357,
          244
        ],
        [
          371,
          247
        ],
        [
          385,
          251
        ],
        [
          399,
          257
        ],
        [
          399,
          257
        ],
        [
          413,
          263
        ],
        [
          427,
          270
        ],
        [
          442,
          276
        ],
        [
          442,
          276
        ],
        [
          456,
          283
        ],
        [
          470,
          289
        ],
        [
          479,
          296
        ],
        [
          484,
          298
        ],
        [
          498,
          305
        ],
        [
          512,
          312
        ]
      ]
    },
    {
      "elevation": 325,
      "elevation_bbox_pixels": [
        260.2181095216338,
        162.20263671132443,
        25.694518395297564,
        15.951403443651543
      ],
      "contour_line_pixels": [
        [
          0,
          71
        ],
        [
          4,
          74
        ],
        [
          11,
          83
        ],
        [
          19,
          90
        ],
        [
          33,
          102
        ],
        [
          33,
          103
        ],
        [
          47,
          110
        ],
        [
          61,
          114
        ],
        [
          75,
          117
        ],
        [
          82,
          122
        ],
        [
          80,
          141
        ],
        [
          89,
          146
        ],
        [
          103,
          149
        ],
        [
          117,
          149
        ],
        [
          131,
          147
        ],
        [
          145,
          146
        ],
        [
          160,
          145
        ],
        [
          174,
          143
        ],
        [
          181,
          141
        ],
        [
          188,
          138
        ],
        [
          195,
          141
        ],
        [
          202,
          144
        ],
        [
          216,
          153
        ],
        [
          225,
          161
        ],
        [
          230,
          164
        ],
        [
          244,
          168
        ],
        [
          258,
          168
        ],
        [
          272,
          170
        ],
        [
          286,
          170
        ],
        [
          301,
          170
        ],
        [
          315,
          173
        ],
        [
          329,
          177
        ],
        [
          343,
          177
        ],
        [
          357,
          180
        ],
        [
          357,
          180
        ],
        [
          371,
          187
        ],
        [
          385,
          192
        ],
        [
          399,
          196
        ],
        [
          404,
          199
        ],
        [
          413,
          203
        ],
        [
          427,
          207
        ],
        [
          442,
          212
        ],
        [
          452,
          218
        ],
        [
          456,
          220
        ],
        [
          470,
          225
        ],
        [
          484,
          231
        ],
        [
          498,
          238
        ],
        [
          498,
          238
        ],
        [
          512,
          245
        ]
      ]
    },
    {
      "elevation": 300,