{
  "image": {
    "path": "N63E016_1564.png",
    "size": {
      "height": 512,
      "width": 512
    }
  },
  "labels": [
    {
      "elevation": 275,
      "elevation_bbox_pixels": [
        279.35939226174116,
        108.24240426506378,
        29.99455203139746,
        15.743756532967154
      ],
      "contour_line_pixels": [
        [
          512,
          173
        ],
        [
          503,
          172
        ],
        [
          483,
          171
        ],
        [
          470,
          169
        ],
        [
          463,
          167
        ],
        [
          443,
          164
        ],
        [
          424,
          160
        ],
        [
          414,
          158
        ],
        [
          404,
          155
        ],
        [
          384,
          152
        ],
        [
          367,
          147
        ],
        [
          364,
          146
        ],
        [
          344,
          140
        ],
        [
          324,
          137
        ],
        [
          321,
          137
        ],
        [
          324,
          126
        ],
        [
          324,
          126
        ],
        [
          344,
          121
        ],
        [
          364,
          120
        ],
        [
          384,
          120
        ],
        [
          404,
          119
        ],
        [
          423,
          115
        ],
        [
          424,
          115
        ],
        [
          443,
          104
        ],
        [
          443,
          104
        ],
        [
          463,
          93
        ],
        [
          463,
          93
        ],
        [
          483,
          83
        ],
        [
          483,
          82
        ],
        [
          503,
          72
        ],
        [
          483,
          61
        ],
        [
          463,
          61
        ],
        [
          443,
          61
        ],
        [
          443,
          61
        ],
        [
          443,
          50
        ],
        [
          424,
          40
        ],
        [
          423,
          39
        ],
        [
          404,
          34
        ],
        [
          384,
          29
        ],
        [
          383,
          29
        ],
        [
          364,
          23
        ],
        [
          344,
          23
        ],
        [
          324,
          29
        ],
        [
          324,
          29
        ],
        [
          304,
          34
        ],
        [
          284,
          34
        ],
        [
          264,
          36
        ],
        [
          244,
          37
        ],
        [
          224,
          37
        ],
        [
          204,
          36
        ],
        [
          184,
          35
        ],
        [
          164,
          34
        ],
        [
          144,
          29
        ],
        [
          144,
          29
        ],
        [
          125,
          21
        ],
        [
          118,
          18
        ],
        [
          105,
          14
        ],
        [
          85,
          12
        ],
        [
          65,
          10
        ],
        [
          50,
          7
        ],
        [
          45,
          5
        ],
        [
          25,
          1
        ],
        [
          21,
          0
        ]
      ]
    },
    {
      "elevation": 300,
      "elevation_bbox_pixels": [
        243.45088719420687,
        253.3619988911786,
        49.72049121486316,
        30.073757074400646
      ],
      "contour_line_pixels": [
        [
          424,
          299
        ],
        [
          423,
          299
        ],
        [
          404,
          293
        ],
        [
          384,
          288
        ],
        [
          364,
          288
        ],
        [
          363,
          288
        ],
        [
          344,
          283
        ],
        [
          324,
          277
        ],
        [
          324,
          277
        ],
        [
          304,
          266
        ],
        [
          304,
          266
        ],
        [
          297,
          255
        ],
        [
          304,
          255
        ],
        [
          324,
          252
        ],
        [
          344,
          253
        ],
        [
          364,
          254
        ],
        [
          370,
          255
        ],
        [
          384,
          259
        ],
        [
          404,
          266
        ],
        [
          404,
          266
        ],
        [
          406,
          277
        ],
        [
          424,
          288
        ],
        [
          424,
          288
        ],
        [
          424,
          299
        ],
        [
          424,
          299
        ]
      ]
    },
    {
      "elevation": 300,
      "elevation_bbox_pixels": [
        254.34546052591472,
        441.47934582289577,
        44.90577624098509,
        23.583210209705094
      ],
      "contour_line_pixels": [
        [
          0,
          451
        ],
        [
          5,
          451
        ],
        [
          25,
          453
        ],
        [
          45,
          454
        ],
        [
          65,
          454
        ],
        [
          85,
          454
        ],
        [
          105,
          454
        ],
        [
          125,
          454
        ],
        [
          144,
          454
        ],
        [
          164,
          453
        ],
        [
          184,
          452
        ],
        [
          204,
          450
        ],
        [
          204,
          450
        ],
        [
          224,
          450
        ],
        [
          244,
          447
        ],
        [
          264,
          447
        ],
        [
          284,
          447
        ],
        [
          304,
          447
        ],
        [
          324,
          448
        ],
        [
          334,
          450
        ],
        [
          344,
          453
        ],
        [
          364,
          461
        ],
        [
          364,
          461
        ],
        [
          364,
          471
        ],
        [
          364,
          482
        ],
        [
          364,
          482
        ],
        [
          344,
          493
        ],
        [
          344,
          493
        ],
        [
          324,
          493
        ],
        [
          304,
          497
        ],
        [
          284,
          501
        ],
        [
          265,
          504
        ],
        [
          264,
          504
        ],
        [
          249,
          512
        ]
      ]
    },
    {
      "elevation": 275,
      "elevation_bbox_pixels": [
        235.4011230508266,
        218.8894046041009,
        41.364243651113014,
        24.835198772360968
      ],
      "contour_line_pixels": []
    },
    {
      "elevation": 250,
      "elevation_bbox_pixels": [
        196.53565838771695,
        46.138770813172584,
        38.09774156109319,
        18.20727130900343
      ],
      "contour_line_pixels": []
    }
  ]
}