{
  "image": "N63E016_r06_c14.png",
  "image_size": [
    512,
    512
  ],
  "labels": [
    {
      "elevation": 225,
      "bbox_pixels": [
        263.550842171333,
        306.15996015863493,
        39.1875,
        18.0
      ],
      "bbox_normalized": [
        0.5147477386158847,
        0.5979686721848338,
        0.0765380859375,
        0.03515625
      ]
    },
    {
      "elevation": 225,
      "bbox_pixels": [
        252.7232373613706,
        331.1366781438337,
        39.1875,
        18.0
      ],
      "bbox_normalized": [
        0.49360007297142694,
        0.6467513244996752,
        0.0765380859375,
        0.03515625
      ]
    }
  ]
}