{
  "image": "N63E016_r05_c14.png",
  "image_size": [
    512,
    512
  ],
  "labels": [
    {
      "elevation": 275,
      "bbox_pixels": [
        291.6723170936825,
        364.6729358738012,
        39.1875,
        18.0
      ],
      "bbox_normalized": [
        0.5696724943235987,
        0.7122518278785179,
        0.0765380859375,
        0.03515625
      ]
    },
    {
      "elevation": 200,
      "bbox_pixels": [
        243.61998547252915,
        320.28604164588614,
        39.0625,
        18.0
      ],
      "bbox_normalized": [
        0.4758202841260335,
        0.6255586750896214,
        0.0762939453125,
        0.03515625
      ]
    },
    {
      "elevation": 225,
      "bbox_pixels": [
        219.19811095154773,
        226.83160099622182,
        39.1875,
        18.0
      ],
      "bbox_normalized": [
        0.42812131045224167,
        0.44303047069574575,
        0.0765380859375,
        0.03515625
      ]
    },
    {
      "elevation": 250,
      "bbox_pixels": [
        177.78011326670548,
        183.13722072069504,
        39.125,
        18.0
      ],
      "bbox_normalized": [
        0.34722678372403415,
        0.3576898842201075,
        0.076416015625,
        0.03515625
      ]
    }
  ]
}