{
  "image": "N63E016_r04_c11.png",
  "image_size": [
    512,
    512
  ],
  "labels": [
    {
      "elevation": 400,
      "bbox_pixels": [
        318.9132137005645,
        318.35258111912117,
        39.0,
        18.0
      ],
      "bbox_normalized": [
        0.622877370508915,
        0.6217823849982835,
        0.076171875,
        0.03515625
      ]
    },
    {
      "elevation": 400,
      "bbox_pixels": [
        328.64454162405036,
        356.48748516044,
        39.0,
        18.0
      ],
      "bbox_normalized": [
        0.6418838703594734,
        0.6962646194539843,
        0.076171875,
        0.03515625
      ]
    },
    {
      "elevation": 350,
      "bbox_pixels": [
        240.23095071704302,
        198.50730893098807,
        39.125,
        18.0
      ],
      "bbox_normalized": [
        0.46920107561922464,
        0.3877095877558361,
        0.076416015625,
        0.03515625
      ]
    },
    {
      "elevation": 300,
      "bbox_pixels": [
        405.4506830560431,
        434.6947941258841,
        39.0625,
        18.0
      ],
      "bbox_normalized": [
        0.7918958653438342,
        0.8490132697771173,
        0.0762939453125,
        0.03515625
      ]
    }
  ]
}