{
  "image": "N63E016_r00_c14.png",
  "image_size": [
    512,
    512
  ],
  "labels": [
    {
      "elevation": 400,
      "bbox_pixels": [
        364.74417926994647,
        360.36731080606114,
        39.0,
        18.0
      ],
      "bbox_normalized": [
        0.7123909751366142,
        0.7038424039180882,
        0.076171875,
        0.03515625
      ]
    },
    {
      "elevation": 225,
      "bbox_pixels": [
        137.12485332270262,
        173.78878319445357,
        39.1875,
        18.0
      ],
      "bbox_normalized": [
        0.26782197914590355,
        0.33943121717666713,
        0.0765380859375,
        0.03515625
      ]
    },
    {
      "elevation": 250,
      "bbox_pixels": [
        448.73629103062194,
        306.8035049980099,
        39.125,
        18.0
      ],
      "bbox_normalized": [
        0.8764380684191835,
        0.5992255956992381,
        0.076416015625,
        0.03515625
      ]
    },
    {
      "elevation": 300,
      "bbox_pixels": [
        379.7423574229397,
        325.57215179729974,
        39.0625,
        18.0
      ],
      "bbox_normalized": [
        0.741684291841679,
        0.635883108979101,
        0.0762939453125,
        0.03515625
      ]
    }
  ]
}