{
  "image": "N63E016_r08_c15.png",
  "image_size": [
    512,
    512
  ],
  "labels": [
    {
      "elevation": 300,
      "bbox_pixels": [
        307.568063185307,
        284.6351877113557,
        39.0625,
        18.0
      ],
      "bbox_normalized": [
        0.6007188734088027,
        0.5559281009987416,
        0.0762939453125,
        0.03515625
      ]
    },
    {
      "elevation": 175,
      "bbox_pixels": [
        314.3102889414313,
        215.8279267376056,
        39.1875,
        18.0
      ],
      "bbox_normalized": [
        0.613887283088733,
        0.4215389194093859,
        0.0765380859375,
        0.03515625
      ]
    },
    {
      "elevation": 200,
      "bbox_pixels": [
        333.1171435579581,
        330.97004250378086,
        39.0625,
        18.0
      ],
      "bbox_normalized": [
        0.650619421011637,
        0.646425864265197,
        0.0762939453125,
        0.03515625
      ]
    },
    {
      "elevation": 250,
      "bbox_pixels": [
        180.0471951939121,
        183.37085627110355,
        39.125,
        18.0
      ],
      "bbox_normalized": [
        0.3516546781131096,
        0.3581462036544991,
        0.076416015625,
        0.03515625
      ]
    }
  ]
}