{
  "image": "N63E016_r09_c01.png",
  "image_size": [
    512,
    512
  ],
  "labels": [
    {
      "elevation": 450,
      "bbox_pixels": [
        166.79945743650023,
        6.46863781416323,
        39.0625,
        18.0
      ],
      "bbox_normalized": [
        0.3257801903056645,
        0.01263405823078756,
        0.0762939453125,
        0.03515625
      ]
    },
    {
      "elevation": 425,
      "bbox_pixels": [
        136.04404659572901,
        34.56711740442552,
        39.125,
        18.0
      ],
      "bbox_normalized": [
        0.26571102850728323,
        0.06751390118051859,
        0.076416015625,
        0.03515625
      ]
    },
    {
      "elevation": 450,
      "bbox_pixels": [
        179.52373385394822,
        68.5757913551497,
        39.0625,
        18.0
      ],
      "bbox_normalized": [
        0.3506322926834926,
        0.13393709249052677,
        0.0762939453125,
        0.03515625
      ]
    },
    {
      "elevation": 375,
      "bbox_pixels": [
        231.0247791109723,
        92.37752270391502,
        39.1875,
        18.0
      ],
      "bbox_normalized": [
        0.4512202717011178,
        0.18042484903108402,
        0.0765380859375,
        0.03515625
      ]
    }
  ]
}