{
  "image": "N63E016_r08_c09.png",
  "image_size": [
    512,
    512
  ],
  "labels": [
    {
      "elevation": 250,
      "bbox_pixels": [
        237.98893817190992,
        283.4589598515304,
        39.125,
        18.0
      ],
      "bbox_normalized": [
        0.46482214486701157,
        0.5536307809600203,
        0.076416015625,
        0.03515625
      ]
    },
    {
      "elevation": 300,
      "bbox_pixels": [
        250.1551528054315,
        478.9805935191107,
        39.0625,
        18.0
      ],
      "bbox_normalized": [
        0.4885842828231084,
        0.9355089717170131,
        0.0762939453125,
        0.03515625
      ]
    },
    {
      "elevation": 225,
      "bbox_pixels": [
        282.96149231310665,
        269.451613664678,
        39.1875,
        18.0
      ],
      "bbox_normalized": [
        0.5526591646740364,
        0.5262726829388242,
        0.0765380859375,
        0.03515625
      ]
    },
    {
      "elevation": 275,
      "bbox_pixels": [
        234.34735830830732,
        317.4590043024,
        39.1875,
        18.0
      ],
      "bbox_normalized": [
        0.45770968419591274,
        0.620037117778125,
        0.0765380859375,
        0.03515625
      ]
    }
  ]
}