{
  "image": "N63E016_r08_c18.png",
  "image_size": [
    512,
    512
  ],
  "labels": [
    {
      "elevation": 225,
      "bbox_pixels": [
        338.655116098681,
        278.4879082105617,
        39.1875,
        18.0
      ],
      "bbox_normalized": [
        0.6614357736302363,
        0.5439216957237534,
        0.0765380859375,
        0.03515625
      ]
    },
    {
      "elevation": 125,
      "bbox_pixels": [
        335.0784113654172,
        305.86645445538306,
        39.1875,
        18.0
      ],
      "bbox_normalized": [
        0.6544500221980805,
        0.59739541885817,
        0.0765380859375,
        0.03515625
      ]
    },
    {
      "elevation": 200,
      "bbox_pixels": [
        307.4720897379898,
        237.23459943156922,
        39.0625,
        18.0
      ],
      "bbox_normalized": [
        0.6005314252695113,
        0.46334882701478364,
        0.0762939453125,
        0.03515625
      ]
    },
    {
      "elevation": 200,
      "bbox_pixels": [
        253.41796627891654,
        332.97178513581457,
        39.0625,
        18.0
      ],
      "bbox_normalized": [
        0.49495696538850886,
        0.6503355178433878,
        0.0762939453125,
        0.03515625
      ]
    }
  ]
}