{
  "image": "N63E016_r08_c16.png",
  "image_size": [
    512,
    512
  ],
  "labels": [
    {
      "elevation": 250,
      "bbox_pixels": [
        312.93875033691484,
        285.44311284978176,
        39.125,
        18.0
      ],
      "bbox_normalized": [
        0.6112084967517868,
        0.55750607978473,
        0.076416015625,
        0.03515625
      ]
    },
    {
      "elevation": 150,
      "bbox_pixels": [
        313.6159241416085,
        240.72042104670982,
        39.125,
        18.0
      ],
      "bbox_normalized": [
        0.6125311018390791,
        0.4701570723568551,
        0.076416015625,
        0.03515625
      ]
    },
    {
      "elevation": 200,
      "bbox_pixels": [
        216.93946047439886,
        159.35833846627065,
        39.0625,
        18.0
      ],
      "bbox_normalized": [
        0.42370988373906027,
        0.31124675481693487,
        0.0762939453125,
        0.03515625
      ]
    },
    {
      "elevation": 225,
      "bbox_pixels": [
        280.3864071647299,
        332.38188166030886,
        39.1875,
        18.0
      ],
      "bbox_normalized": [
        0.5476297014936131,
        0.6491833626177907,
        0.0765380859375,
        0.03515625
      ]
    }
  ]
}