{
  "image": "N63E016_r05_c16.png",
  "image_size": [
    512,
    512
  ],
  "labels": [
    {
      "elevation": 150,
      "bbox_pixels": [
        298.06377585599967,
        290.7707623135502,
        39.125,
        18.0
      ],
      "bbox_normalized": [
        0.5821558122187493,
        0.5679116451436528,
        0.076416015625,
        0.03515625
      ]
    },
    {
      "elevation": 250,
      "bbox_pixels": [
        333.89972577819844,
        326.05515052430565,
        39.125,
        18.0
      ],
      "bbox_normalized": [
        0.6521479019105438,
        0.6368264658677845,
        0.076416015625,
        0.03515625
      ]
    },
    {
      "elevation": 150,
      "bbox_pixels": [
        316.8290491827638,
        367.42809277941706,
        39.125,
        18.0
      ],
      "bbox_normalized": [
        0.6188067366850856,
        0.7176329937097989,
        0.076416015625,
        0.03515625
      ]
    },
    {
      "elevation": 150,
      "bbox_pixels": [
        155.27899625562986,
        119.66855036409106,
        39.125,
        18.0
      ],
      "bbox_normalized": [
        0.3032792895617771,
        0.23372763742986535,
        0.076416015625,
        0.03515625
      ]
    }
  ]
}