{
  "image": "N63E016_r06_c12.png",
  "image_size": [
    512,
    512
  ],
  "labels": [
    {
      "elevation": 275,
      "bbox_pixels": [
        229.881093345517,
        294.0293592968883,
        39.1875,
        18.0
      ],
      "bbox_normalized": [
        0.4489865104404629,
        0.5742760923767349,
        0.0765380859375,
        0.03515625
      ]
    },
    {
      "elevation": 125,
      "bbox_pixels": [
        231.72260766035288,
        322.6576476710907,
        39.1875,
        18.0
      ],
      "bbox_normalized": [
        0.4525832180866267,
        0.630190718107599,
        0.0765380859375,
        0.03515625
      ]
    },
    {
      "elevation": 150,
      "bbox_pixels": [
        266.4178881261696,
        369.94712244834227,
        39.125,
        18.0
      ],
      "bbox_normalized": [
        0.520347437746425,
        0.7225529735319185,
        0.076416015625,
        0.03515625
      ]
    },
    {
      "elevation": 175,
      "bbox_pixels": [
        182.90243321203343,
        199.48702884321392,
        39.1875,
        18.0
      ],
      "bbox_normalized": [
        0.3572313148672528,
        0.3896231032094022,
        0.0765380859375,
        0.03515625
      ]
    }
  ]
}